Batch_ID,Product,Production_Line,Batch_Date,Month_Year,Quarter,Shift,Supervisor,Batch_Size_kg,Raw_Material_Lot,Batch_Status,QC_Release_Date
BCH-2022-0001,Jackfruit Chips,Line A,2022-01-03 00:00:00,Jan-2022,Q1-2022,Morning,Ramesh K.,454.7,RM-2000,Hold – OOS,
BCH-2022-0002,Okra Chips,Line B,2022-01-04 00:00:00,Jan-2022,Q1-2022,Afternoon,Priya S.,559.5,RM-2001,Released,2022-01-06 00:00:00
BCH-2022-0003,Roasted Corn,Line C,2022-01-05 00:00:00,Jan-2022,Q1-2022,Night,Anand M.,553.2,RM-2002,Released,2022-01-06 00:00:00
BCH-2022-0004,Chickpea Snacks,Line D,2022-01-06 00:00:00,Jan-2022,Q1-2022,Morning,Sagar A.,292.4,RM-2003,Released,2022-01-09 00:00:00
BCH-2022-0005,Banana Chips,Line E,2022-01-07 00:00:00,Jan-2022,Q1-2022,Afternoon,Divya N.,305.4,RM-2004,Released,2022-01-08 00:00:00
BCH-2022-0006,Sweet Potato Chips,Line F,2022-01-08 00:00:00,Jan-2022,Q1-2022,Night,Karthik V.,618.7,RM-2005,Released,2022-01-10 00:00:00
BCH-2022-0007,Masala Peanuts,Line A,2022-01-13 00:00:00,Jan-2022,Q1-2022,Morning,Meena R.,394.6,RM-2006,Released,2022-01-15 00:00:00
BCH-2022-0008,Tapioca Crisps,Line B,2022-01-14 00:00:00,Jan-2022,Q1-2022,Afternoon,Suresh B.,393.9,RM-2007,Released,2022-01-15 00:00:00
BCH-2022-0009,Jackfruit Chips,Line C,2022-01-15 00:00:00,Jan-2022,Q1-2022,Night,Ramesh K.,208.5,RM-2008,Released,2022-01-18 00:00:00
BCH-2022-0010,Okra Chips,Line D,2022-01-16 00:00:00,Jan-2022,Q1-2022,Morning,Priya S.,270.4,RM-2009,Released,2022-01-19 00:00:00
BCH-2022-0011,Roasted Corn,Line E,2022-01-17 00:00:00,Jan-2022,Q1-2022,Afternoon,Anand M.,538.6,RM-2010,Released,2022-01-19 00:00:00
BCH-2022-0012,Chickpea Snacks,Line F,2022-01-19 00:00:00,Jan-2022,Q1-2022,Night,Sagar A.,430.6,RM-2011,Hold – OOS,
BCH-2022-0013,Banana Chips,Line A,2022-01-26 00:00:00,Jan-2022,Q1-2022,Morning,Divya N.,497.5,RM-2012,Released,2022-01-27 00:00:00
BCH-2022-0014,Sweet Potato Chips,Line B,2022-01-27 00:00:00,Jan-2022,Q1-2022,Afternoon,Karthik V.,500.8,RM-2013,Released,2022-01-30 00:00:00
BCH-2022-0015,Masala Peanuts,Line C,2022-01-28 00:00:00,Jan-2022,Q1-2022,Night,Meena R.,334.0,RM-2014,Hold – OOS,
BCH-2022-0016,Tapioca Crisps,Line D,2022-01-29 00:00:00,Jan-2022,Q1-2022,Morning,Suresh B.,451.6,RM-2015,Rejected,
BCH-2022-0017,Jackfruit Chips,Line E,2022-01-30 00:00:00,Jan-2022,Q1-2022,Afternoon,Ramesh K.,419.5,RM-2016,Released,2022-01-31 00:00:00
BCH-2022-0018,Okra Chips,Line F,2022-02-01 00:00:00,Feb-2022,Q1-2022,Night,Priya S.,302.9,RM-2017,Released,2022-02-04 00:00:00
BCH-2022-0019,Roasted Corn,Line A,2022-02-02 00:00:00,Feb-2022,Q1-2022,Morning,Anand M.,588.9,RM-2018,Released,2022-02-05 00:00:00
BCH-2022-0020,Chickpea Snacks,Line B,2022-02-03 00:00:00,Feb-2022,Q1-2022,Afternoon,Sagar A.,571.4,RM-2019,Released,2022-02-05 00:00:00
BCH-2022-0021,Banana Chips,Line C,2022-02-05 00:00:00,Feb-2022,Q1-2022,Night,Divya N.,590.7,RM-2020,Released,2022-02-07 00:00:00
BCH-2022-0022,Sweet Potato Chips,Line D,2022-02-12 00:00:00,Feb-2022,Q1-2022,Morning,Karthik V.,212.9,RM-2021,Released,2022-02-13 00:00:00
BCH-2022-0023,Masala Peanuts,Line E,2022-02-17 00:00:00,Feb-2022,Q1-2022,Afternoon,Meena R.,389.5,RM-2022,Released,2022-02-20 00:00:00
BCH-2022-0024,Tapioca Crisps,Line F,2022-02-18 00:00:00,Feb-2022,Q1-2022,Night,Suresh B.,366.5,RM-2023,Released,2022-02-20 00:00:00
BCH-2022-0025,Jackfruit Chips,Line A,2022-02-21 00:00:00,Feb-2022,Q1-2022,Morning,Ramesh K.,245.3,RM-2024,Released,2022-02-23 00:00:00
BCH-2022-0026,Okra Chips,Line B,2022-02-22 00:00:00,Feb-2022,Q1-2022,Afternoon,Priya S.,300.0,RM-2025,Released,2022-02-23 00:00:00
BCH-2022-0027,Roasted Corn,Line C,2022-02-25 00:00:00,Feb-2022,Q1-2022,Night,Anand M.,323.4,RM-2026,Hold – OOS,
BCH-2022-0028,Chickpea Snacks,Line D,2022-02-26 00:00:00,Feb-2022,Q1-2022,Morning,Sagar A.,529.8,RM-2027,Released,2022-02-27 00:00:00
BCH-2022-0029,Banana Chips,Line E,2022-02-27 00:00:00,Feb-2022,Q1-2022,Afternoon,Divya N.,610.1,RM-2028,Released,2022-02-28 00:00:00
BCH-2022-0030,Sweet Potato Chips,Line F,2022-02-28 00:00:00,Feb-2022,Q1-2022,Night,Karthik V.,298.2,RM-2029,Released,2022-03-01 00:00:00
BCH-2022-0031,Masala Peanuts,Line A,2022-03-01 00:00:00,Mar-2022,Q1-2022,Morning,Meena R.,412.4,RM-2030,Released,2022-03-02 00:00:00
BCH-2022-0032,Tapioca Crisps,Line B,2022-03-02 00:00:00,Mar-2022,Q1-2022,Afternoon,Suresh B.,412.7,RM-2031,Released,2022-03-05 00:00:00
BCH-2022-0033,Jackfruit Chips,Line C,2022-03-04 00:00:00,Mar-2022,Q1-2022,Night,Ramesh K.,504.3,RM-2032,Released,2022-03-07 00:00:00
BCH-2022-0034,Okra Chips,Line D,2022-03-05 00:00:00,Mar-2022,Q1-2022,Morning,Priya S.,267.3,RM-2033,Rejected,
BCH-2022-0035,Roasted Corn,Line E,2022-03-06 00:00:00,Mar-2022,Q1-2022,Afternoon,Anand M.,280.8,RM-2034,Released,2022-03-08 00:00:00
BCH-2022-0036,Chickpea Snacks,Line F,2022-03-13 00:00:00,Mar-2022,Q1-2022,Night,Sagar A.,468.1,RM-2035,Released,2022-03-16 00:00:00
BCH-2022-0037,Banana Chips,Line A,2022-03-14 00:00:00,Mar-2022,Q1-2022,Morning,Divya N.,192.6,RM-2036,Released,2022-03-16 00:00:00
BCH-2022-0038,Sweet Potato Chips,Line B,2022-03-15 00:00:00,Mar-2022,Q1-2022,Afternoon,Karthik V.,380.2,RM-2037,Released,2022-03-17 00:00:00
BCH-2022-0039,Masala Peanuts,Line C,2022-03-17 00:00:00,Mar-2022,Q1-2022,Night,Meena R.,532.8,RM-2038,Released,2022-03-19 00:00:00
BCH-2022-0040,Tapioca Crisps,Line D,2022-03-18 00:00:00,Mar-2022,Q1-2022,Morning,Suresh B.,383.2,RM-2039,Released,2022-03-19 00:00:00
BCH-2022-0041,Jackfruit Chips,Line E,2022-03-20 00:00:00,Mar-2022,Q1-2022,Afternoon,Ramesh K.,618.3,RM-2040,Hold – OOS,
BCH-2022-0042,Okra Chips,Line F,2022-03-21 00:00:00,Mar-2022,Q1-2022,Night,Priya S.,295.2,RM-2041,Released,2022-03-23 00:00:00
BCH-2022-0043,Roasted Corn,Line A,2022-03-22 00:00:00,Mar-2022,Q1-2022,Morning,Anand M.,235.3,RM-2042,Released,2022-03-25 00:00:00
BCH-2022-0044,Chickpea Snacks,Line B,2022-03-24 00:00:00,Mar-2022,Q1-2022,Afternoon,Sagar A.,404.4,RM-2043,Released,2022-03-26 00:00:00
BCH-2022-0045,Banana Chips,Line C,2022-03-25 00:00:00,Mar-2022,Q1-2022,Night,Divya N.,566.0,RM-2044,Released,2022-03-28 00:00:00
BCH-2022-0046,Sweet Potato Chips,Line D,2022-03-27 00:00:00,Mar-2022,Q1-2022,Morning,Karthik V.,350.0,RM-2045,Released,2022-03-29 00:00:00
BCH-2022-0047,Masala Peanuts,Line E,2022-03-29 00:00:00,Mar-2022,Q1-2022,Afternoon,Meena R.,419.5,RM-2046,Hold – OOS,
BCH-2022-0048,Tapioca Crisps,Line F,2022-03-30 00:00:00,Mar-2022,Q1-2022,Night,Suresh B.,380.9,RM-2047,Released,2022-04-02 00:00:00
BCH-2022-0049,Jackfruit Chips,Line A,2022-04-01 00:00:00,Apr-2022,Q2-2022,Morning,Ramesh K.,392.4,RM-2048,Released,2022-04-03 00:00:00
BCH-2022-0050,Okra Chips,Line B,2022-04-02 00:00:00,Apr-2022,Q2-2022,Afternoon,Priya S.,593.1,RM-2049,Released,2022-04-05 00:00:00
BCH-2022-0051,Roasted Corn,Line C,2022-04-04 00:00:00,Apr-2022,Q2-2022,Night,Anand M.,478.4,RM-2050,Released,2022-04-07 00:00:00
BCH-2022-0052,Chickpea Snacks,Line D,2022-04-07 00:00:00,Apr-2022,Q2-2022,Morning,Sagar A.,234.0,RM-2051,Released,2022-04-08 00:00:00
BCH-2022-0053,Banana Chips,Line E,2022-04-10 00:00:00,Apr-2022,Q2-2022,Afternoon,Divya N.,558.9,RM-2052,Released,2022-04-12 00:00:00
BCH-2022-0054,Sweet Potato Chips,Line F,2022-04-11 00:00:00,Apr-2022,Q2-2022,Night,Karthik V.,534.8,RM-2053,Released,2022-04-13 00:00:00
BCH-2022-0055,Masala Peanuts,Line A,2022-04-12 00:00:00,Apr-2022,Q2-2022,Morning,Meena R.,416.8,RM-2054,Released,2022-04-14 00:00:00
BCH-2022-0056,Tapioca Crisps,Line B,2022-04-13 00:00:00,Apr-2022,Q2-2022,Afternoon,Suresh B.,441.8,RM-2055,Released,2022-04-15 00:00:00
BCH-2022-0057,Jackfruit Chips,Line C,2022-04-14 00:00:00,Apr-2022,Q2-2022,Night,Ramesh K.,238.4,RM-2056,Released,2022-04-16 00:00:00
BCH-2022-0058,Okra Chips,Line D,2022-04-15 00:00:00,Apr-2022,Q2-2022,Morning,Priya S.,383.5,RM-2057,Released,2022-04-17 00:00:00
BCH-2022-0059,Roasted Corn,Line E,2022-04-16 00:00:00,Apr-2022,Q2-2022,Afternoon,Anand M.,437.6,RM-2058,Released,2022-04-19 00:00:00
BCH-2022-0060,Chickpea Snacks,Line F,2022-04-17 00:00:00,Apr-2022,Q2-2022,Night,Sagar A.,304.1,RM-2059,Released,2022-04-20 00:00:00
BCH-2022-0061,Banana Chips,Line A,2022-04-18 00:00:00,Apr-2022,Q2-2022,Morning,Divya N.,240.8,RM-2060,Released,2022-04-20 00:00:00
BCH-2022-0062,Sweet Potato Chips,Line B,2022-04-20 00:00:00,Apr-2022,Q2-2022,Afternoon,Karthik V.,295.1,RM-2061,Hold – OOS,
BCH-2022-0063,Masala Peanuts,Line C,2022-04-21 00:00:00,Apr-2022,Q2-2022,Night,Meena R.,601.9,RM-2062,Released,2022-04-22 00:00:00
BCH-2022-0064,Tapioca Crisps,Line D,2022-04-22 00:00:00,Apr-2022,Q2-2022,Morning,Suresh B.,504.3,RM-2063,Released,2022-04-23 00:00:00
BCH-2022-0065,Jackfruit Chips,Line E,2022-04-23 00:00:00,Apr-2022,Q2-2022,Afternoon,Ramesh K.,590.5,RM-2064,Released,2022-04-24 00:00:00
BCH-2022-0066,Okra Chips,Line F,2022-04-24 00:00:00,Apr-2022,Q2-2022,Night,Priya S.,442.4,RM-2065,Released,2022-04-25 00:00:00
BCH-2022-0067,Roasted Corn,Line A,2022-04-25 00:00:00,Apr-2022,Q2-2022,Morning,Anand M.,414.4,RM-2066,Hold – OOS,
BCH-2022-0068,Chickpea Snacks,Line B,2022-04-27 00:00:00,Apr-2022,Q2-2022,Afternoon,Sagar A.,414.6,RM-2067,Released,2022-04-29 00:00:00
BCH-2022-0069,Banana Chips,Line C,2022-04-28 00:00:00,Apr-2022,Q2-2022,Night,Divya N.,535.3,RM-2068,Released,2022-04-30 00:00:00
BCH-2022-0070,Sweet Potato Chips,Line D,2022-04-30 00:00:00,Apr-2022,Q2-2022,Morning,Karthik V.,235.7,RM-2069,Rejected,
BCH-2022-0071,Masala Peanuts,Line E,2022-05-01 00:00:00,May-2022,Q2-2022,Afternoon,Meena R.,312.3,RM-2070,Released,2022-05-02 00:00:00
BCH-2022-0072,Tapioca Crisps,Line F,2022-05-02 00:00:00,May-2022,Q2-2022,Night,Suresh B.,428.1,RM-2071,Released,2022-05-03 00:00:00
BCH-2022-0073,Jackfruit Chips,Line A,2022-05-03 00:00:00,May-2022,Q2-2022,Morning,Ramesh K.,557.3,RM-2072,Released,2022-05-05 00:00:00
BCH-2022-0074,Okra Chips,Line B,2022-05-04 00:00:00,May-2022,Q2-2022,Afternoon,Priya S.,561.6,RM-2073,Released,2022-05-06 00:00:00
BCH-2022-0075,Roasted Corn,Line C,2022-05-05 00:00:00,May-2022,Q2-2022,Night,Anand M.,538.5,RM-2074,Released,2022-05-07 00:00:00
BCH-2022-0076,Chickpea Snacks,Line D,2022-05-06 00:00:00,May-2022,Q2-2022,Morning,Sagar A.,471.5,RM-2075,Released,2022-05-07 00:00:00
BCH-2022-0077,Banana Chips,Line E,2022-05-07 00:00:00,May-2022,Q2-2022,Afternoon,Divya N.,243.8,RM-2076,Released,2022-05-09 00:00:00
BCH-2022-0078,Sweet Potato Chips,Line F,2022-05-08 00:00:00,May-2022,Q2-2022,Night,Karthik V.,276.6,RM-2077,Released,2022-05-11 00:00:00
BCH-2022-0079,Masala Peanuts,Line A,2022-05-09 00:00:00,May-2022,Q2-2022,Morning,Meena R.,435.3,RM-2078,Released,2022-05-11 00:00:00
BCH-2022-0080,Tapioca Crisps,Line B,2022-05-11 00:00:00,May-2022,Q2-2022,Afternoon,Suresh B.,224.0,RM-2079,Released,2022-05-12 00:00:00
BCH-2022-0081,Jackfruit Chips,Line C,2022-05-12 00:00:00,May-2022,Q2-2022,Night,Ramesh K.,183.9,RM-2080,Released,2022-05-14 00:00:00
BCH-2022-0082,Okra Chips,Line D,2022-05-13 00:00:00,May-2022,Q2-2022,Morning,Priya S.,342.1,RM-2081,Released,2022-05-14 00:00:00
BCH-2022-0083,Roasted Corn,Line E,2022-05-14 00:00:00,May-2022,Q2-2022,Afternoon,Anand M.,463.6,RM-2082,Released,2022-05-17 00:00:00
BCH-2022-0084,Chickpea Snacks,Line F,2022-05-15 00:00:00,May-2022,Q2-2022,Night,Sagar A.,450.3,RM-2083,Released,2022-05-16 00:00:00
BCH-2022-0085,Banana Chips,Line A,2022-05-16 00:00:00,May-2022,Q2-2022,Morning,Divya N.,424.6,RM-2084,Released,2022-05-17 00:00:00
BCH-2022-0086,Sweet Potato Chips,Line B,2022-05-18 00:00:00,May-2022,Q2-2022,Afternoon,Karthik V.,206.1,RM-2085,Rejected,
BCH-2022-0087,Masala Peanuts,Line C,2022-05-19 00:00:00,May-2022,Q2-2022,Night,Meena R.,202.4,RM-2086,Released,2022-05-22 00:00:00
BCH-2022-0088,Tapioca Crisps,Line D,2022-05-20 00:00:00,May-2022,Q2-2022,Morning,Suresh B.,410.4,RM-2087,Released,2022-05-22 00:00:00
BCH-2022-0089,Jackfruit Chips,Line E,2022-05-21 00:00:00,May-2022,Q2-2022,Afternoon,Ramesh K.,363.1,RM-2088,Released,2022-05-23 00:00:00
BCH-2022-0090,Okra Chips,Line F,2022-05-22 00:00:00,May-2022,Q2-2022,Night,Priya S.,285.3,RM-2089,Released,2022-05-25 00:00:00
BCH-2022-0091,Roasted Corn,Line A,2022-05-23 00:00:00,May-2022,Q2-2022,Morning,Anand M.,308.2,RM-2090,Released,2022-05-24 00:00:00
BCH-2022-0092,Chickpea Snacks,Line B,2022-05-24 00:00:00,May-2022,Q2-2022,Afternoon,Sagar A.,320.0,RM-2091,Released,2022-05-27 00:00:00
BCH-2022-0093,Banana Chips,Line C,2022-05-26 00:00:00,May-2022,Q2-2022,Night,Divya N.,340.5,RM-2092,Released,2022-05-29 00:00:00
BCH-2022-0094,Sweet Potato Chips,Line D,2022-05-28 00:00:00,May-2022,Q2-2022,Morning,Karthik V.,592.4,RM-2093,Hold – OOS,
BCH-2022-0095,Masala Peanuts,Line E,2022-05-29 00:00:00,May-2022,Q2-2022,Afternoon,Meena R.,203.3,RM-2094,Hold – OOS,
BCH-2022-0096,Tapioca Crisps,Line F,2022-06-01 00:00:00,Jun-2022,Q2-2022,Night,Suresh B.,513.1,RM-2095,Released,2022-06-02 00:00:00
BCH-2022-0097,Jackfruit Chips,Line A,2022-06-02 00:00:00,Jun-2022,Q2-2022,Morning,Ramesh K.,405.0,RM-2096,Rejected,
BCH-2022-0098,Okra Chips,Line B,2022-06-03 00:00:00,Jun-2022,Q2-2022,Afternoon,Priya S.,573.1,RM-2097,Released,2022-06-06 00:00:00
BCH-2022-0099,Roasted Corn,Line C,2022-06-05 00:00:00,Jun-2022,Q2-2022,Night,Anand M.,414.2,RM-2098,Released,2022-06-08 00:00:00
BCH-2022-0100,Chickpea Snacks,Line D,2022-06-06 00:00:00,Jun-2022,Q2-2022,Morning,Sagar A.,361.0,RM-2099,Released,2022-06-09 00:00:00
BCH-2022-0101,Banana Chips,Line E,2022-06-11 00:00:00,Jun-2022,Q2-2022,Afternoon,Divya N.,424.1,RM-2100,Hold – OOS,
BCH-2022-0102,Sweet Potato Chips,Line F,2022-06-12 00:00:00,Jun-2022,Q2-2022,Night,Karthik V.,550.2,RM-2101,Released,2022-06-13 00:00:00
BCH-2022-0103,Masala Peanuts,Line A,2022-06-14 00:00:00,Jun-2022,Q2-2022,Morning,Meena R.,491.0,RM-2102,Released,2022-06-17 00:00:00
BCH-2022-0104,Tapioca Crisps,Line B,2022-06-16 00:00:00,Jun-2022,Q2-2022,Afternoon,Suresh B.,504.8,RM-2103,Released,2022-06-18 00:00:00
BCH-2022-0105,Jackfruit Chips,Line C,2022-06-17 00:00:00,Jun-2022,Q2-2022,Night,Ramesh K.,322.3,RM-2104,Released,2022-06-19 00:00:00
BCH-2022-0106,Okra Chips,Line D,2022-06-18 00:00:00,Jun-2022,Q2-2022,Morning,Priya S.,182.2,RM-2105,Released,2022-06-19 00:00:00
BCH-2022-0107,Roasted Corn,Line E,2022-06-19 00:00:00,Jun-2022,Q2-2022,Afternoon,Anand M.,424.4,RM-2106,Released,2022-06-21 00:00:00
BCH-2022-0108,Chickpea Snacks,Line F,2022-06-20 00:00:00,Jun-2022,Q2-2022,Night,Sagar A.,354.4,RM-2107,Released,2022-06-22 00:00:00
BCH-2022-0109,Banana Chips,Line A,2022-06-22 00:00:00,Jun-2022,Q2-2022,Morning,Divya N.,313.0,RM-2108,Released,2022-06-24 00:00:00
BCH-2022-0110,Sweet Potato Chips,Line B,2022-06-24 00:00:00,Jun-2022,Q2-2022,Afternoon,Karthik V.,563.7,RM-2109,Hold – OOS,
BCH-2022-0111,Masala Peanuts,Line C,2022-06-26 00:00:00,Jun-2022,Q2-2022,Night,Meena R.,479.4,RM-2110,Released,2022-06-29 00:00:00
BCH-2022-0112,Tapioca Crisps,Line D,2022-06-27 00:00:00,Jun-2022,Q2-2022,Morning,Suresh B.,216.7,RM-2111,Released,2022-06-30 00:00:00
BCH-2022-0113,Jackfruit Chips,Line E,2022-06-28 00:00:00,Jun-2022,Q2-2022,Afternoon,Ramesh K.,187.5,RM-2112,Released,2022-06-29 00:00:00
BCH-2022-0114,Okra Chips,Line F,2022-07-01 00:00:00,Jul-2022,Q3-2022,Night,Priya S.,204.5,RM-2113,Released,2022-07-03 00:00:00
BCH-2022-0115,Roasted Corn,Line A,2022-07-02 00:00:00,Jul-2022,Q3-2022,Morning,Anand M.,193.6,RM-2114,Released,2022-07-04 00:00:00
BCH-2022-0116,Chickpea Snacks,Line B,2022-07-04 00:00:00,Jul-2022,Q3-2022,Afternoon,Sagar A.,335.4,RM-2115,Released,2022-07-05 00:00:00
BCH-2022-0117,Banana Chips,Line C,2022-07-05 00:00:00,Jul-2022,Q3-2022,Night,Divya N.,602.0,RM-2116,Released,2022-07-08 00:00:00
BCH-2022-0118,Sweet Potato Chips,Line D,2022-07-06 00:00:00,Jul-2022,Q3-2022,Morning,Karthik V.,345.9,RM-2117,Released,2022-07-09 00:00:00
BCH-2022-0119,Masala Peanuts,Line E,2022-07-07 00:00:00,Jul-2022,Q3-2022,Afternoon,Meena R.,425.7,RM-2118,Released,2022-07-10 00:00:00
BCH-2022-0120,Tapioca Crisps,Line F,2022-07-08 00:00:00,Jul-2022,Q3-2022,Night,Suresh B.,265.7,RM-2119,Hold – OOS,
BCH-2022-0121,Jackfruit Chips,Line A,2022-07-09 00:00:00,Jul-2022,Q3-2022,Morning,Ramesh K.,392.6,RM-2120,Released,2022-07-10 00:00:00
BCH-2022-0122,Okra Chips,Line B,2022-07-14 00:00:00,Jul-2022,Q3-2022,Afternoon,Priya S.,418.7,RM-2121,Hold – OOS,
BCH-2022-0123,Roasted Corn,Line C,2022-07-15 00:00:00,Jul-2022,Q3-2022,Night,Anand M.,565.1,RM-2122,Hold – OOS,
BCH-2022-0124,Chickpea Snacks,Line D,2022-07-16 00:00:00,Jul-2022,Q3-2022,Morning,Sagar A.,225.4,RM-2123,Released,2022-07-19 00:00:00
BCH-2022-0125,Banana Chips,Line E,2022-07-17 00:00:00,Jul-2022,Q3-2022,Afternoon,Divya N.,261.6,RM-2124,Rejected,
BCH-2022-0126,Sweet Potato Chips,Line F,2022-07-18 00:00:00,Jul-2022,Q3-2022,Night,Karthik V.,262.2,RM-2125,Released,2022-07-19 00:00:00
BCH-2022-0127,Masala Peanuts,Line A,2022-07-19 00:00:00,Jul-2022,Q3-2022,Morning,Meena R.,221.3,RM-2126,Released,2022-07-20 00:00:00
BCH-2022-0128,Tapioca Crisps,Line B,2022-07-20 00:00:00,Jul-2022,Q3-2022,Afternoon,Suresh B.,589.3,RM-2127,Released,2022-07-21 00:00:00
BCH-2022-0129,Jackfruit Chips,Line C,2022-07-22 00:00:00,Jul-2022,Q3-2022,Night,Ramesh K.,557.5,RM-2128,Released,2022-07-25 00:00:00
BCH-2022-0130,Okra Chips,Line D,2022-07-27 00:00:00,Jul-2022,Q3-2022,Morning,Priya S.,266.9,RM-2129,Released,2022-07-30 00:00:00
BCH-2022-0131,Roasted Corn,Line E,2022-08-01 00:00:00,Aug-2022,Q3-2022,Afternoon,Anand M.,261.4,RM-2130,Released,2022-08-02 00:00:00
BCH-2022-0132,Chickpea Snacks,Line F,2022-08-04 00:00:00,Aug-2022,Q3-2022,Night,Sagar A.,586.0,RM-2131,Released,2022-08-07 00:00:00
BCH-2022-0133,Banana Chips,Line A,2022-08-05 00:00:00,Aug-2022,Q3-2022,Morning,Divya N.,508.8,RM-2132,Released,2022-08-06 00:00:00
BCH-2022-0134,Sweet Potato Chips,Line B,2022-08-08 00:00:00,Aug-2022,Q3-2022,Afternoon,Karthik V.,304.6,RM-2133,Hold – OOS,
BCH-2022-0135,Masala Peanuts,Line C,2022-08-09 00:00:00,Aug-2022,Q3-2022,Night,Meena R.,214.1,RM-2134,Released,2022-08-12 00:00:00
BCH-2022-0136,Tapioca Crisps,Line D,2022-08-11 00:00:00,Aug-2022,Q3-2022,Morning,Suresh B.,539.5,RM-2135,Released,2022-08-12 00:00:00
BCH-2022-0137,Jackfruit Chips,Line E,2022-08-12 00:00:00,Aug-2022,Q3-2022,Afternoon,Ramesh K.,439.9,RM-2136,Released,2022-08-13 00:00:00
BCH-2022-0138,Okra Chips,Line F,2022-08-13 00:00:00,Aug-2022,Q3-2022,Night,Priya S.,286.1,RM-2137,Released,2022-08-15 00:00:00
BCH-2022-0139,Roasted Corn,Line A,2022-08-14 00:00:00,Aug-2022,Q3-2022,Morning,Anand M.,518.3,RM-2138,Released,2022-08-15 00:00:00
BCH-2022-0140,Chickpea Snacks,Line B,2022-08-15 00:00:00,Aug-2022,Q3-2022,Afternoon,Sagar A.,497.1,RM-2139,Released,2022-08-17 00:00:00
BCH-2022-0141,Banana Chips,Line C,2022-08-16 00:00:00,Aug-2022,Q3-2022,Night,Divya N.,368.3,RM-2140,Released,2022-08-18 00:00:00
BCH-2022-0142,Sweet Potato Chips,Line D,2022-08-17 00:00:00,Aug-2022,Q3-2022,Morning,Karthik V.,212.2,RM-2141,Released,2022-08-19 00:00:00
BCH-2022-0143,Masala Peanuts,Line E,2022-08-19 00:00:00,Aug-2022,Q3-2022,Afternoon,Meena R.,472.1,RM-2142,Released,2022-08-20 00:00:00
BCH-2022-0144,Tapioca Crisps,Line F,2022-08-20 00:00:00,Aug-2022,Q3-2022,Night,Suresh B.,235.4,RM-2143,Hold – OOS,
BCH-2022-0145,Jackfruit Chips,Line A,2022-08-22 00:00:00,Aug-2022,Q3-2022,Morning,Ramesh K.,191.4,RM-2144,Released,2022-08-25 00:00:00
BCH-2022-0146,Okra Chips,Line B,2022-08-25 00:00:00,Aug-2022,Q3-2022,Afternoon,Priya S.,548.1,RM-2145,Released,2022-08-27 00:00:00
BCH-2022-0147,Roasted Corn,Line C,2022-08-26 00:00:00,Aug-2022,Q3-2022,Night,Anand M.,407.6,RM-2146,Released,2022-08-28 00:00:00
BCH-2022-0148,Chickpea Snacks,Line D,2022-08-28 00:00:00,Aug-2022,Q3-2022,Morning,Sagar A.,459.5,RM-2147,Released,2022-08-31 00:00:00
BCH-2022-0149,Banana Chips,Line E,2022-08-29 00:00:00,Aug-2022,Q3-2022,Afternoon,Divya N.,402.9,RM-2148,Released,2022-09-01 00:00:00
BCH-2022-0150,Sweet Potato Chips,Line F,2022-08-30 00:00:00,Aug-2022,Q3-2022,Night,Karthik V.,576.9,RM-2149,Released,2022-09-01 00:00:00
BCH-2022-0151,Masala Peanuts,Line A,2022-08-31 00:00:00,Aug-2022,Q3-2022,Morning,Meena R.,336.7,RM-2150,Released,2022-09-03 00:00:00
BCH-2022-0152,Tapioca Crisps,Line B,2022-09-02 00:00:00,Sep-2022,Q3-2022,Afternoon,Suresh B.,290.9,RM-2151,Hold – OOS,
BCH-2022-0153,Jackfruit Chips,Line C,2022-09-03 00:00:00,Sep-2022,Q3-2022,Night,Ramesh K.,252.6,RM-2152,Released,2022-09-05 00:00:00
BCH-2022-0154,Okra Chips,Line D,2022-09-04 00:00:00,Sep-2022,Q3-2022,Morning,Priya S.,543.8,RM-2153,Released,2022-09-06 00:00:00
BCH-2022-0155,Roasted Corn,Line E,2022-09-05 00:00:00,Sep-2022,Q3-2022,Afternoon,Anand M.,366.8,RM-2154,Released,2022-09-07 00:00:00
BCH-2022-0156,Chickpea Snacks,Line F,2022-09-06 00:00:00,Sep-2022,Q3-2022,Night,Sagar A.,403.5,RM-2155,Hold – OOS,
BCH-2022-0157,Banana Chips,Line A,2022-09-07 00:00:00,Sep-2022,Q3-2022,Morning,Divya N.,223.6,RM-2156,Released,2022-09-10 00:00:00
BCH-2022-0158,Sweet Potato Chips,Line B,2022-09-09 00:00:00,Sep-2022,Q3-2022,Afternoon,Karthik V.,469.7,RM-2157,Released,2022-09-10 00:00:00
BCH-2022-0159,Masala Peanuts,Line C,2022-09-10 00:00:00,Sep-2022,Q3-2022,Night,Meena R.,220.6,RM-2158,Hold – OOS,
BCH-2022-0160,Tapioca Crisps,Line D,2022-09-11 00:00:00,Sep-2022,Q3-2022,Morning,Suresh B.,415.9,RM-2159,Released,2022-09-13 00:00:00
BCH-2022-0161,Jackfruit Chips,Line E,2022-09-12 00:00:00,Sep-2022,Q3-2022,Afternoon,Ramesh K.,337.9,RM-2160,Released,2022-09-13 00:00:00
BCH-2022-0162,Okra Chips,Line F,2022-09-15 00:00:00,Sep-2022,Q3-2022,Night,Priya S.,288.6,RM-2161,Released,2022-09-18 00:00:00
BCH-2022-0163,Roasted Corn,Line A,2022-09-16 00:00:00,Sep-2022,Q3-2022,Morning,Anand M.,389.8,RM-2162,Hold – OOS,
BCH-2022-0164,Chickpea Snacks,Line B,2022-09-19 00:00:00,Sep-2022,Q3-2022,Afternoon,Sagar A.,503.7,RM-2163,Released,2022-09-22 00:00:00
BCH-2022-0165,Banana Chips,Line C,2022-09-26 00:00:00,Sep-2022,Q3-2022,Night,Divya N.,358.3,RM-2164,Released,2022-09-29 00:00:00
BCH-2022-0166,Sweet Potato Chips,Line D,2022-09-27 00:00:00,Sep-2022,Q3-2022,Morning,Karthik V.,575.6,RM-2165,Released,2022-09-30 00:00:00
BCH-2022-0167,Masala Peanuts,Line E,2022-09-28 00:00:00,Sep-2022,Q3-2022,Afternoon,Meena R.,394.5,RM-2166,Released,2022-09-30 00:00:00
BCH-2022-0168,Tapioca Crisps,Line F,2022-09-29 00:00:00,Sep-2022,Q3-2022,Night,Suresh B.,583.9,RM-2167,Released,2022-10-02 00:00:00
BCH-2022-0169,Jackfruit Chips,Line A,2022-10-01 00:00:00,Oct-2022,Q4-2022,Morning,Ramesh K.,585.7,RM-2168,Released,2022-10-03 00:00:00
BCH-2022-0170,Okra Chips,Line B,2022-10-03 00:00:00,Oct-2022,Q4-2022,Afternoon,Priya S.,533.2,RM-2169,Released,2022-10-06 00:00:00
BCH-2022-0171,Roasted Corn,Line C,2022-10-04 00:00:00,Oct-2022,Q4-2022,Night,Anand M.,567.4,RM-2170,Released,2022-10-05 00:00:00
BCH-2022-0172,Chickpea Snacks,Line D,2022-10-05 00:00:00,Oct-2022,Q4-2022,Morning,Sagar A.,263.1,RM-2171,Released,2022-10-07 00:00:00
BCH-2022-0173,Banana Chips,Line E,2022-10-08 00:00:00,Oct-2022,Q4-2022,Afternoon,Divya N.,251.5,RM-2172,Released,2022-10-09 00:00:00
BCH-2022-0174,Sweet Potato Chips,Line F,2022-10-09 00:00:00,Oct-2022,Q4-2022,Night,Karthik V.,519.3,RM-2173,Released,2022-10-11 00:00:00
BCH-2022-0175,Masala Peanuts,Line A,2022-10-11 00:00:00,Oct-2022,Q4-2022,Morning,Meena R.,384.6,RM-2174,Released,2022-10-14 00:00:00
BCH-2022-0176,Tapioca Crisps,Line B,2022-10-13 00:00:00,Oct-2022,Q4-2022,Afternoon,Suresh B.,314.2,RM-2175,Released,2022-10-14 00:00:00
BCH-2022-0177,Jackfruit Chips,Line C,2022-10-14 00:00:00,Oct-2022,Q4-2022,Night,Ramesh K.,383.7,RM-2176,Released,2022-10-15 00:00:00
BCH-2022-0178,Okra Chips,Line D,2022-10-15 00:00:00,Oct-2022,Q4-2022,Morning,Priya S.,517.1,RM-2177,Hold – OOS,
BCH-2022-0179,Roasted Corn,Line E,2022-10-16 00:00:00,Oct-2022,Q4-2022,Afternoon,Anand M.,432.4,RM-2178,Hold – OOS,
BCH-2022-0180,Chickpea Snacks,Line F,2022-10-17 00:00:00,Oct-2022,Q4-2022,Night,Sagar A.,526.2,RM-2179,Hold – OOS,
BCH-2022-0181,Banana Chips,Line A,2022-10-20 00:00:00,Oct-2022,Q4-2022,Morning,Divya N.,482.0,RM-2180,Rejected,
BCH-2022-0182,Sweet Potato Chips,Line B,2022-10-21 00:00:00,Oct-2022,Q4-2022,Afternoon,Karthik V.,292.2,RM-2181,Hold – OOS,
BCH-2022-0183,Masala Peanuts,Line C,2022-10-23 00:00:00,Oct-2022,Q4-2022,Night,Meena R.,232.9,RM-2182,Hold – OOS,
BCH-2022-0184,Tapioca Crisps,Line D,2022-10-26 00:00:00,Oct-2022,Q4-2022,Morning,Suresh B.,205.8,RM-2183,Released,2022-10-29 00:00:00
BCH-2022-0185,Jackfruit Chips,Line E,2022-10-31 00:00:00,Oct-2022,Q4-2022,Afternoon,Ramesh K.,511.7,RM-2184,Released,2022-11-02 00:00:00
BCH-2022-0186,Okra Chips,Line F,2022-11-01 00:00:00,Nov-2022,Q4-2022,Night,Priya S.,294.3,RM-2185,Released,2022-11-02 00:00:00
BCH-2022-0187,Roasted Corn,Line A,2022-11-02 00:00:00,Nov-2022,Q4-2022,Morning,Anand M.,560.8,RM-2186,Released,2022-11-05 00:00:00
BCH-2022-0188,Chickpea Snacks,Line B,2022-11-05 00:00:00,Nov-2022,Q4-2022,Afternoon,Sagar A.,398.1,RM-2187,Released,2022-11-08 00:00:00
BCH-2022-0189,Banana Chips,Line C,2022-11-06 00:00:00,Nov-2022,Q4-2022,Night,Divya N.,389.1,RM-2188,Released,2022-11-08 00:00:00
BCH-2022-0190,Sweet Potato Chips,Line D,2022-11-07 00:00:00,Nov-2022,Q4-2022,Morning,Karthik V.,468.8,RM-2189,Released,2022-11-09 00:00:00
BCH-2022-0191,Masala Peanuts,Line E,2022-11-08 00:00:00,Nov-2022,Q4-2022,Afternoon,Meena R.,579.1,RM-2190,Released,2022-11-11 00:00:00
BCH-2022-0192,Tapioca Crisps,Line F,2022-11-10 00:00:00,Nov-2022,Q4-2022,Night,Suresh B.,341.6,RM-2191,Released,2022-11-13 00:00:00
BCH-2022-0193,Jackfruit Chips,Line A,2022-11-11 00:00:00,Nov-2022,Q4-2022,Morning,Ramesh K.,212.0,RM-2192,Released,2022-11-12 00:00:00
BCH-2022-0194,Okra Chips,Line B,2022-11-14 00:00:00,Nov-2022,Q4-2022,Afternoon,Priya S.,184.6,RM-2193,Released,2022-11-16 00:00:00
BCH-2022-0195,Roasted Corn,Line C,2022-11-15 00:00:00,Nov-2022,Q4-2022,Night,Anand M.,564.1,RM-2194,Released,2022-11-17 00:00:00
BCH-2022-0196,Chickpea Snacks,Line D,2022-11-16 00:00:00,Nov-2022,Q4-2022,Morning,Sagar A.,318.2,RM-2195,Hold – OOS,
BCH-2022-0197,Banana Chips,Line E,2022-11-17 00:00:00,Nov-2022,Q4-2022,Afternoon,Divya N.,396.1,RM-2196,Released,2022-11-18 00:00:00
BCH-2022-0198,Sweet Potato Chips,Line F,2022-11-18 00:00:00,Nov-2022,Q4-2022,Night,Karthik V.,587.2,RM-2197,Released,2022-11-21 00:00:00
BCH-2022-0199,Masala Peanuts,Line A,2022-11-19 00:00:00,Nov-2022,Q4-2022,Morning,Meena R.,514.2,RM-2198,Released,2022-11-22 00:00:00
BCH-2022-0200,Tapioca Crisps,Line B,2022-11-21 00:00:00,Nov-2022,Q4-2022,Afternoon,Suresh B.,294.1,RM-2199,Released,2022-11-24 00:00:00
BCH-2022-0201,Jackfruit Chips,Line C,2022-11-22 00:00:00,Nov-2022,Q4-2022,Night,Ramesh K.,188.1,RM-2200,Released,2022-11-23 00:00:00
BCH-2022-0202,Okra Chips,Line D,2022-11-23 00:00:00,Nov-2022,Q4-2022,Morning,Priya S.,241.1,RM-2201,Released,2022-11-25 00:00:00
BCH-2022-0203,Roasted Corn,Line E,2022-11-24 00:00:00,Nov-2022,Q4-2022,Afternoon,Anand M.,575.9,RM-2202,Released,2022-11-25 00:00:00
BCH-2022-0204,Chickpea Snacks,Line F,2022-11-25 00:00:00,Nov-2022,Q4-2022,Night,Sagar A.,273.2,RM-2203,Hold – OOS,
BCH-2022-0205,Banana Chips,Line A,2022-11-26 00:00:00,Nov-2022,Q4-2022,Morning,Divya N.,204.5,RM-2204,Released,2022-11-29 00:00:00
BCH-2022-0206,Sweet Potato Chips,Line B,2022-11-28 00:00:00,Nov-2022,Q4-2022,Afternoon,Karthik V.,493.8,RM-2205,Released,2022-12-01 00:00:00
BCH-2022-0207,Masala Peanuts,Line C,2022-12-03 00:00:00,Dec-2022,Q4-2022,Night,Meena R.,206.0,RM-2206,Rejected,
BCH-2022-0208,Tapioca Crisps,Line D,2022-12-04 00:00:00,Dec-2022,Q4-2022,Morning,Suresh B.,192.7,RM-2207,Released,2022-12-05 00:00:00
BCH-2022-0209,Jackfruit Chips,Line E,2022-12-06 00:00:00,Dec-2022,Q4-2022,Afternoon,Ramesh K.,478.4,RM-2208,Hold – OOS,
BCH-2022-0210,Okra Chips,Line F,2022-12-07 00:00:00,Dec-2022,Q4-2022,Night,Priya S.,418.5,RM-2209,Released,2022-12-09 00:00:00
BCH-2022-0211,Roasted Corn,Line A,2022-12-10 00:00:00,Dec-2022,Q4-2022,Morning,Anand M.,389.2,RM-2210,Released,2022-12-12 00:00:00
BCH-2022-0212,Chickpea Snacks,Line B,2022-12-11 00:00:00,Dec-2022,Q4-2022,Afternoon,Sagar A.,564.8,RM-2211,Released,2022-12-14 00:00:00
BCH-2022-0213,Banana Chips,Line C,2022-12-18 00:00:00,Dec-2022,Q4-2022,Night,Divya N.,269.6,RM-2212,Rejected,
BCH-2022-0214,Sweet Potato Chips,Line D,2022-12-19 00:00:00,Dec-2022,Q4-2022,Morning,Karthik V.,601.3,RM-2213,Released,2022-12-20 00:00:00
BCH-2022-0215,Masala Peanuts,Line E,2022-12-20 00:00:00,Dec-2022,Q4-2022,Afternoon,Meena R.,401.6,RM-2214,Released,2022-12-23 00:00:00
BCH-2022-0216,Tapioca Crisps,Line F,2022-12-21 00:00:00,Dec-2022,Q4-2022,Night,Suresh B.,363.5,RM-2215,Released,2022-12-22 00:00:00
BCH-2022-0217,Jackfruit Chips,Line A,2022-12-22 00:00:00,Dec-2022,Q4-2022,Morning,Ramesh K.,443.5,RM-2216,Released,2022-12-25 00:00:00
BCH-2022-0218,Okra Chips,Line B,2022-12-23 00:00:00,Dec-2022,Q4-2022,Afternoon,Priya S.,286.8,RM-2217,Released,2022-12-25 00:00:00
BCH-2022-0219,Roasted Corn,Line C,2022-12-24 00:00:00,Dec-2022,Q4-2022,Night,Anand M.,287.2,RM-2218,Released,2022-12-25 00:00:00
BCH-2022-0220,Chickpea Snacks,Line D,2022-12-25 00:00:00,Dec-2022,Q4-2022,Morning,Sagar A.,344.3,RM-2219,Released,2022-12-27 00:00:00
BCH-2022-0221,Banana Chips,Line E,2022-12-26 00:00:00,Dec-2022,Q4-2022,Afternoon,Divya N.,594.4,RM-2220,Hold – OOS,
BCH-2022-0222,Sweet Potato Chips,Line F,2022-12-27 00:00:00,Dec-2022,Q4-2022,Night,Karthik V.,340.0,RM-2221,Hold – OOS,
BCH-2022-0223,Masala Peanuts,Line A,2023-01-01 00:00:00,Jan-2023,Q1-2023,Morning,Meena R.,372.9,RM-2222,Released,2023-01-02 00:00:00
BCH-2022-0224,Tapioca Crisps,Line B,2023-01-02 00:00:00,Jan-2023,Q1-2023,Afternoon,Suresh B.,394.7,RM-2223,Hold – OOS,
BCH-2022-0225,Jackfruit Chips,Line C,2023-01-03 00:00:00,Jan-2023,Q1-2023,Night,Ramesh K.,213.1,RM-2224,Released,2023-01-04 00:00:00
BCH-2022-0226,Okra Chips,Line D,2023-01-10 00:00:00,Jan-2023,Q1-2023,Morning,Priya S.,303.1,RM-2225,Released,2023-01-13 00:00:00
BCH-2022-0227,Roasted Corn,Line E,2023-01-11 00:00:00,Jan-2023,Q1-2023,Afternoon,Anand M.,260.1,RM-2226,Released,2023-01-14 00:00:00
BCH-2022-0228,Chickpea Snacks,Line F,2023-01-14 00:00:00,Jan-2023,Q1-2023,Night,Sagar A.,577.1,RM-2227,Released,2023-01-16 00:00:00
BCH-2022-0229,Banana Chips,Line A,2023-01-15 00:00:00,Jan-2023,Q1-2023,Morning,Divya N.,570.4,RM-2228,Released,2023-01-17 00:00:00
BCH-2022-0230,Sweet Potato Chips,Line B,2023-01-17 00:00:00,Jan-2023,Q1-2023,Afternoon,Karthik V.,596.8,RM-2229,Released,2023-01-19 00:00:00
BCH-2022-0231,Masala Peanuts,Line C,2023-01-19 00:00:00,Jan-2023,Q1-2023,Night,Meena R.,236.2,RM-2230,Released,2023-01-22 00:00:00
BCH-2022-0232,Tapioca Crisps,Line D,2023-01-20 00:00:00,Jan-2023,Q1-2023,Morning,Suresh B.,442.9,RM-2231,Released,2023-01-21 00:00:00
BCH-2022-0233,Jackfruit Chips,Line E,2023-01-21 00:00:00,Jan-2023,Q1-2023,Afternoon,Ramesh K.,594.9,RM-2232,Released,2023-01-22 00:00:00
BCH-2022-0234,Okra Chips,Line F,2023-01-22 00:00:00,Jan-2023,Q1-2023,Night,Priya S.,222.9,RM-2233,Released,2023-01-25 00:00:00
BCH-2022-0235,Roasted Corn,Line A,2023-01-23 00:00:00,Jan-2023,Q1-2023,Morning,Anand M.,613.6,RM-2234,Hold – OOS,
BCH-2022-0236,Chickpea Snacks,Line B,2023-01-24 00:00:00,Jan-2023,Q1-2023,Afternoon,Sagar A.,274.0,RM-2235,Released,2023-01-26 00:00:00
BCH-2022-0237,Banana Chips,Line C,2023-01-26 00:00:00,Jan-2023,Q1-2023,Night,Divya N.,589.0,RM-2236,Released,2023-01-27 00:00:00
BCH-2022-0238,Sweet Potato Chips,Line D,2023-01-27 00:00:00,Jan-2023,Q1-2023,Morning,Karthik V.,558.9,RM-2237,Released,2023-01-30 00:00:00
BCH-2022-0239,Masala Peanuts,Line E,2023-01-28 00:00:00,Jan-2023,Q1-2023,Afternoon,Meena R.,310.0,RM-2238,Released,2023-01-29 00:00:00
BCH-2022-0240,Tapioca Crisps,Line F,2023-01-30 00:00:00,Jan-2023,Q1-2023,Night,Suresh B.,429.6,RM-2239,Released,2023-01-31 00:00:00
BCH-2022-0241,Jackfruit Chips,Line A,2023-01-31 00:00:00,Jan-2023,Q1-2023,Morning,Ramesh K.,613.4,RM-2240,Released,2023-02-02 00:00:00
BCH-2022-0242,Okra Chips,Line B,2023-02-01 00:00:00,Feb-2023,Q1-2023,Afternoon,Priya S.,462.9,RM-2241,Released,2023-02-04 00:00:00
BCH-2022-0243,Roasted Corn,Line C,2023-02-02 00:00:00,Feb-2023,Q1-2023,Night,Anand M.,465.7,RM-2242,Rejected,
BCH-2022-0244,Chickpea Snacks,Line D,2023-02-03 00:00:00,Feb-2023,Q1-2023,Morning,Sagar A.,362.4,RM-2243,Released,2023-02-05 00:00:00
BCH-2022-0245,Banana Chips,Line E,2023-02-04 00:00:00,Feb-2023,Q1-2023,Afternoon,Divya N.,336.0,RM-2244,Released,2023-02-07 00:00:00
BCH-2022-0246,Sweet Potato Chips,Line F,2023-02-05 00:00:00,Feb-2023,Q1-2023,Night,Karthik V.,427.7,RM-2245,Released,2023-02-07 00:00:00
BCH-2022-0247,Masala Peanuts,Line A,2023-02-06 00:00:00,Feb-2023,Q1-2023,Morning,Meena R.,554.0,RM-2246,Released,2023-02-08 00:00:00
BCH-2022-0248,Tapioca Crisps,Line B,2023-02-07 00:00:00,Feb-2023,Q1-2023,Afternoon,Suresh B.,607.1,RM-2247,Released,2023-02-09 00:00:00
BCH-2022-0249,Jackfruit Chips,Line C,2023-02-08 00:00:00,Feb-2023,Q1-2023,Night,Ramesh K.,566.5,RM-2248,Released,2023-02-09 00:00:00
BCH-2022-0250,Okra Chips,Line D,2023-02-10 00:00:00,Feb-2023,Q1-2023,Morning,Priya S.,422.6,RM-2249,Released,2023-02-13 00:00:00
BCH-2022-0251,Roasted Corn,Line E,2023-02-11 00:00:00,Feb-2023,Q1-2023,Afternoon,Anand M.,413.0,RM-2250,Hold – OOS,
BCH-2022-0252,Chickpea Snacks,Line F,2023-02-16 00:00:00,Feb-2023,Q1-2023,Night,Sagar A.,182.2,RM-2251,Released,2023-02-18 00:00:00
BCH-2022-0253,Banana Chips,Line A,2023-02-19 00:00:00,Feb-2023,Q1-2023,Morning,Divya N.,222.7,RM-2252,Released,2023-02-21 00:00:00
BCH-2022-0254,Sweet Potato Chips,Line B,2023-02-21 00:00:00,Feb-2023,Q1-2023,Afternoon,Karthik V.,511.4,RM-2253,Released,2023-02-22 00:00:00
BCH-2022-0255,Masala Peanuts,Line C,2023-02-22 00:00:00,Feb-2023,Q1-2023,Night,Meena R.,379.7,RM-2254,Released,2023-02-23 00:00:00
BCH-2022-0256,Tapioca Crisps,Line D,2023-02-23 00:00:00,Feb-2023,Q1-2023,Morning,Suresh B.,430.6,RM-2255,Released,2023-02-24 00:00:00
BCH-2022-0257,Jackfruit Chips,Line E,2023-02-25 00:00:00,Feb-2023,Q1-2023,Afternoon,Ramesh K.,253.5,RM-2256,Released,2023-02-26 00:00:00
BCH-2022-0258,Okra Chips,Line F,2023-02-26 00:00:00,Feb-2023,Q1-2023,Night,Priya S.,286.3,RM-2257,Released,2023-02-28 00:00:00
BCH-2022-0259,Roasted Corn,Line A,2023-03-03 00:00:00,Mar-2023,Q1-2023,Morning,Anand M.,490.6,RM-2258,Released,2023-03-06 00:00:00
BCH-2022-0260,Chickpea Snacks,Line B,2023-03-04 00:00:00,Mar-2023,Q1-2023,Afternoon,Sagar A.,191.6,RM-2259,Released,2023-03-06 00:00:00
BCH-2022-0261,Banana Chips,Line C,2023-03-05 00:00:00,Mar-2023,Q1-2023,Night,Divya N.,240.5,RM-2260,Hold – OOS,
BCH-2022-0262,Sweet Potato Chips,Line D,2023-03-07 00:00:00,Mar-2023,Q1-2023,Morning,Karthik V.,609.3,RM-2261,Released,2023-03-08 00:00:00
BCH-2022-0263,Masala Peanuts,Line E,2023-03-12 00:00:00,Mar-2023,Q1-2023,Afternoon,Meena R.,409.5,RM-2262,Released,2023-03-14 00:00:00
BCH-2022-0264,Tapioca Crisps,Line F,2023-03-13 00:00:00,Mar-2023,Q1-2023,Night,Suresh B.,407.4,RM-2263,Released,2023-03-15 00:00:00
BCH-2022-0265,Jackfruit Chips,Line A,2023-03-14 00:00:00,Mar-2023,Q1-2023,Morning,Ramesh K.,444.6,RM-2264,Released,2023-03-16 00:00:00
BCH-2022-0266,Okra Chips,Line B,2023-03-16 00:00:00,Mar-2023,Q1-2023,Afternoon,Priya S.,302.9,RM-2265,Released,2023-03-17 00:00:00
BCH-2022-0267,Roasted Corn,Line C,2023-03-17 00:00:00,Mar-2023,Q1-2023,Night,Anand M.,295.6,RM-2266,Released,2023-03-18 00:00:00
BCH-2022-0268,Chickpea Snacks,Line D,2023-03-18 00:00:00,Mar-2023,Q1-2023,Morning,Sagar A.,289.0,RM-2267,Hold – OOS,
BCH-2022-0269,Banana Chips,Line E,2023-03-19 00:00:00,Mar-2023,Q1-2023,Afternoon,Divya N.,515.4,RM-2268,Released,2023-03-20 00:00:00
BCH-2022-0270,Sweet Potato Chips,Line F,2023-03-21 00:00:00,Mar-2023,Q1-2023,Night,Karthik V.,406.0,RM-2269,Released,2023-03-24 00:00:00
BCH-2022-0271,Masala Peanuts,Line A,2023-03-22 00:00:00,Mar-2023,Q1-2023,Morning,Meena R.,313.2,RM-2270,Released,2023-03-24 00:00:00
BCH-2022-0272,Tapioca Crisps,Line B,2023-03-23 00:00:00,Mar-2023,Q1-2023,Afternoon,Suresh B.,337.8,RM-2271,Released,2023-03-24 00:00:00
BCH-2022-0273,Jackfruit Chips,Line C,2023-03-26 00:00:00,Mar-2023,Q1-2023,Night,Ramesh K.,206.9,RM-2272,Released,2023-03-28 00:00:00
BCH-2022-0274,Okra Chips,Line D,2023-03-27 00:00:00,Mar-2023,Q1-2023,Morning,Priya S.,496.2,RM-2273,Released,2023-03-29 00:00:00
BCH-2022-0275,Roasted Corn,Line E,2023-03-28 00:00:00,Mar-2023,Q1-2023,Afternoon,Anand M.,493.5,RM-2274,Released,2023-03-30 00:00:00
BCH-2022-0276,Chickpea Snacks,Line F,2023-03-29 00:00:00,Mar-2023,Q1-2023,Night,Sagar A.,593.4,RM-2275,Released,2023-03-31 00:00:00
BCH-2022-0277,Banana Chips,Line A,2023-03-30 00:00:00,Mar-2023,Q1-2023,Morning,Divya N.,554.4,RM-2276,Rejected,
BCH-2022-0278,Sweet Potato Chips,Line B,2023-04-06 00:00:00,Apr-2023,Q2-2023,Afternoon,Karthik V.,391.7,RM-2277,Released,2023-04-08 00:00:00
BCH-2022-0279,Masala Peanuts,Line C,2023-04-07 00:00:00,Apr-2023,Q2-2023,Night,Meena R.,288.4,RM-2278,Released,2023-04-09 00:00:00
BCH-2022-0280,Tapioca Crisps,Line D,2023-04-08 00:00:00,Apr-2023,Q2-2023,Morning,Suresh B.,279.0,RM-2279,Released,2023-04-11 00:00:00
BCH-2022-0281,Jackfruit Chips,Line E,2023-04-13 00:00:00,Apr-2023,Q2-2023,Afternoon,Ramesh K.,261.6,RM-2280,Released,2023-04-14 00:00:00
BCH-2022-0282,Okra Chips,Line F,2023-04-14 00:00:00,Apr-2023,Q2-2023,Night,Priya S.,566.5,RM-2281,Released,2023-04-16 00:00:00
BCH-2022-0283,Roasted Corn,Line A,2023-04-15 00:00:00,Apr-2023,Q2-2023,Morning,Anand M.,496.4,RM-2282,Released,2023-04-16 00:00:00
BCH-2022-0284,Chickpea Snacks,Line B,2023-04-17 00:00:00,Apr-2023,Q2-2023,Afternoon,Sagar A.,334.1,RM-2283,Released,2023-04-18 00:00:00
BCH-2022-0285,Banana Chips,Line C,2023-04-22 00:00:00,Apr-2023,Q2-2023,Night,Divya N.,559.1,RM-2284,Hold – OOS,
BCH-2022-0286,Sweet Potato Chips,Line D,2023-04-23 00:00:00,Apr-2023,Q2-2023,Morning,Karthik V.,320.1,RM-2285,Released,2023-04-26 00:00:00
BCH-2022-0287,Masala Peanuts,Line E,2023-04-28 00:00:00,Apr-2023,Q2-2023,Afternoon,Meena R.,452.1,RM-2286,Released,2023-05-01 00:00:00
BCH-2022-0288,Tapioca Crisps,Line F,2023-04-29 00:00:00,Apr-2023,Q2-2023,Night,Suresh B.,290.6,RM-2287,Released,2023-05-02 00:00:00
BCH-2022-0289,Jackfruit Chips,Line A,2023-04-30 00:00:00,Apr-2023,Q2-2023,Morning,Ramesh K.,193.3,RM-2288,Released,2023-05-01 00:00:00
BCH-2022-0290,Okra Chips,Line B,2023-05-03 00:00:00,May-2023,Q2-2023,Afternoon,Priya S.,275.4,RM-2289,Released,2023-05-06 00:00:00
BCH-2022-0291,Roasted Corn,Line C,2023-05-04 00:00:00,May-2023,Q2-2023,Night,Anand M.,408.9,RM-2290,Released,2023-05-05 00:00:00
BCH-2022-0292,Chickpea Snacks,Line D,2023-05-06 00:00:00,May-2023,Q2-2023,Morning,Sagar A.,303.6,RM-2291,Released,2023-05-07 00:00:00
BCH-2022-0293,Banana Chips,Line E,2023-05-07 00:00:00,May-2023,Q2-2023,Afternoon,Divya N.,531.9,RM-2292,Released,2023-05-08 00:00:00
BCH-2022-0294,Sweet Potato Chips,Line F,2023-05-08 00:00:00,May-2023,Q2-2023,Night,Karthik V.,485.9,RM-2293,Released,2023-05-11 00:00:00
BCH-2022-0295,Masala Peanuts,Line A,2023-05-09 00:00:00,May-2023,Q2-2023,Morning,Meena R.,396.9,RM-2294,Released,2023-05-11 00:00:00
BCH-2022-0296,Tapioca Crisps,Line B,2023-05-10 00:00:00,May-2023,Q2-2023,Afternoon,Suresh B.,282.0,RM-2295,Released,2023-05-12 00:00:00
BCH-2022-0297,Jackfruit Chips,Line C,2023-05-11 00:00:00,May-2023,Q2-2023,Night,Ramesh K.,577.1,RM-2296,Released,2023-05-13 00:00:00
BCH-2022-0298,Okra Chips,Line D,2023-05-13 00:00:00,May-2023,Q2-2023,Morning,Priya S.,530.7,RM-2297,Released,2023-05-14 00:00:00
BCH-2022-0299,Roasted Corn,Line E,2023-05-14 00:00:00,May-2023,Q2-2023,Afternoon,Anand M.,615.7,RM-2298,Hold – OOS,
BCH-2022-0300,Chickpea Snacks,Line F,2023-05-15 00:00:00,May-2023,Q2-2023,Night,Sagar A.,430.7,RM-2299,Released,2023-05-17 00:00:00
BCH-2022-0301,Banana Chips,Line A,2023-05-16 00:00:00,May-2023,Q2-2023,Morning,Divya N.,422.2,RM-2300,Released,2023-05-18 00:00:00
BCH-2022-0302,Sweet Potato Chips,Line B,2023-05-17 00:00:00,May-2023,Q2-2023,Afternoon,Karthik V.,602.6,RM-2301,Released,2023-05-20 00:00:00
BCH-2022-0303,Masala Peanuts,Line C,2023-05-19 00:00:00,May-2023,Q2-2023,Night,Meena R.,570.4,RM-2302,Released,2023-05-22 00:00:00
BCH-2022-0304,Tapioca Crisps,Line D,2023-05-20 00:00:00,May-2023,Q2-2023,Morning,Suresh B.,525.4,RM-2303,Released,2023-05-21 00:00:00
BCH-2022-0305,Jackfruit Chips,Line E,2023-05-21 00:00:00,May-2023,Q2-2023,Afternoon,Ramesh K.,493.3,RM-2304,Released,2023-05-22 00:00:00
BCH-2022-0306,Okra Chips,Line F,2023-05-22 00:00:00,May-2023,Q2-2023,Night,Priya S.,309.4,RM-2305,Released,2023-05-23 00:00:00
BCH-2022-0307,Roasted Corn,Line A,2023-05-23 00:00:00,May-2023,Q2-2023,Morning,Anand M.,278.9,RM-2306,Hold – OOS,
BCH-2022-0308,Chickpea Snacks,Line B,2023-05-24 00:00:00,May-2023,Q2-2023,Afternoon,Sagar A.,514.8,RM-2307,Released,2023-05-27 00:00:00
BCH-2022-0309,Banana Chips,Line C,2023-05-25 00:00:00,May-2023,Q2-2023,Night,Divya N.,380.3,RM-2308,Released,2023-05-28 00:00:00
BCH-2022-0310,Sweet Potato Chips,Line D,2023-05-28 00:00:00,May-2023,Q2-2023,Morning,Karthik V.,342.1,RM-2309,Hold – OOS,
BCH-2022-0311,Masala Peanuts,Line E,2023-05-30 00:00:00,May-2023,Q2-2023,Afternoon,Meena R.,364.9,RM-2310,Released,2023-05-31 00:00:00
BCH-2022-0312,Tapioca Crisps,Line F,2023-06-01 00:00:00,Jun-2023,Q2-2023,Night,Suresh B.,567.5,RM-2311,Released,2023-06-04 00:00:00
BCH-2022-0313,Jackfruit Chips,Line A,2023-06-04 00:00:00,Jun-2023,Q2-2023,Morning,Ramesh K.,561.2,RM-2312,Released,2023-06-06 00:00:00
BCH-2022-0314,Okra Chips,Line B,2023-06-06 00:00:00,Jun-2023,Q2-2023,Afternoon,Priya S.,353.0,RM-2313,Released,2023-06-07 00:00:00
BCH-2022-0315,Roasted Corn,Line C,2023-06-07 00:00:00,Jun-2023,Q2-2023,Night,Anand M.,273.8,RM-2314,Hold – OOS,
BCH-2022-0316,Chickpea Snacks,Line D,2023-06-08 00:00:00,Jun-2023,Q2-2023,Morning,Sagar A.,326.5,RM-2315,Released,2023-06-10 00:00:00
BCH-2022-0317,Banana Chips,Line E,2023-06-09 00:00:00,Jun-2023,Q2-2023,Afternoon,Divya N.,443.2,RM-2316,Released,2023-06-12 00:00:00
BCH-2022-0318,Sweet Potato Chips,Line F,2023-06-10 00:00:00,Jun-2023,Q2-2023,Night,Karthik V.,586.0,RM-2317,Rejected,
BCH-2022-0319,Masala Peanuts,Line A,2023-06-13 00:00:00,Jun-2023,Q2-2023,Morning,Meena R.,511.1,RM-2318,Rejected,
BCH-2022-0320,Tapioca Crisps,Line B,2023-06-14 00:00:00,Jun-2023,Q2-2023,Afternoon,Suresh B.,251.8,RM-2319,Released,2023-06-16 00:00:00
BCH-2022-0321,Jackfruit Chips,Line C,2023-06-15 00:00:00,Jun-2023,Q2-2023,Night,Ramesh K.,450.6,RM-2320,Released,2023-06-17 00:00:00
BCH-2022-0322,Okra Chips,Line D,2023-06-16 00:00:00,Jun-2023,Q2-2023,Morning,Priya S.,261.6,RM-2321,Hold – OOS,
BCH-2022-0323,Roasted Corn,Line E,2023-06-17 00:00:00,Jun-2023,Q2-2023,Afternoon,Anand M.,312.1,RM-2322,Released,2023-06-20 00:00:00
BCH-2022-0324,Chickpea Snacks,Line F,2023-06-18 00:00:00,Jun-2023,Q2-2023,Night,Sagar A.,535.0,RM-2323,Released,2023-06-21 00:00:00
BCH-2022-0325,Banana Chips,Line A,2023-06-20 00:00:00,Jun-2023,Q2-2023,Morning,Divya N.,309.8,RM-2324,Rejected,
BCH-2022-0326,Sweet Potato Chips,Line B,2023-06-21 00:00:00,Jun-2023,Q2-2023,Afternoon,Karthik V.,333.6,RM-2325,Hold – OOS,
BCH-2022-0327,Masala Peanuts,Line C,2023-06-23 00:00:00,Jun-2023,Q2-2023,Night,Meena R.,538.3,RM-2326,Released,2023-06-25 00:00:00
BCH-2022-0328,Tapioca Crisps,Line D,2023-06-25 00:00:00,Jun-2023,Q2-2023,Morning,Suresh B.,464.7,RM-2327,Rejected,
BCH-2022-0329,Jackfruit Chips,Line E,2023-06-26 00:00:00,Jun-2023,Q2-2023,Afternoon,Ramesh K.,416.8,RM-2328,Released,2023-06-27 00:00:00
BCH-2022-0330,Okra Chips,Line F,2023-06-27 00:00:00,Jun-2023,Q2-2023,Night,Priya S.,606.3,RM-2329,Released,2023-06-28 00:00:00
BCH-2022-0331,Roasted Corn,Line A,2023-06-28 00:00:00,Jun-2023,Q2-2023,Morning,Anand M.,448.8,RM-2330,Released,2023-06-30 00:00:00
BCH-2022-0332,Chickpea Snacks,Line B,2023-06-30 00:00:00,Jun-2023,Q2-2023,Afternoon,Sagar A.,249.3,RM-2331,Released,2023-07-02 00:00:00
BCH-2022-0333,Banana Chips,Line C,2023-07-01 00:00:00,Jul-2023,Q3-2023,Night,Divya N.,377.4,RM-2332,Released,2023-07-03 00:00:00
BCH-2022-0334,Sweet Potato Chips,Line D,2023-07-02 00:00:00,Jul-2023,Q3-2023,Morning,Karthik V.,300.6,RM-2333,Released,2023-07-03 00:00:00
BCH-2022-0335,Masala Peanuts,Line E,2023-07-03 00:00:00,Jul-2023,Q3-2023,Afternoon,Meena R.,370.8,RM-2334,Released,2023-07-04 00:00:00
BCH-2022-0336,Tapioca Crisps,Line F,2023-07-08 00:00:00,Jul-2023,Q3-2023,Night,Suresh B.,208.3,RM-2335,Released,2023-07-09 00:00:00
BCH-2022-0337,Jackfruit Chips,Line A,2023-07-10 00:00:00,Jul-2023,Q3-2023,Morning,Ramesh K.,219.7,RM-2336,Released,2023-07-12 00:00:00
BCH-2022-0338,Okra Chips,Line B,2023-07-11 00:00:00,Jul-2023,Q3-2023,Afternoon,Priya S.,256.9,RM-2337,Released,2023-07-12 00:00:00
BCH-2022-0339,Roasted Corn,Line C,2023-07-13 00:00:00,Jul-2023,Q3-2023,Night,Anand M.,359.9,RM-2338,Released,2023-07-16 00:00:00
BCH-2022-0340,Chickpea Snacks,Line D,2023-07-15 00:00:00,Jul-2023,Q3-2023,Morning,Sagar A.,577.3,RM-2339,Released,2023-07-17 00:00:00
BCH-2022-0341,Banana Chips,Line E,2023-07-16 00:00:00,Jul-2023,Q3-2023,Afternoon,Divya N.,223.9,RM-2340,Released,2023-07-19 00:00:00
BCH-2022-0342,Sweet Potato Chips,Line F,2023-07-19 00:00:00,Jul-2023,Q3-2023,Night,Karthik V.,191.1,RM-2341,Released,2023-07-21 00:00:00
BCH-2022-0343,Masala Peanuts,Line A,2023-07-20 00:00:00,Jul-2023,Q3-2023,Morning,Meena R.,588.1,RM-2342,Released,2023-07-21 00:00:00
BCH-2022-0344,Tapioca Crisps,Line B,2023-07-22 00:00:00,Jul-2023,Q3-2023,Afternoon,Suresh B.,234.0,RM-2343,Released,2023-07-25 00:00:00
BCH-2022-0345,Jackfruit Chips,Line C,2023-07-23 00:00:00,Jul-2023,Q3-2023,Night,Ramesh K.,617.2,RM-2344,Released,2023-07-25 00:00:00
BCH-2022-0346,Okra Chips,Line D,2023-07-24 00:00:00,Jul-2023,Q3-2023,Morning,Priya S.,405.2,RM-2345,Released,2023-07-25 00:00:00
BCH-2022-0347,Roasted Corn,Line E,2023-07-25 00:00:00,Jul-2023,Q3-2023,Afternoon,Anand M.,480.7,RM-2346,Released,2023-07-27 00:00:00
BCH-2022-0348,Chickpea Snacks,Line F,2023-07-26 00:00:00,Jul-2023,Q3-2023,Night,Sagar A.,216.4,RM-2347,Released,2023-07-28 00:00:00
BCH-2022-0349,Banana Chips,Line A,2023-07-28 00:00:00,Jul-2023,Q3-2023,Morning,Divya N.,259.7,RM-2348,Rejected,
BCH-2022-0350,Sweet Potato Chips,Line B,2023-07-29 00:00:00,Jul-2023,Q3-2023,Afternoon,Karthik V.,409.9,RM-2349,Released,2023-07-30 00:00:00
BCH-2022-0351,Masala Peanuts,Line C,2023-07-30 00:00:00,Jul-2023,Q3-2023,Night,Meena R.,397.2,RM-2350,Released,2023-08-01 00:00:00
BCH-2022-0352,Tapioca Crisps,Line D,2023-07-31 00:00:00,Jul-2023,Q3-2023,Morning,Suresh B.,478.6,RM-2351,Released,2023-08-03 00:00:00
BCH-2022-0353,Jackfruit Chips,Line E,2023-08-01 00:00:00,Aug-2023,Q3-2023,Afternoon,Ramesh K.,386.9,RM-2352,Released,2023-08-02 00:00:00
BCH-2022-0354,Okra Chips,Line F,2023-08-02 00:00:00,Aug-2023,Q3-2023,Night,Priya S.,349.0,RM-2353,Released,2023-08-03 00:00:00
BCH-2022-0355,Roasted Corn,Line A,2023-08-03 00:00:00,Aug-2023,Q3-2023,Morning,Anand M.,254.7,RM-2354,Released,2023-08-04 00:00:00
BCH-2022-0356,Chickpea Snacks,Line B,2023-08-05 00:00:00,Aug-2023,Q3-2023,Afternoon,Sagar A.,287.3,RM-2355,Released,2023-08-07 00:00:00
BCH-2022-0357,Banana Chips,Line C,2023-08-06 00:00:00,Aug-2023,Q3-2023,Night,Divya N.,407.1,RM-2356,Released,2023-08-08 00:00:00
BCH-2022-0358,Sweet Potato Chips,Line D,2023-08-07 00:00:00,Aug-2023,Q3-2023,Morning,Karthik V.,253.3,RM-2357,Hold – OOS,
BCH-2022-0359,Masala Peanuts,Line E,2023-08-08 00:00:00,Aug-2023,Q3-2023,Afternoon,Meena R.,235.6,RM-2358,Released,2023-08-11 00:00:00
BCH-2022-0360,Tapioca Crisps,Line F,2023-08-10 00:00:00,Aug-2023,Q3-2023,Night,Suresh B.,263.2,RM-2359,Released,2023-08-13 00:00:00
BCH-2022-0361,Jackfruit Chips,Line A,2023-08-11 00:00:00,Aug-2023,Q3-2023,Morning,Ramesh K.,183.3,RM-2360,Released,2023-08-14 00:00:00
BCH-2022-0362,Okra Chips,Line B,2023-08-12 00:00:00,Aug-2023,Q3-2023,Afternoon,Priya S.,563.9,RM-2361,Released,2023-08-14 00:00:00
BCH-2022-0363,Roasted Corn,Line C,2023-08-13 00:00:00,Aug-2023,Q3-2023,Night,Anand M.,223.4,RM-2362,Released,2023-08-15 00:00:00
BCH-2022-0364,Chickpea Snacks,Line D,2023-08-14 00:00:00,Aug-2023,Q3-2023,Morning,Sagar A.,400.4,RM-2363,Released,2023-08-15 00:00:00
BCH-2022-0365,Banana Chips,Line E,2023-08-15 00:00:00,Aug-2023,Q3-2023,Afternoon,Divya N.,562.6,RM-2364,Released,2023-08-16 00:00:00
BCH-2022-0366,Sweet Potato Chips,Line F,2023-08-16 00:00:00,Aug-2023,Q3-2023,Night,Karthik V.,356.2,RM-2365,Released,2023-08-17 00:00:00
BCH-2022-0367,Masala Peanuts,Line A,2023-08-17 00:00:00,Aug-2023,Q3-2023,Morning,Meena R.,446.9,RM-2366,Released,2023-08-18 00:00:00
BCH-2022-0368,Tapioca Crisps,Line B,2023-08-18 00:00:00,Aug-2023,Q3-2023,Afternoon,Suresh B.,430.2,RM-2367,Rejected,
BCH-2022-0369,Jackfruit Chips,Line C,2023-08-19 00:00:00,Aug-2023,Q3-2023,Night,Ramesh K.,594.4,RM-2368,Released,2023-08-20 00:00:00
BCH-2022-0370,Okra Chips,Line D,2023-08-20 00:00:00,Aug-2023,Q3-2023,Morning,Priya S.,419.7,RM-2369,Released,2023-08-21 00:00:00
BCH-2022-0371,Roasted Corn,Line E,2023-08-21 00:00:00,Aug-2023,Q3-2023,Afternoon,Anand M.,204.4,RM-2370,Released,2023-08-23 00:00:00
BCH-2022-0372,Chickpea Snacks,Line F,2023-08-22 00:00:00,Aug-2023,Q3-2023,Night,Sagar A.,301.3,RM-2371,Rejected,
BCH-2022-0373,Banana Chips,Line A,2023-08-23 00:00:00,Aug-2023,Q3-2023,Morning,Divya N.,401.5,RM-2372,Released,2023-08-25 00:00:00
BCH-2022-0374,Sweet Potato Chips,Line B,2023-08-25 00:00:00,Aug-2023,Q3-2023,Afternoon,Karthik V.,510.7,RM-2373,Released,2023-08-27 00:00:00
BCH-2022-0375,Masala Peanuts,Line C,2023-08-28 00:00:00,Aug-2023,Q3-2023,Night,Meena R.,578.3,RM-2374,Hold – OOS,
BCH-2022-0376,Tapioca Crisps,Line D,2023-08-31 00:00:00,Aug-2023,Q3-2023,Morning,Suresh B.,457.6,RM-2375,Released,2023-09-01 00:00:00
BCH-2022-0377,Jackfruit Chips,Line E,2023-09-02 00:00:00,Sep-2023,Q3-2023,Afternoon,Ramesh K.,279.2,RM-2376,Released,2023-09-03 00:00:00
BCH-2022-0378,Okra Chips,Line F,2023-09-03 00:00:00,Sep-2023,Q3-2023,Night,Priya S.,418.2,RM-2377,Released,2023-09-04 00:00:00
BCH-2022-0379,Roasted Corn,Line A,2023-09-04 00:00:00,Sep-2023,Q3-2023,Morning,Anand M.,189.4,RM-2378,Released,2023-09-06 00:00:00
BCH-2022-0380,Chickpea Snacks,Line B,2023-09-05 00:00:00,Sep-2023,Q3-2023,Afternoon,Sagar A.,380.8,RM-2379,Released,2023-09-06 00:00:00
BCH-2022-0381,Banana Chips,Line C,2023-09-06 00:00:00,Sep-2023,Q3-2023,Night,Divya N.,602.5,RM-2380,Released,2023-09-07 00:00:00
BCH-2022-0382,Sweet Potato Chips,Line D,2023-09-09 00:00:00,Sep-2023,Q3-2023,Morning,Karthik V.,477.1,RM-2381,Released,2023-09-11 00:00:00
BCH-2022-0383,Masala Peanuts,Line E,2023-09-12 00:00:00,Sep-2023,Q3-2023,Afternoon,Meena R.,193.0,RM-2382,Released,2023-09-15 00:00:00
BCH-2022-0384,Tapioca Crisps,Line F,2023-09-13 00:00:00,Sep-2023,Q3-2023,Night,Suresh B.,322.8,RM-2383,Released,2023-09-16 00:00:00
BCH-2022-0385,Jackfruit Chips,Line A,2023-09-14 00:00:00,Sep-2023,Q3-2023,Morning,Ramesh K.,555.8,RM-2384,Hold – OOS,
BCH-2022-0386,Okra Chips,Line B,2023-09-15 00:00:00,Sep-2023,Q3-2023,Afternoon,Priya S.,437.7,RM-2385,Released,2023-09-18 00:00:00
BCH-2022-0387,Roasted Corn,Line C,2023-09-20 00:00:00,Sep-2023,Q3-2023,Night,Anand M.,183.6,RM-2386,Released,2023-09-23 00:00:00
BCH-2022-0388,Chickpea Snacks,Line D,2023-09-21 00:00:00,Sep-2023,Q3-2023,Morning,Sagar A.,537.2,RM-2387,Released,2023-09-23 00:00:00
BCH-2022-0389,Banana Chips,Line E,2023-09-22 00:00:00,Sep-2023,Q3-2023,Afternoon,Divya N.,255.2,RM-2388,Released,2023-09-25 00:00:00
BCH-2022-0390,Sweet Potato Chips,Line F,2023-09-24 00:00:00,Sep-2023,Q3-2023,Night,Karthik V.,446.0,RM-2389,Released,2023-09-26 00:00:00
BCH-2022-0391,Masala Peanuts,Line A,2023-09-27 00:00:00,Sep-2023,Q3-2023,Morning,Meena R.,613.0,RM-2390,Released,2023-09-30 00:00:00
BCH-2022-0392,Tapioca Crisps,Line B,2023-09-29 00:00:00,Sep-2023,Q3-2023,Afternoon,Suresh B.,266.3,RM-2391,Released,2023-10-02 00:00:00
BCH-2022-0393,Jackfruit Chips,Line C,2023-09-30 00:00:00,Sep-2023,Q3-2023,Night,Ramesh K.,323.0,RM-2392,Released,2023-10-03 00:00:00
BCH-2022-0394,Okra Chips,Line D,2023-10-01 00:00:00,Oct-2023,Q4-2023,Morning,Priya S.,228.5,RM-2393,Released,2023-10-02 00:00:00
BCH-2022-0395,Roasted Corn,Line E,2023-10-02 00:00:00,Oct-2023,Q4-2023,Afternoon,Anand M.,190.9,RM-2394,Released,2023-10-04 00:00:00
BCH-2022-0396,Chickpea Snacks,Line F,2023-10-03 00:00:00,Oct-2023,Q4-2023,Night,Sagar A.,406.0,RM-2395,Released,2023-10-04 00:00:00
BCH-2022-0397,Banana Chips,Line A,2023-10-04 00:00:00,Oct-2023,Q4-2023,Morning,Divya N.,273.9,RM-2396,Released,2023-10-06 00:00:00
BCH-2022-0398,Sweet Potato Chips,Line B,2023-10-05 00:00:00,Oct-2023,Q4-2023,Afternoon,Karthik V.,419.9,RM-2397,Released,2023-10-07 00:00:00
BCH-2022-0399,Masala Peanuts,Line C,2023-10-06 00:00:00,Oct-2023,Q4-2023,Night,Meena R.,320.8,RM-2398,Released,2023-10-09 00:00:00
BCH-2022-0400,Tapioca Crisps,Line D,2023-10-07 00:00:00,Oct-2023,Q4-2023,Morning,Suresh B.,596.7,RM-2399,Hold – OOS,
BCH-2022-0401,Jackfruit Chips,Line E,2023-10-09 00:00:00,Oct-2023,Q4-2023,Afternoon,Ramesh K.,341.4,RM-2400,Released,2023-10-12 00:00:00
BCH-2022-0402,Okra Chips,Line F,2023-10-10 00:00:00,Oct-2023,Q4-2023,Night,Priya S.,441.4,RM-2401,Released,2023-10-13 00:00:00
BCH-2022-0403,Roasted Corn,Line A,2023-10-11 00:00:00,Oct-2023,Q4-2023,Morning,Anand M.,497.8,RM-2402,Released,2023-10-13 00:00:00
BCH-2022-0404,Chickpea Snacks,Line B,2023-10-12 00:00:00,Oct-2023,Q4-2023,Afternoon,Sagar A.,264.2,RM-2403,Released,2023-10-15 00:00:00
BCH-2022-0405,Banana Chips,Line C,2023-10-13 00:00:00,Oct-2023,Q4-2023,Night,Divya N.,488.5,RM-2404,Released,2023-10-16 00:00:00
BCH-2022-0406,Sweet Potato Chips,Line D,2023-10-14 00:00:00,Oct-2023,Q4-2023,Morning,Karthik V.,350.7,RM-2405,Released,2023-10-17 00:00:00
BCH-2022-0407,Masala Peanuts,Line E,2023-10-15 00:00:00,Oct-2023,Q4-2023,Afternoon,Meena R.,556.0,RM-2406,Released,2023-10-17 00:00:00
BCH-2022-0408,Tapioca Crisps,Line F,2023-10-16 00:00:00,Oct-2023,Q4-2023,Night,Suresh B.,184.6,RM-2407,Released,2023-10-19 00:00:00
BCH-2022-0409,Jackfruit Chips,Line A,2023-10-19 00:00:00,Oct-2023,Q4-2023,Morning,Ramesh K.,380.0,RM-2408,Hold – OOS,
BCH-2022-0410,Okra Chips,Line B,2023-10-20 00:00:00,Oct-2023,Q4-2023,Afternoon,Priya S.,461.2,RM-2409,Released,2023-10-21 00:00:00
BCH-2022-0411,Roasted Corn,Line C,2023-10-21 00:00:00,Oct-2023,Q4-2023,Night,Anand M.,475.5,RM-2410,Released,2023-10-23 00:00:00
BCH-2022-0412,Chickpea Snacks,Line D,2023-10-26 00:00:00,Oct-2023,Q4-2023,Morning,Sagar A.,599.3,RM-2411,Released,2023-10-27 00:00:00
BCH-2022-0413,Banana Chips,Line E,2023-10-27 00:00:00,Oct-2023,Q4-2023,Afternoon,Divya N.,376.0,RM-2412,Released,2023-10-30 00:00:00
BCH-2022-0414,Sweet Potato Chips,Line F,2023-10-28 00:00:00,Oct-2023,Q4-2023,Night,Karthik V.,348.9,RM-2413,Released,2023-10-31 00:00:00
BCH-2022-0415,Masala Peanuts,Line A,2023-10-29 00:00:00,Oct-2023,Q4-2023,Morning,Meena R.,505.9,RM-2414,Released,2023-10-31 00:00:00
BCH-2022-0416,Tapioca Crisps,Line B,2023-10-30 00:00:00,Oct-2023,Q4-2023,Afternoon,Suresh B.,506.7,RM-2415,Released,2023-11-02 00:00:00
BCH-2022-0417,Jackfruit Chips,Line C,2023-10-31 00:00:00,Oct-2023,Q4-2023,Night,Ramesh K.,442.0,RM-2416,Released,2023-11-03 00:00:00
BCH-2022-0418,Okra Chips,Line D,2023-11-02 00:00:00,Nov-2023,Q4-2023,Morning,Priya S.,237.4,RM-2417,Released,2023-11-04 00:00:00
BCH-2022-0419,Roasted Corn,Line E,2023-11-03 00:00:00,Nov-2023,Q4-2023,Afternoon,Anand M.,489.5,RM-2418,Released,2023-11-04 00:00:00
BCH-2022-0420,Chickpea Snacks,Line F,2023-11-05 00:00:00,Nov-2023,Q4-2023,Night,Sagar A.,411.1,RM-2419,Released,2023-11-08 00:00:00
BCH-2023-0421,Banana Chips,Line A,2023-11-08 00:00:00,Nov-2023,Q4-2023,Morning,Divya N.,188.4,RM-2420,Hold – OOS,
BCH-2023-0422,Sweet Potato Chips,Line B,2023-11-10 00:00:00,Nov-2023,Q4-2023,Afternoon,Karthik V.,614.7,RM-2421,Released,2023-11-13 00:00:00
BCH-2023-0423,Masala Peanuts,Line C,2023-11-11 00:00:00,Nov-2023,Q4-2023,Night,Meena R.,610.9,RM-2422,Released,2023-11-12 00:00:00
BCH-2023-0424,Tapioca Crisps,Line D,2023-11-13 00:00:00,Nov-2023,Q4-2023,Morning,Suresh B.,518.7,RM-2423,Released,2023-11-16 00:00:00
BCH-2023-0425,Jackfruit Chips,Line E,2023-11-14 00:00:00,Nov-2023,Q4-2023,Afternoon,Ramesh K.,588.1,RM-2424,Released,2023-11-17 00:00:00
BCH-2023-0426,Okra Chips,Line F,2023-11-15 00:00:00,Nov-2023,Q4-2023,Night,Priya S.,451.5,RM-2425,Released,2023-11-16 00:00:00
BCH-2023-0427,Roasted Corn,Line A,2023-11-18 00:00:00,Nov-2023,Q4-2023,Morning,Anand M.,190.2,RM-2426,Released,2023-11-19 00:00:00
BCH-2023-0428,Chickpea Snacks,Line B,2023-11-19 00:00:00,Nov-2023,Q4-2023,Afternoon,Sagar A.,559.7,RM-2427,Released,2023-11-20 00:00:00
BCH-2023-0429,Banana Chips,Line C,2023-11-20 00:00:00,Nov-2023,Q4-2023,Night,Divya N.,310.3,RM-2428,Released,2023-11-21 00:00:00
BCH-2023-0430,Sweet Potato Chips,Line D,2023-11-21 00:00:00,Nov-2023,Q4-2023,Morning,Karthik V.,250.6,RM-2429,Released,2023-11-23 00:00:00
BCH-2023-0431,Masala Peanuts,Line E,2023-11-22 00:00:00,Nov-2023,Q4-2023,Afternoon,Meena R.,183.0,RM-2430,Hold – OOS,
BCH-2023-0432,Tapioca Crisps,Line F,2023-11-25 00:00:00,Nov-2023,Q4-2023,Night,Suresh B.,591.7,RM-2431,Released,2023-11-26 00:00:00
BCH-2023-0433,Jackfruit Chips,Line A,2023-11-27 00:00:00,Nov-2023,Q4-2023,Morning,Ramesh K.,546.1,RM-2432,Released,2023-11-30 00:00:00
BCH-2023-0434,Okra Chips,Line B,2023-11-28 00:00:00,Nov-2023,Q4-2023,Afternoon,Priya S.,344.5,RM-2433,Released,2023-12-01 00:00:00
BCH-2023-0435,Roasted Corn,Line C,2023-12-01 00:00:00,Dec-2023,Q4-2023,Night,Anand M.,561.8,RM-2434,Released,2023-12-02 00:00:00
BCH-2023-0436,Chickpea Snacks,Line D,2023-12-04 00:00:00,Dec-2023,Q4-2023,Morning,Sagar A.,572.9,RM-2435,Released,2023-12-06 00:00:00
BCH-2023-0437,Banana Chips,Line E,2023-12-05 00:00:00,Dec-2023,Q4-2023,Afternoon,Divya N.,568.5,RM-2436,Released,2023-12-06 00:00:00
BCH-2023-0438,Sweet Potato Chips,Line F,2023-12-06 00:00:00,Dec-2023,Q4-2023,Night,Karthik V.,271.4,RM-2437,Hold – OOS,
BCH-2023-0439,Masala Peanuts,Line A,2023-12-09 00:00:00,Dec-2023,Q4-2023,Morning,Meena R.,522.0,RM-2438,Hold – OOS,
BCH-2023-0440,Tapioca Crisps,Line B,2023-12-10 00:00:00,Dec-2023,Q4-2023,Afternoon,Suresh B.,604.7,RM-2439,Released,2023-12-12 00:00:00
BCH-2023-0441,Jackfruit Chips,Line C,2023-12-11 00:00:00,Dec-2023,Q4-2023,Night,Ramesh K.,400.4,RM-2440,Released,2023-12-12 00:00:00
BCH-2023-0442,Okra Chips,Line D,2023-12-12 00:00:00,Dec-2023,Q4-2023,Morning,Priya S.,232.2,RM-2441,Released,2023-12-15 00:00:00
BCH-2023-0443,Roasted Corn,Line E,2023-12-14 00:00:00,Dec-2023,Q4-2023,Afternoon,Anand M.,259.4,RM-2442,Released,2023-12-17 00:00:00
BCH-2023-0444,Chickpea Snacks,Line F,2023-12-16 00:00:00,Dec-2023,Q4-2023,Night,Sagar A.,472.3,RM-2443,Released,2023-12-19 00:00:00
BCH-2023-0445,Banana Chips,Line A,2023-12-17 00:00:00,Dec-2023,Q4-2023,Morning,Divya N.,613.0,RM-2444,Released,2023-12-18 00:00:00
BCH-2023-0446,Sweet Potato Chips,Line B,2023-12-18 00:00:00,Dec-2023,Q4-2023,Afternoon,Karthik V.,222.4,RM-2445,Hold – OOS,
BCH-2023-0447,Masala Peanuts,Line C,2023-12-19 00:00:00,Dec-2023,Q4-2023,Night,Meena R.,248.0,RM-2446,Released,2023-12-22 00:00:00
BCH-2023-0448,Tapioca Crisps,Line D,2023-12-22 00:00:00,Dec-2023,Q4-2023,Morning,Suresh B.,527.6,RM-2447,Released,2023-12-23 00:00:00
BCH-2023-0449,Jackfruit Chips,Line E,2023-12-23 00:00:00,Dec-2023,Q4-2023,Afternoon,Ramesh K.,469.6,RM-2448,Released,2023-12-24 00:00:00
BCH-2023-0450,Okra Chips,Line F,2023-12-24 00:00:00,Dec-2023,Q4-2023,Night,Priya S.,387.0,RM-2449,Released,2023-12-25 00:00:00
BCH-2023-0451,Roasted Corn,Line A,2023-12-31 00:00:00,Dec-2023,Q4-2023,Morning,Anand M.,588.8,RM-2450,Released,2024-01-01 00:00:00
BCH-2023-0452,Chickpea Snacks,Line B,2024-01-01 00:00:00,Jan-2024,Q1-2024,Afternoon,Sagar A.,373.7,RM-2451,Released,2024-01-02 00:00:00
BCH-2023-0453,Banana Chips,Line C,2024-01-02 00:00:00,Jan-2024,Q1-2024,Night,Divya N.,404.4,RM-2452,Released,2024-01-05 00:00:00
BCH-2023-0454,Sweet Potato Chips,Line D,2024-01-03 00:00:00,Jan-2024,Q1-2024,Morning,Karthik V.,410.9,RM-2453,Released,2024-01-05 00:00:00
BCH-2023-0455,Masala Peanuts,Line E,2024-01-04 00:00:00,Jan-2024,Q1-2024,Afternoon,Meena R.,358.9,RM-2454,Released,2024-01-07 00:00:00
BCH-2023-0456,Tapioca Crisps,Line F,2024-01-05 00:00:00,Jan-2024,Q1-2024,Night,Suresh B.,400.9,RM-2455,Released,2024-01-07 00:00:00
BCH-2023-0457,Jackfruit Chips,Line A,2024-01-06 00:00:00,Jan-2024,Q1-2024,Morning,Ramesh K.,362.6,RM-2456,Released,2024-01-08 00:00:00
BCH-2023-0458,Okra Chips,Line B,2024-01-07 00:00:00,Jan-2024,Q1-2024,Afternoon,Priya S.,567.8,RM-2457,Released,2024-01-10 00:00:00
BCH-2023-0459,Roasted Corn,Line C,2024-01-08 00:00:00,Jan-2024,Q1-2024,Night,Anand M.,267.6,RM-2458,Released,2024-01-09 00:00:00
BCH-2023-0460,Chickpea Snacks,Line D,2024-01-09 00:00:00,Jan-2024,Q1-2024,Morning,Sagar A.,243.6,RM-2459,Hold – OOS,
BCH-2023-0461,Banana Chips,Line E,2024-01-10 00:00:00,Jan-2024,Q1-2024,Afternoon,Divya N.,456.1,RM-2460,Released,2024-01-12 00:00:00
BCH-2023-0462,Sweet Potato Chips,Line F,2024-01-11 00:00:00,Jan-2024,Q1-2024,Night,Karthik V.,225.0,RM-2461,Released,2024-01-14 00:00:00
BCH-2023-0463,Masala Peanuts,Line A,2024-01-12 00:00:00,Jan-2024,Q1-2024,Morning,Meena R.,229.5,RM-2462,Released,2024-01-15 00:00:00
BCH-2023-0464,Tapioca Crisps,Line B,2024-01-13 00:00:00,Jan-2024,Q1-2024,Afternoon,Suresh B.,251.3,RM-2463,Released,2024-01-14 00:00:00
BCH-2023-0465,Jackfruit Chips,Line C,2024-01-18 00:00:00,Jan-2024,Q1-2024,Night,Ramesh K.,180.5,RM-2464,Released,2024-01-19 00:00:00
BCH-2023-0466,Okra Chips,Line D,2024-01-20 00:00:00,Jan-2024,Q1-2024,Morning,Priya S.,324.9,RM-2465,Released,2024-01-21 00:00:00
BCH-2023-0467,Roasted Corn,Line E,2024-01-21 00:00:00,Jan-2024,Q1-2024,Afternoon,Anand M.,454.2,RM-2466,Released,2024-01-24 00:00:00
BCH-2023-0468,Chickpea Snacks,Line F,2024-01-22 00:00:00,Jan-2024,Q1-2024,Night,Sagar A.,428.0,RM-2467,Released,2024-01-25 00:00:00
BCH-2023-0469,Banana Chips,Line A,2024-01-24 00:00:00,Jan-2024,Q1-2024,Morning,Divya N.,573.3,RM-2468,Released,2024-01-26 00:00:00
BCH-2023-0470,Sweet Potato Chips,Line B,2024-01-25 00:00:00,Jan-2024,Q1-2024,Afternoon,Karthik V.,425.3,RM-2469,Released,2024-01-27 00:00:00
BCH-2023-0471,Masala Peanuts,Line C,2024-01-26 00:00:00,Jan-2024,Q1-2024,Night,Meena R.,363.7,RM-2470,Released,2024-01-29 00:00:00
BCH-2023-0472,Tapioca Crisps,Line D,2024-01-27 00:00:00,Jan-2024,Q1-2024,Morning,Suresh B.,558.4,RM-2471,Released,2024-01-29 00:00:00
BCH-2023-0473,Jackfruit Chips,Line E,2024-01-28 00:00:00,Jan-2024,Q1-2024,Afternoon,Ramesh K.,274.1,RM-2472,Released,2024-01-29 00:00:00
BCH-2023-0474,Okra Chips,Line F,2024-01-29 00:00:00,Jan-2024,Q1-2024,Night,Priya S.,330.1,RM-2473,Released,2024-01-31 00:00:00
BCH-2023-0475,Roasted Corn,Line A,2024-01-30 00:00:00,Jan-2024,Q1-2024,Morning,Anand M.,239.0,RM-2474,Released,2024-01-31 00:00:00
BCH-2023-0476,Chickpea Snacks,Line B,2024-01-31 00:00:00,Jan-2024,Q1-2024,Afternoon,Sagar A.,488.3,RM-2475,Released,2024-02-03 00:00:00
BCH-2023-0477,Banana Chips,Line C,2024-02-01 00:00:00,Feb-2024,Q1-2024,Night,Divya N.,499.6,RM-2476,Released,2024-02-03 00:00:00
BCH-2023-0478,Sweet Potato Chips,Line D,2024-02-02 00:00:00,Feb-2024,Q1-2024,Morning,Karthik V.,276.2,RM-2477,Released,2024-02-03 00:00:00
BCH-2023-0479,Masala Peanuts,Line E,2024-02-03 00:00:00,Feb-2024,Q1-2024,Afternoon,Meena R.,274.8,RM-2478,Hold – OOS,
BCH-2023-0480,Tapioca Crisps,Line F,2024-02-05 00:00:00,Feb-2024,Q1-2024,Night,Suresh B.,452.8,RM-2479,Released,2024-02-06 00:00:00
BCH-2023-0481,Jackfruit Chips,Line A,2024-02-08 00:00:00,Feb-2024,Q1-2024,Morning,Ramesh K.,462.1,RM-2480,Released,2024-02-09 00:00:00
BCH-2023-0482,Okra Chips,Line B,2024-02-09 00:00:00,Feb-2024,Q1-2024,Afternoon,Priya S.,298.1,RM-2481,Released,2024-02-10 00:00:00
BCH-2023-0483,Roasted Corn,Line C,2024-02-10 00:00:00,Feb-2024,Q1-2024,Night,Anand M.,291.1,RM-2482,Released,2024-02-12 00:00:00
BCH-2023-0484,Chickpea Snacks,Line D,2024-02-12 00:00:00,Feb-2024,Q1-2024,Morning,Sagar A.,293.9,RM-2483,Released,2024-02-15 00:00:00
BCH-2023-0485,Banana Chips,Line E,2024-02-13 00:00:00,Feb-2024,Q1-2024,Afternoon,Divya N.,524.2,RM-2484,Released,2024-02-14 00:00:00
BCH-2023-0486,Sweet Potato Chips,Line F,2024-02-14 00:00:00,Feb-2024,Q1-2024,Night,Karthik V.,490.0,RM-2485,Released,2024-02-17 00:00:00
BCH-2023-0487,Masala Peanuts,Line A,2024-02-19 00:00:00,Feb-2024,Q1-2024,Morning,Meena R.,250.1,RM-2486,Released,2024-02-22 00:00:00
BCH-2023-0488,Tapioca Crisps,Line B,2024-02-20 00:00:00,Feb-2024,Q1-2024,Afternoon,Suresh B.,586.9,RM-2487,Released,2024-02-21 00:00:00
BCH-2023-0489,Jackfruit Chips,Line C,2024-02-21 00:00:00,Feb-2024,Q1-2024,Night,Ramesh K.,578.8,RM-2488,Released,2024-02-24 00:00:00
BCH-2023-0490,Okra Chips,Line D,2024-02-22 00:00:00,Feb-2024,Q1-2024,Morning,Priya S.,591.2,RM-2489,Released,2024-02-24 00:00:00
BCH-2023-0491,Roasted Corn,Line E,2024-02-23 00:00:00,Feb-2024,Q1-2024,Afternoon,Anand M.,294.9,RM-2490,Released,2024-02-25 00:00:00
BCH-2023-0492,Chickpea Snacks,Line F,2024-02-24 00:00:00,Feb-2024,Q1-2024,Night,Sagar A.,583.6,RM-2491,Released,2024-02-26 00:00:00
BCH-2023-0493,Banana Chips,Line A,2024-02-25 00:00:00,Feb-2024,Q1-2024,Morning,Divya N.,397.2,RM-2492,Hold – OOS,
BCH-2023-0494,Sweet Potato Chips,Line B,2024-03-01 00:00:00,Mar-2024,Q1-2024,Afternoon,Karthik V.,495.7,RM-2493,Released,2024-03-03 00:00:00
BCH-2023-0495,Masala Peanuts,Line C,2024-03-02 00:00:00,Mar-2024,Q1-2024,Night,Meena R.,534.6,RM-2494,Rejected,
BCH-2023-0496,Tapioca Crisps,Line D,2024-03-03 00:00:00,Mar-2024,Q1-2024,Morning,Suresh B.,453.1,RM-2495,Released,2024-03-04 00:00:00
BCH-2023-0497,Jackfruit Chips,Line E,2024-03-04 00:00:00,Mar-2024,Q1-2024,Afternoon,Ramesh K.,223.9,RM-2496,Released,2024-03-05 00:00:00
BCH-2023-0498,Okra Chips,Line F,2024-03-06 00:00:00,Mar-2024,Q1-2024,Night,Priya S.,288.2,RM-2497,Released,2024-03-07 00:00:00
BCH-2023-0499,Roasted Corn,Line A,2024-03-07 00:00:00,Mar-2024,Q1-2024,Morning,Anand M.,445.2,RM-2498,Released,2024-03-10 00:00:00
BCH-2023-0500,Chickpea Snacks,Line B,2024-03-08 00:00:00,Mar-2024,Q1-2024,Afternoon,Sagar A.,503.4,RM-2499,Released,2024-03-09 00:00:00
BCH-2023-0501,Banana Chips,Line C,2024-03-11 00:00:00,Mar-2024,Q1-2024,Night,Divya N.,227.2,RM-2500,Released,2024-03-14 00:00:00
BCH-2023-0502,Sweet Potato Chips,Line D,2024-03-12 00:00:00,Mar-2024,Q1-2024,Morning,Karthik V.,454.9,RM-2501,Released,2024-03-14 00:00:00
BCH-2023-0503,Masala Peanuts,Line E,2024-03-14 00:00:00,Mar-2024,Q1-2024,Afternoon,Meena R.,440.8,RM-2502,Released,2024-03-15 00:00:00
BCH-2023-0504,Tapioca Crisps,Line F,2024-03-15 00:00:00,Mar-2024,Q1-2024,Night,Suresh B.,181.5,RM-2503,Released,2024-03-16 00:00:00
BCH-2023-0505,Jackfruit Chips,Line A,2024-03-17 00:00:00,Mar-2024,Q1-2024,Morning,Ramesh K.,301.5,RM-2504,Released,2024-03-18 00:00:00
BCH-2023-0506,Okra Chips,Line B,2024-03-18 00:00:00,Mar-2024,Q1-2024,Afternoon,Priya S.,255.4,RM-2505,Released,2024-03-21 00:00:00
BCH-2023-0507,Roasted Corn,Line C,2024-03-20 00:00:00,Mar-2024,Q1-2024,Night,Anand M.,372.3,RM-2506,Released,2024-03-23 00:00:00
BCH-2023-0508,Chickpea Snacks,Line D,2024-03-23 00:00:00,Mar-2024,Q1-2024,Morning,Sagar A.,362.2,RM-2507,Hold – OOS,
BCH-2023-0509,Banana Chips,Line E,2024-03-28 00:00:00,Mar-2024,Q1-2024,Afternoon,Divya N.,422.0,RM-2508,Released,2024-03-31 00:00:00
BCH-2023-0510,Sweet Potato Chips,Line F,2024-04-02 00:00:00,Apr-2024,Q2-2024,Night,Karthik V.,195.1,RM-2509,Released,2024-04-05 00:00:00
BCH-2023-0511,Masala Peanuts,Line A,2024-04-03 00:00:00,Apr-2024,Q2-2024,Morning,Meena R.,594.9,RM-2510,Released,2024-04-05 00:00:00
BCH-2023-0512,Tapioca Crisps,Line B,2024-04-04 00:00:00,Apr-2024,Q2-2024,Afternoon,Suresh B.,486.6,RM-2511,Released,2024-04-06 00:00:00
BCH-2023-0513,Jackfruit Chips,Line C,2024-04-07 00:00:00,Apr-2024,Q2-2024,Night,Ramesh K.,265.5,RM-2512,Released,2024-04-08 00:00:00
BCH-2023-0514,Okra Chips,Line D,2024-04-10 00:00:00,Apr-2024,Q2-2024,Morning,Priya S.,444.9,RM-2513,Released,2024-04-13 00:00:00
BCH-2023-0515,Roasted Corn,Line E,2024-04-11 00:00:00,Apr-2024,Q2-2024,Afternoon,Anand M.,590.6,RM-2514,Released,2024-04-13 00:00:00
BCH-2023-0516,Chickpea Snacks,Line F,2024-04-12 00:00:00,Apr-2024,Q2-2024,Night,Sagar A.,472.4,RM-2515,Released,2024-04-13 00:00:00
BCH-2023-0517,Banana Chips,Line A,2024-04-13 00:00:00,Apr-2024,Q2-2024,Morning,Divya N.,389.4,RM-2516,Released,2024-04-16 00:00:00
BCH-2023-0518,Sweet Potato Chips,Line B,2024-04-14 00:00:00,Apr-2024,Q2-2024,Afternoon,Karthik V.,224.0,RM-2517,Released,2024-04-15 00:00:00
BCH-2023-0519,Masala Peanuts,Line C,2024-04-15 00:00:00,Apr-2024,Q2-2024,Night,Meena R.,303.2,RM-2518,Released,2024-04-17 00:00:00
BCH-2023-0520,Tapioca Crisps,Line D,2024-04-16 00:00:00,Apr-2024,Q2-2024,Morning,Suresh B.,189.9,RM-2519,Released,2024-04-18 00:00:00
BCH-2023-0521,Jackfruit Chips,Line E,2024-04-17 00:00:00,Apr-2024,Q2-2024,Afternoon,Ramesh K.,512.9,RM-2520,Released,2024-04-20 00:00:00
BCH-2023-0522,Okra Chips,Line F,2024-04-18 00:00:00,Apr-2024,Q2-2024,Night,Priya S.,496.6,RM-2521,Released,2024-04-21 00:00:00
BCH-2023-0523,Roasted Corn,Line A,2024-04-21 00:00:00,Apr-2024,Q2-2024,Morning,Anand M.,205.4,RM-2522,Released,2024-04-23 00:00:00
BCH-2023-0524,Chickpea Snacks,Line B,2024-04-22 00:00:00,Apr-2024,Q2-2024,Afternoon,Sagar A.,196.4,RM-2523,Released,2024-04-25 00:00:00
BCH-2023-0525,Banana Chips,Line C,2024-04-23 00:00:00,Apr-2024,Q2-2024,Night,Divya N.,547.9,RM-2524,Released,2024-04-24 00:00:00
BCH-2023-0526,Sweet Potato Chips,Line D,2024-04-24 00:00:00,Apr-2024,Q2-2024,Morning,Karthik V.,527.3,RM-2525,Released,2024-04-27 00:00:00
BCH-2023-0527,Masala Peanuts,Line E,2024-04-25 00:00:00,Apr-2024,Q2-2024,Afternoon,Meena R.,531.8,RM-2526,Released,2024-04-26 00:00:00
BCH-2023-0528,Tapioca Crisps,Line F,2024-04-26 00:00:00,Apr-2024,Q2-2024,Night,Suresh B.,253.4,RM-2527,Released,2024-04-27 00:00:00
BCH-2023-0529,Jackfruit Chips,Line A,2024-04-27 00:00:00,Apr-2024,Q2-2024,Morning,Ramesh K.,546.0,RM-2528,Released,2024-04-30 00:00:00
BCH-2023-0530,Okra Chips,Line B,2024-04-28 00:00:00,Apr-2024,Q2-2024,Afternoon,Priya S.,293.3,RM-2529,Released,2024-04-29 00:00:00
BCH-2023-0531,Roasted Corn,Line C,2024-04-29 00:00:00,Apr-2024,Q2-2024,Night,Anand M.,181.5,RM-2530,Released,2024-05-01 00:00:00
BCH-2023-0532,Chickpea Snacks,Line D,2024-05-01 00:00:00,May-2024,Q2-2024,Morning,Sagar A.,596.1,RM-2531,Released,2024-05-02 00:00:00
BCH-2023-0533,Banana Chips,Line E,2024-05-02 00:00:00,May-2024,Q2-2024,Afternoon,Divya N.,586.5,RM-2532,Released,2024-05-04 00:00:00
BCH-2023-0534,Sweet Potato Chips,Line F,2024-05-03 00:00:00,May-2024,Q2-2024,Night,Karthik V.,553.5,RM-2533,Released,2024-05-06 00:00:00
BCH-2023-0535,Masala Peanuts,Line A,2024-05-04 00:00:00,May-2024,Q2-2024,Morning,Meena R.,416.1,RM-2534,Released,2024-05-07 00:00:00
BCH-2023-0536,Tapioca Crisps,Line B,2024-05-07 00:00:00,May-2024,Q2-2024,Afternoon,Suresh B.,308.5,RM-2535,Released,2024-05-10 00:00:00
BCH-2023-0537,Jackfruit Chips,Line C,2024-05-08 00:00:00,May-2024,Q2-2024,Night,Ramesh K.,419.1,RM-2536,Released,2024-05-09 00:00:00
BCH-2023-0538,Okra Chips,Line D,2024-05-10 00:00:00,May-2024,Q2-2024,Morning,Priya S.,601.5,RM-2537,Released,2024-05-11 00:00:00
BCH-2023-0539,Roasted Corn,Line E,2024-05-12 00:00:00,May-2024,Q2-2024,Afternoon,Anand M.,324.6,RM-2538,Hold – OOS,
BCH-2023-0540,Chickpea Snacks,Line F,2024-05-13 00:00:00,May-2024,Q2-2024,Night,Sagar A.,488.9,RM-2539,Released,2024-05-15 00:00:00
BCH-2023-0541,Banana Chips,Line A,2024-05-14 00:00:00,May-2024,Q2-2024,Morning,Divya N.,511.9,RM-2540,Released,2024-05-17 00:00:00
BCH-2023-0542,Sweet Potato Chips,Line B,2024-05-15 00:00:00,May-2024,Q2-2024,Afternoon,Karthik V.,333.1,RM-2541,Released,2024-05-16 00:00:00
BCH-2023-0543,Masala Peanuts,Line C,2024-05-16 00:00:00,May-2024,Q2-2024,Night,Meena R.,603.8,RM-2542,Released,2024-05-17 00:00:00
BCH-2023-0544,Tapioca Crisps,Line D,2024-05-17 00:00:00,May-2024,Q2-2024,Morning,Suresh B.,339.7,RM-2543,Released,2024-05-19 00:00:00
BCH-2023-0545,Jackfruit Chips,Line E,2024-05-20 00:00:00,May-2024,Q2-2024,Afternoon,Ramesh K.,388.4,RM-2544,Released,2024-05-22 00:00:00
BCH-2023-0546,Okra Chips,Line F,2024-05-21 00:00:00,May-2024,Q2-2024,Night,Priya S.,465.1,RM-2545,Released,2024-05-24 00:00:00
BCH-2023-0547,Roasted Corn,Line A,2024-05-22 00:00:00,May-2024,Q2-2024,Morning,Anand M.,449.9,RM-2546,Released,2024-05-23 00:00:00
BCH-2023-0548,Chickpea Snacks,Line B,2024-05-23 00:00:00,May-2024,Q2-2024,Afternoon,Sagar A.,542.9,RM-2547,Released,2024-05-26 00:00:00
BCH-2023-0549,Banana Chips,Line C,2024-05-24 00:00:00,May-2024,Q2-2024,Night,Divya N.,612.9,RM-2548,Released,2024-05-26 00:00:00
BCH-2023-0550,Sweet Potato Chips,Line D,2024-05-25 00:00:00,May-2024,Q2-2024,Morning,Karthik V.,560.7,RM-2549,Released,2024-05-26 00:00:00
BCH-2023-0551,Masala Peanuts,Line E,2024-05-26 00:00:00,May-2024,Q2-2024,Afternoon,Meena R.,293.8,RM-2550,Hold – OOS,
BCH-2023-0552,Tapioca Crisps,Line F,2024-05-28 00:00:00,May-2024,Q2-2024,Night,Suresh B.,601.3,RM-2551,Released,2024-05-31 00:00:00
BCH-2023-0553,Jackfruit Chips,Line A,2024-05-29 00:00:00,May-2024,Q2-2024,Morning,Ramesh K.,218.7,RM-2552,Released,2024-06-01 00:00:00
BCH-2023-0554,Okra Chips,Line B,2024-05-31 00:00:00,May-2024,Q2-2024,Afternoon,Priya S.,313.5,RM-2553,Released,2024-06-02 00:00:00
BCH-2023-0555,Roasted Corn,Line C,2024-06-01 00:00:00,Jun-2024,Q2-2024,Night,Anand M.,465.8,RM-2554,Hold – OOS,
BCH-2023-0556,Chickpea Snacks,Line D,2024-06-02 00:00:00,Jun-2024,Q2-2024,Morning,Sagar A.,494.7,RM-2555,Hold – OOS,
BCH-2023-0557,Banana Chips,Line E,2024-06-03 00:00:00,Jun-2024,Q2-2024,Afternoon,Divya N.,605.1,RM-2556,Released,2024-06-05 00:00:00
BCH-2023-0558,Sweet Potato Chips,Line F,2024-06-04 00:00:00,Jun-2024,Q2-2024,Night,Karthik V.,527.6,RM-2557,Released,2024-06-05 00:00:00
BCH-2023-0559,Masala Peanuts,Line A,2024-06-07 00:00:00,Jun-2024,Q2-2024,Morning,Meena R.,619.1,RM-2558,Hold – OOS,
BCH-2023-0560,Tapioca Crisps,Line B,2024-06-08 00:00:00,Jun-2024,Q2-2024,Afternoon,Suresh B.,286.8,RM-2559,Hold – OOS,
BCH-2023-0561,Jackfruit Chips,Line C,2024-06-09 00:00:00,Jun-2024,Q2-2024,Night,Ramesh K.,449.2,RM-2560,Rejected,
BCH-2023-0562,Okra Chips,Line D,2024-06-10 00:00:00,Jun-2024,Q2-2024,Morning,Priya S.,329.1,RM-2561,Hold – OOS,
BCH-2023-0563,Roasted Corn,Line E,2024-06-11 00:00:00,Jun-2024,Q2-2024,Afternoon,Anand M.,507.6,RM-2562,Rejected,
BCH-2023-0564,Chickpea Snacks,Line F,2024-06-16 00:00:00,Jun-2024,Q2-2024,Night,Sagar A.,294.6,RM-2563,Released,2024-06-18 00:00:00
BCH-2023-0565,Banana Chips,Line A,2024-06-17 00:00:00,Jun-2024,Q2-2024,Morning,Divya N.,616.2,RM-2564,Hold – OOS,
BCH-2023-0566,Sweet Potato Chips,Line B,2024-06-18 00:00:00,Jun-2024,Q2-2024,Afternoon,Karthik V.,592.7,RM-2565,Released,2024-06-20 00:00:00
BCH-2023-0567,Masala Peanuts,Line C,2024-06-19 00:00:00,Jun-2024,Q2-2024,Night,Meena R.,278.1,RM-2566,Released,2024-06-22 00:00:00
BCH-2023-0568,Tapioca Crisps,Line D,2024-06-21 00:00:00,Jun-2024,Q2-2024,Morning,Suresh B.,616.7,RM-2567,Hold – OOS,
BCH-2023-0569,Jackfruit Chips,Line E,2024-06-28 00:00:00,Jun-2024,Q2-2024,Afternoon,Ramesh K.,232.3,RM-2568,Released,2024-07-01 00:00:00
BCH-2023-0570,Okra Chips,Line F,2024-07-03 00:00:00,Jul-2024,Q3-2024,Night,Priya S.,308.8,RM-2569,Released,2024-07-05 00:00:00
BCH-2023-0571,Roasted Corn,Line A,2024-07-06 00:00:00,Jul-2024,Q3-2024,Morning,Anand M.,425.9,RM-2570,Released,2024-07-08 00:00:00
BCH-2023-0572,Chickpea Snacks,Line B,2024-07-07 00:00:00,Jul-2024,Q3-2024,Afternoon,Sagar A.,437.0,RM-2571,Released,2024-07-09 00:00:00
BCH-2023-0573,Banana Chips,Line C,2024-07-10 00:00:00,Jul-2024,Q3-2024,Night,Divya N.,474.9,RM-2572,Released,2024-07-13 00:00:00
BCH-2023-0574,Sweet Potato Chips,Line D,2024-07-15 00:00:00,Jul-2024,Q3-2024,Morning,Karthik V.,248.7,RM-2573,Released,2024-07-18 00:00:00
BCH-2023-0575,Masala Peanuts,Line E,2024-07-16 00:00:00,Jul-2024,Q3-2024,Afternoon,Meena R.,297.2,RM-2574,Released,2024-07-18 00:00:00
BCH-2023-0576,Tapioca Crisps,Line F,2024-07-17 00:00:00,Jul-2024,Q3-2024,Night,Suresh B.,478.5,RM-2575,Hold – OOS,
BCH-2023-0577,Jackfruit Chips,Line A,2024-07-18 00:00:00,Jul-2024,Q3-2024,Morning,Ramesh K.,225.1,RM-2576,Released,2024-07-20 00:00:00
BCH-2023-0578,Okra Chips,Line B,2024-07-19 00:00:00,Jul-2024,Q3-2024,Afternoon,Priya S.,416.2,RM-2577,Released,2024-07-20 00:00:00
BCH-2023-0579,Roasted Corn,Line C,2024-07-22 00:00:00,Jul-2024,Q3-2024,Night,Anand M.,545.3,RM-2578,Released,2024-07-24 00:00:00
BCH-2023-0580,Chickpea Snacks,Line D,2024-07-24 00:00:00,Jul-2024,Q3-2024,Morning,Sagar A.,419.9,RM-2579,Released,2024-07-26 00:00:00
BCH-2023-0581,Banana Chips,Line E,2024-07-25 00:00:00,Jul-2024,Q3-2024,Afternoon,Divya N.,388.9,RM-2580,Released,2024-07-26 00:00:00
BCH-2023-0582,Sweet Potato Chips,Line F,2024-07-27 00:00:00,Jul-2024,Q3-2024,Night,Karthik V.,577.3,RM-2581,Hold – OOS,
BCH-2023-0583,Masala Peanuts,Line A,2024-07-29 00:00:00,Jul-2024,Q3-2024,Morning,Meena R.,343.5,RM-2582,Released,2024-07-31 00:00:00
BCH-2023-0584,Tapioca Crisps,Line B,2024-07-31 00:00:00,Jul-2024,Q3-2024,Afternoon,Suresh B.,602.9,RM-2583,Released,2024-08-03 00:00:00
BCH-2023-0585,Jackfruit Chips,Line C,2024-08-01 00:00:00,Aug-2024,Q3-2024,Night,Ramesh K.,307.2,RM-2584,Released,2024-08-03 00:00:00
BCH-2023-0586,Okra Chips,Line D,2024-08-02 00:00:00,Aug-2024,Q3-2024,Morning,Priya S.,314.1,RM-2585,Released,2024-08-05 00:00:00
BCH-2023-0587,Roasted Corn,Line E,2024-08-03 00:00:00,Aug-2024,Q3-2024,Afternoon,Anand M.,528.1,RM-2586,Hold – OOS,
BCH-2023-0588,Chickpea Snacks,Line F,2024-08-04 00:00:00,Aug-2024,Q3-2024,Night,Sagar A.,360.8,RM-2587,Released,2024-08-06 00:00:00
BCH-2023-0589,Banana Chips,Line A,2024-08-06 00:00:00,Aug-2024,Q3-2024,Morning,Divya N.,325.9,RM-2588,Hold – OOS,
BCH-2023-0590,Sweet Potato Chips,Line B,2024-08-09 00:00:00,Aug-2024,Q3-2024,Afternoon,Karthik V.,387.1,RM-2589,Released,2024-08-12 00:00:00
BCH-2023-0591,Masala Peanuts,Line C,2024-08-10 00:00:00,Aug-2024,Q3-2024,Night,Meena R.,544.9,RM-2590,Hold – OOS,
BCH-2023-0592,Tapioca Crisps,Line D,2024-08-11 00:00:00,Aug-2024,Q3-2024,Morning,Suresh B.,308.9,RM-2591,Hold – OOS,
BCH-2023-0593,Jackfruit Chips,Line E,2024-08-13 00:00:00,Aug-2024,Q3-2024,Afternoon,Ramesh K.,596.8,RM-2592,Released,2024-08-14 00:00:00
BCH-2023-0594,Okra Chips,Line F,2024-08-16 00:00:00,Aug-2024,Q3-2024,Night,Priya S.,267.9,RM-2593,Released,2024-08-18 00:00:00
BCH-2023-0595,Roasted Corn,Line A,2024-08-17 00:00:00,Aug-2024,Q3-2024,Morning,Anand M.,512.6,RM-2594,Released,2024-08-20 00:00:00
BCH-2023-0596,Chickpea Snacks,Line B,2024-08-22 00:00:00,Aug-2024,Q3-2024,Afternoon,Sagar A.,205.0,RM-2595,Released,2024-08-25 00:00:00
BCH-2023-0597,Banana Chips,Line C,2024-08-23 00:00:00,Aug-2024,Q3-2024,Night,Divya N.,470.3,RM-2596,Hold – OOS,
BCH-2023-0598,Sweet Potato Chips,Line D,2024-08-24 00:00:00,Aug-2024,Q3-2024,Morning,Karthik V.,264.9,RM-2597,Released,2024-08-25 00:00:00
BCH-2023-0599,Masala Peanuts,Line E,2024-08-27 00:00:00,Aug-2024,Q3-2024,Afternoon,Meena R.,355.0,RM-2598,Released,2024-08-28 00:00:00
BCH-2023-0600,Tapioca Crisps,Line F,2024-09-01 00:00:00,Sep-2024,Q3-2024,Night,Suresh B.,604.7,RM-2599,Hold – OOS,
BCH-2023-0601,Jackfruit Chips,Line A,2024-09-02 00:00:00,Sep-2024,Q3-2024,Morning,Ramesh K.,568.7,RM-2600,Hold – OOS,
BCH-2023-0602,Okra Chips,Line B,2024-09-04 00:00:00,Sep-2024,Q3-2024,Afternoon,Priya S.,209.1,RM-2601,Released,2024-09-06 00:00:00
BCH-2023-0603,Roasted Corn,Line C,2024-09-09 00:00:00,Sep-2024,Q3-2024,Night,Anand M.,591.9,RM-2602,Released,2024-09-12 00:00:00
BCH-2023-0604,Chickpea Snacks,Line D,2024-09-10 00:00:00,Sep-2024,Q3-2024,Morning,Sagar A.,219.1,RM-2603,Released,2024-09-13 00:00:00
BCH-2023-0605,Banana Chips,Line E,2024-09-11 00:00:00,Sep-2024,Q3-2024,Afternoon,Divya N.,263.9,RM-2604,Released,2024-09-13 00:00:00
BCH-2023-0606,Sweet Potato Chips,Line F,2024-09-12 00:00:00,Sep-2024,Q3-2024,Night,Karthik V.,416.0,RM-2605,Released,2024-09-13 00:00:00
BCH-2023-0607,Masala Peanuts,Line A,2024-09-13 00:00:00,Sep-2024,Q3-2024,Morning,Meena R.,393.2,RM-2606,Released,2024-09-14 00:00:00
BCH-2023-0608,Tapioca Crisps,Line B,2024-09-14 00:00:00,Sep-2024,Q3-2024,Afternoon,Suresh B.,210.0,RM-2607,Released,2024-09-15 00:00:00
BCH-2023-0609,Jackfruit Chips,Line C,2024-09-15 00:00:00,Sep-2024,Q3-2024,Night,Ramesh K.,462.2,RM-2608,Released,2024-09-18 00:00:00
BCH-2023-0610,Okra Chips,Line D,2024-09-16 00:00:00,Sep-2024,Q3-2024,Morning,Priya S.,294.5,RM-2609,Released,2024-09-19 00:00:00
BCH-2023-0611,Roasted Corn,Line E,2024-09-17 00:00:00,Sep-2024,Q3-2024,Afternoon,Anand M.,609.1,RM-2610,Released,2024-09-18 00:00:00
BCH-2023-0612,Chickpea Snacks,Line F,2024-09-19 00:00:00,Sep-2024,Q3-2024,Night,Sagar A.,344.7,RM-2611,Released,2024-09-21 00:00:00
BCH-2023-0613,Banana Chips,Line A,2024-09-20 00:00:00,Sep-2024,Q3-2024,Morning,Divya N.,191.1,RM-2612,Released,2024-09-21 00:00:00
BCH-2023-0614,Sweet Potato Chips,Line B,2024-09-25 00:00:00,Sep-2024,Q3-2024,Afternoon,Karthik V.,393.3,RM-2613,Released,2024-09-27 00:00:00
BCH-2023-0615,Masala Peanuts,Line C,2024-10-02 00:00:00,Oct-2024,Q4-2024,Night,Meena R.,426.5,RM-2614,Released,2024-10-04 00:00:00
BCH-2023-0616,Tapioca Crisps,Line D,2024-10-03 00:00:00,Oct-2024,Q4-2024,Morning,Suresh B.,266.6,RM-2615,Released,2024-10-04 00:00:00
BCH-2023-0617,Jackfruit Chips,Line E,2024-10-04 00:00:00,Oct-2024,Q4-2024,Afternoon,Ramesh K.,315.2,RM-2616,Released,2024-10-05 00:00:00
BCH-2023-0618,Okra Chips,Line F,2024-10-05 00:00:00,Oct-2024,Q4-2024,Night,Priya S.,474.7,RM-2617,Released,2024-10-07 00:00:00
BCH-2023-0619,Roasted Corn,Line A,2024-10-06 00:00:00,Oct-2024,Q4-2024,Morning,Anand M.,540.0,RM-2618,Rejected,
BCH-2023-0620,Chickpea Snacks,Line B,2024-10-07 00:00:00,Oct-2024,Q4-2024,Afternoon,Sagar A.,489.8,RM-2619,Released,2024-10-09 00:00:00
BCH-2023-0621,Banana Chips,Line C,2024-10-08 00:00:00,Oct-2024,Q4-2024,Night,Divya N.,412.2,RM-2620,Released,2024-10-09 00:00:00
BCH-2023-0622,Sweet Potato Chips,Line D,2024-10-10 00:00:00,Oct-2024,Q4-2024,Morning,Karthik V.,400.6,RM-2621,Released,2024-10-12 00:00:00
BCH-2023-0623,Masala Peanuts,Line E,2024-10-11 00:00:00,Oct-2024,Q4-2024,Afternoon,Meena R.,522.3,RM-2622,Released,2024-10-13 00:00:00
BCH-2023-0624,Tapioca Crisps,Line F,2024-10-14 00:00:00,Oct-2024,Q4-2024,Night,Suresh B.,194.3,RM-2623,Released,2024-10-16 00:00:00
BCH-2023-0625,Jackfruit Chips,Line A,2024-10-15 00:00:00,Oct-2024,Q4-2024,Morning,Ramesh K.,218.8,RM-2624,Released,2024-10-17 00:00:00
BCH-2023-0626,Okra Chips,Line B,2024-10-16 00:00:00,Oct-2024,Q4-2024,Afternoon,Priya S.,470.6,RM-2625,Released,2024-10-19 00:00:00
BCH-2023-0627,Roasted Corn,Line C,2024-10-19 00:00:00,Oct-2024,Q4-2024,Night,Anand M.,259.2,RM-2626,Released,2024-10-21 00:00:00
BCH-2023-0628,Chickpea Snacks,Line D,2024-10-20 00:00:00,Oct-2024,Q4-2024,Morning,Sagar A.,503.7,RM-2627,Released,2024-10-23 00:00:00
BCH-2023-0629,Banana Chips,Line E,2024-10-21 00:00:00,Oct-2024,Q4-2024,Afternoon,Divya N.,584.7,RM-2628,Released,2024-10-24 00:00:00
BCH-2023-0630,Sweet Potato Chips,Line F,2024-10-22 00:00:00,Oct-2024,Q4-2024,Night,Karthik V.,189.4,RM-2629,Hold – OOS,
BCH-2023-0631,Masala Peanuts,Line A,2024-10-23 00:00:00,Oct-2024,Q4-2024,Morning,Meena R.,478.3,RM-2630,Released,2024-10-24 00:00:00
BCH-2023-0632,Tapioca Crisps,Line B,2024-10-24 00:00:00,Oct-2024,Q4-2024,Afternoon,Suresh B.,583.4,RM-2631,Hold – OOS,
BCH-2023-0633,Jackfruit Chips,Line C,2024-10-26 00:00:00,Oct-2024,Q4-2024,Night,Ramesh K.,228.8,RM-2632,Released,2024-10-29 00:00:00
BCH-2023-0634,Okra Chips,Line D,2024-10-28 00:00:00,Oct-2024,Q4-2024,Morning,Priya S.,517.7,RM-2633,Released,2024-10-29 00:00:00
BCH-2023-0635,Roasted Corn,Line E,2024-10-29 00:00:00,Oct-2024,Q4-2024,Afternoon,Anand M.,360.2,RM-2634,Released,2024-10-30 00:00:00
BCH-2023-0636,Chickpea Snacks,Line F,2024-10-30 00:00:00,Oct-2024,Q4-2024,Night,Sagar A.,290.4,RM-2635,Hold – OOS,
BCH-2023-0637,Banana Chips,Line A,2024-10-31 00:00:00,Oct-2024,Q4-2024,Morning,Divya N.,438.5,RM-2636,Released,2024-11-01 00:00:00
BCH-2023-0638,Sweet Potato Chips,Line B,2024-11-02 00:00:00,Nov-2024,Q4-2024,Afternoon,Karthik V.,242.8,RM-2637,Released,2024-11-05 00:00:00
BCH-2023-0639,Masala Peanuts,Line C,2024-11-04 00:00:00,Nov-2024,Q4-2024,Night,Meena R.,187.4,RM-2638,Released,2024-11-05 00:00:00
BCH-2023-0640,Tapioca Crisps,Line D,2024-11-05 00:00:00,Nov-2024,Q4-2024,Morning,Suresh B.,560.1,RM-2639,Released,2024-11-07 00:00:00
BCH-2023-0641,Jackfruit Chips,Line E,2024-11-06 00:00:00,Nov-2024,Q4-2024,Afternoon,Ramesh K.,451.1,RM-2640,Released,2024-11-09 00:00:00
BCH-2023-0642,Okra Chips,Line F,2024-11-08 00:00:00,Nov-2024,Q4-2024,Night,Priya S.,555.7,RM-2641,Released,2024-11-11 00:00:00
BCH-2023-0643,Roasted Corn,Line A,2024-11-09 00:00:00,Nov-2024,Q4-2024,Morning,Anand M.,356.6,RM-2642,Released,2024-11-11 00:00:00
BCH-2023-0644,Chickpea Snacks,Line B,2024-11-10 00:00:00,Nov-2024,Q4-2024,Afternoon,Sagar A.,207.7,RM-2643,Released,2024-11-13 00:00:00
BCH-2023-0645,Banana Chips,Line C,2024-11-11 00:00:00,Nov-2024,Q4-2024,Night,Divya N.,212.1,RM-2644,Released,2024-11-12 00:00:00
BCH-2023-0646,Sweet Potato Chips,Line D,2024-11-16 00:00:00,Nov-2024,Q4-2024,Morning,Karthik V.,427.2,RM-2645,Released,2024-11-19 00:00:00
BCH-2023-0647,Masala Peanuts,Line E,2024-11-17 00:00:00,Nov-2024,Q4-2024,Afternoon,Meena R.,225.1,RM-2646,Released,2024-11-18 00:00:00
BCH-2023-0648,Tapioca Crisps,Line F,2024-11-19 00:00:00,Nov-2024,Q4-2024,Night,Suresh B.,463.6,RM-2647,Released,2024-11-20 00:00:00
BCH-2023-0649,Jackfruit Chips,Line A,2024-11-20 00:00:00,Nov-2024,Q4-2024,Morning,Ramesh K.,237.7,RM-2648,Rejected,
BCH-2023-0650,Okra Chips,Line B,2024-11-21 00:00:00,Nov-2024,Q4-2024,Afternoon,Priya S.,614.0,RM-2649,Released,2024-11-24 00:00:00
BCH-2023-0651,Roasted Corn,Line C,2024-11-23 00:00:00,Nov-2024,Q4-2024,Night,Anand M.,363.8,RM-2650,Released,2024-11-25 00:00:00
BCH-2023-0652,Chickpea Snacks,Line D,2024-11-26 00:00:00,Nov-2024,Q4-2024,Morning,Sagar A.,412.2,RM-2651,Released,2024-11-29 00:00:00
BCH-2023-0653,Banana Chips,Line E,2024-11-27 00:00:00,Nov-2024,Q4-2024,Afternoon,Divya N.,442.2,RM-2652,Released,2024-11-28 00:00:00
BCH-2023-0654,Sweet Potato Chips,Line F,2024-11-28 00:00:00,Nov-2024,Q4-2024,Night,Karthik V.,205.3,RM-2653,Released,2024-12-01 00:00:00
BCH-2023-0655,Masala Peanuts,Line A,2024-12-01 00:00:00,Dec-2024,Q4-2024,Morning,Meena R.,298.7,RM-2654,Hold – OOS,
BCH-2023-0656,Tapioca Crisps,Line B,2024-12-04 00:00:00,Dec-2024,Q4-2024,Afternoon,Suresh B.,294.8,RM-2655,Hold – OOS,
BCH-2023-0657,Jackfruit Chips,Line C,2024-12-11 00:00:00,Dec-2024,Q4-2024,Night,Ramesh K.,465.9,RM-2656,Released,2024-12-14 00:00:00
BCH-2023-0658,Okra Chips,Line D,2024-12-16 00:00:00,Dec-2024,Q4-2024,Morning,Priya S.,334.7,RM-2657,Hold – OOS,
BCH-2023-0659,Roasted Corn,Line E,2024-12-21 00:00:00,Dec-2024,Q4-2024,Afternoon,Anand M.,250.4,RM-2658,Released,2024-12-24 00:00:00
BCH-2023-0660,Chickpea Snacks,Line F,2024-12-23 00:00:00,Dec-2024,Q4-2024,Night,Sagar A.,349.6,RM-2659,Rejected,
BCH-2023-0661,Banana Chips,Line A,2024-12-24 00:00:00,Dec-2024,Q4-2024,Morning,Divya N.,422.6,RM-2660,Released,2024-12-27 00:00:00
BCH-2023-0662,Sweet Potato Chips,Line B,2024-12-25 00:00:00,Dec-2024,Q4-2024,Afternoon,Karthik V.,181.8,RM-2661,Released,2024-12-26 00:00:00
BCH-2023-0663,Masala Peanuts,Line C,2024-12-27 00:00:00,Dec-2024,Q4-2024,Night,Meena R.,599.6,RM-2662,Hold – OOS,
BCH-2023-0664,Tapioca Crisps,Line D,2024-12-28 00:00:00,Dec-2024,Q4-2024,Morning,Suresh B.,516.8,RM-2663,Released,2024-12-31 00:00:00
BCH-2023-0665,Jackfruit Chips,Line E,2024-12-29 00:00:00,Dec-2024,Q4-2024,Afternoon,Ramesh K.,259.3,RM-2664,Released,2024-12-31 00:00:00
BCH-2023-0666,Okra Chips,Line F,2024-12-30 00:00:00,Dec-2024,Q4-2024,Night,Priya S.,564.7,RM-2665,Released,2025-01-02 00:00:00
BCH-2023-0667,Roasted Corn,Line A,2025-01-06 00:00:00,Jan-2025,Q1-2025,Morning,Anand M.,241.2,RM-2666,Released,2025-01-09 00:00:00
BCH-2023-0668,Chickpea Snacks,Line B,2025-01-07 00:00:00,Jan-2025,Q1-2025,Afternoon,Sagar A.,296.9,RM-2667,Released,2025-01-10 00:00:00
BCH-2023-0669,Banana Chips,Line C,2025-01-09 00:00:00,Jan-2025,Q1-2025,Night,Divya N.,264.9,RM-2668,Hold – OOS,
BCH-2023-0670,Sweet Potato Chips,Line D,2025-01-10 00:00:00,Jan-2025,Q1-2025,Morning,Karthik V.,549.9,RM-2669,Released,2025-01-12 00:00:00
BCH-2023-0671,Masala Peanuts,Line E,2025-01-11 00:00:00,Jan-2025,Q1-2025,Afternoon,Meena R.,259.7,RM-2670,Hold – OOS,
BCH-2023-0672,Tapioca Crisps,Line F,2025-01-12 00:00:00,Jan-2025,Q1-2025,Night,Suresh B.,291.9,RM-2671,Released,2025-01-14 00:00:00
BCH-2023-0673,Jackfruit Chips,Line A,2025-01-13 00:00:00,Jan-2025,Q1-2025,Morning,Ramesh K.,504.7,RM-2672,Hold – OOS,
BCH-2023-0674,Okra Chips,Line B,2025-01-18 00:00:00,Jan-2025,Q1-2025,Afternoon,Priya S.,410.6,RM-2673,Released,2025-01-20 00:00:00
BCH-2023-0675,Roasted Corn,Line C,2025-01-19 00:00:00,Jan-2025,Q1-2025,Night,Anand M.,274.3,RM-2674,Hold – OOS,
BCH-2023-0676,Chickpea Snacks,Line D,2025-01-20 00:00:00,Jan-2025,Q1-2025,Morning,Sagar A.,355.6,RM-2675,Released,2025-01-22 00:00:00
BCH-2023-0677,Banana Chips,Line E,2025-01-22 00:00:00,Jan-2025,Q1-2025,Afternoon,Divya N.,360.4,RM-2676,Released,2025-01-23 00:00:00
BCH-2023-0678,Sweet Potato Chips,Line F,2025-01-23 00:00:00,Jan-2025,Q1-2025,Night,Karthik V.,465.5,RM-2677,Hold – OOS,
BCH-2023-0679,Masala Peanuts,Line A,2025-01-24 00:00:00,Jan-2025,Q1-2025,Morning,Meena R.,381.6,RM-2678,Released,2025-01-27 00:00:00
BCH-2023-0680,Tapioca Crisps,Line B,2025-01-26 00:00:00,Jan-2025,Q1-2025,Afternoon,Suresh B.,487.0,RM-2679,Released,2025-01-28 00:00:00
BCH-2023-0681,Jackfruit Chips,Line C,2025-01-27 00:00:00,Jan-2025,Q1-2025,Night,Ramesh K.,405.4,RM-2680,Released,2025-01-29 00:00:00
BCH-2023-0682,Okra Chips,Line D,2025-01-28 00:00:00,Jan-2025,Q1-2025,Morning,Priya S.,384.8,RM-2681,Released,2025-01-31 00:00:00
BCH-2023-0683,Roasted Corn,Line E,2025-01-30 00:00:00,Jan-2025,Q1-2025,Afternoon,Anand M.,218.9,RM-2682,Rejected,
BCH-2023-0684,Chickpea Snacks,Line F,2025-02-01 00:00:00,Feb-2025,Q1-2025,Night,Sagar A.,324.4,RM-2683,Released,2025-02-04 00:00:00
BCH-2023-0685,Banana Chips,Line A,2025-02-02 00:00:00,Feb-2025,Q1-2025,Morning,Divya N.,259.3,RM-2684,Released,2025-02-05 00:00:00
BCH-2023-0686,Sweet Potato Chips,Line B,2025-02-03 00:00:00,Feb-2025,Q1-2025,Afternoon,Karthik V.,263.1,RM-2685,Released,2025-02-05 00:00:00
BCH-2023-0687,Masala Peanuts,Line C,2025-02-04 00:00:00,Feb-2025,Q1-2025,Night,Meena R.,612.8,RM-2686,Released,2025-02-07 00:00:00
BCH-2023-0688,Tapioca Crisps,Line D,2025-02-05 00:00:00,Feb-2025,Q1-2025,Morning,Suresh B.,565.7,RM-2687,Released,2025-02-06 00:00:00
BCH-2023-0689,Jackfruit Chips,Line E,2025-02-06 00:00:00,Feb-2025,Q1-2025,Afternoon,Ramesh K.,232.4,RM-2688,Released,2025-02-08 00:00:00
BCH-2023-0690,Okra Chips,Line F,2025-02-07 00:00:00,Feb-2025,Q1-2025,Night,Priya S.,497.1,RM-2689,Released,2025-02-08 00:00:00
BCH-2023-0691,Roasted Corn,Line A,2025-02-10 00:00:00,Feb-2025,Q1-2025,Morning,Anand M.,278.8,RM-2690,Released,2025-02-12 00:00:00
BCH-2023-0692,Chickpea Snacks,Line B,2025-02-11 00:00:00,Feb-2025,Q1-2025,Afternoon,Sagar A.,427.3,RM-2691,Released,2025-02-14 00:00:00
BCH-2023-0693,Banana Chips,Line C,2025-02-12 00:00:00,Feb-2025,Q1-2025,Night,Divya N.,199.6,RM-2692,Released,2025-02-13 00:00:00
BCH-2023-0694,Sweet Potato Chips,Line D,2025-02-13 00:00:00,Feb-2025,Q1-2025,Morning,Karthik V.,249.3,RM-2693,Released,2025-02-15 00:00:00
BCH-2023-0695,Masala Peanuts,Line E,2025-02-14 00:00:00,Feb-2025,Q1-2025,Afternoon,Meena R.,424.3,RM-2694,Released,2025-02-15 00:00:00
BCH-2023-0696,Tapioca Crisps,Line F,2025-02-15 00:00:00,Feb-2025,Q1-2025,Night,Suresh B.,300.3,RM-2695,Released,2025-02-17 00:00:00
BCH-2023-0697,Jackfruit Chips,Line A,2025-02-16 00:00:00,Feb-2025,Q1-2025,Morning,Ramesh K.,572.8,RM-2696,Hold – OOS,
BCH-2023-0698,Okra Chips,Line B,2025-02-17 00:00:00,Feb-2025,Q1-2025,Afternoon,Priya S.,560.6,RM-2697,Released,2025-02-20 00:00:00
BCH-2023-0699,Roasted Corn,Line C,2025-02-18 00:00:00,Feb-2025,Q1-2025,Night,Anand M.,584.8,RM-2698,Released,2025-02-19 00:00:00
BCH-2023-0700,Chickpea Snacks,Line D,2025-02-19 00:00:00,Feb-2025,Q1-2025,Morning,Sagar A.,429.3,RM-2699,Released,2025-02-20 00:00:00
BCH-2023-0701,Banana Chips,Line E,2025-02-20 00:00:00,Feb-2025,Q1-2025,Afternoon,Divya N.,509.8,RM-2700,Released,2025-02-23 00:00:00
BCH-2023-0702,Sweet Potato Chips,Line F,2025-02-21 00:00:00,Feb-2025,Q1-2025,Night,Karthik V.,204.8,RM-2701,Released,2025-02-22 00:00:00
BCH-2023-0703,Masala Peanuts,Line A,2025-02-23 00:00:00,Feb-2025,Q1-2025,Morning,Meena R.,581.0,RM-2702,Released,2025-02-24 00:00:00
BCH-2023-0704,Tapioca Crisps,Line B,2025-02-28 00:00:00,Feb-2025,Q1-2025,Afternoon,Suresh B.,458.2,RM-2703,Released,2025-03-01 00:00:00
BCH-2023-0705,Jackfruit Chips,Line C,2025-03-01 00:00:00,Mar-2025,Q1-2025,Night,Ramesh K.,223.7,RM-2704,Released,2025-03-02 00:00:00
BCH-2023-0706,Okra Chips,Line D,2025-03-02 00:00:00,Mar-2025,Q1-2025,Morning,Priya S.,343.6,RM-2705,Released,2025-03-05 00:00:00
BCH-2023-0707,Roasted Corn,Line E,2025-03-03 00:00:00,Mar-2025,Q1-2025,Afternoon,Anand M.,552.3,RM-2706,Released,2025-03-05 00:00:00
BCH-2023-0708,Chickpea Snacks,Line F,2025-03-04 00:00:00,Mar-2025,Q1-2025,Night,Sagar A.,283.4,RM-2707,Released,2025-03-06 00:00:00
BCH-2023-0709,Banana Chips,Line A,2025-03-07 00:00:00,Mar-2025,Q1-2025,Morning,Divya N.,541.3,RM-2708,Released,2025-03-09 00:00:00
BCH-2023-0710,Sweet Potato Chips,Line B,2025-03-08 00:00:00,Mar-2025,Q1-2025,Afternoon,Karthik V.,238.1,RM-2709,Released,2025-03-11 00:00:00
BCH-2023-0711,Masala Peanuts,Line C,2025-03-09 00:00:00,Mar-2025,Q1-2025,Night,Meena R.,334.3,RM-2710,Released,2025-03-11 00:00:00
BCH-2023-0712,Tapioca Crisps,Line D,2025-03-16 00:00:00,Mar-2025,Q1-2025,Morning,Suresh B.,436.0,RM-2711,Hold – OOS,
BCH-2023-0713,Jackfruit Chips,Line E,2025-03-18 00:00:00,Mar-2025,Q1-2025,Afternoon,Ramesh K.,464.5,RM-2712,Released,2025-03-20 00:00:00
BCH-2023-0714,Okra Chips,Line F,2025-03-23 00:00:00,Mar-2025,Q1-2025,Night,Priya S.,319.6,RM-2713,Hold – OOS,
BCH-2023-0715,Roasted Corn,Line A,2025-03-24 00:00:00,Mar-2025,Q1-2025,Morning,Anand M.,423.7,RM-2714,Released,2025-03-27 00:00:00
BCH-2023-0716,Chickpea Snacks,Line B,2025-03-25 00:00:00,Mar-2025,Q1-2025,Afternoon,Sagar A.,234.4,RM-2715,Released,2025-03-27 00:00:00
BCH-2023-0717,Banana Chips,Line C,2025-03-26 00:00:00,Mar-2025,Q1-2025,Night,Divya N.,367.9,RM-2716,Released,2025-03-29 00:00:00
BCH-2023-0718,Sweet Potato Chips,Line D,2025-03-27 00:00:00,Mar-2025,Q1-2025,Morning,Karthik V.,387.9,RM-2717,Released,2025-03-30 00:00:00
BCH-2023-0719,Masala Peanuts,Line E,2025-03-28 00:00:00,Mar-2025,Q1-2025,Afternoon,Meena R.,515.8,RM-2718,Released,2025-03-29 00:00:00
BCH-2023-0720,Tapioca Crisps,Line F,2025-03-29 00:00:00,Mar-2025,Q1-2025,Night,Suresh B.,607.8,RM-2719,Released,2025-03-31 00:00:00
BCH-2023-0721,Jackfruit Chips,Line A,2025-03-30 00:00:00,Mar-2025,Q1-2025,Morning,Ramesh K.,592.1,RM-2720,Released,2025-03-31 00:00:00
BCH-2023-0722,Okra Chips,Line B,2025-03-31 00:00:00,Mar-2025,Q1-2025,Afternoon,Priya S.,430.8,RM-2721,Released,2025-04-02 00:00:00
BCH-2023-0723,Roasted Corn,Line C,2025-04-05 00:00:00,Apr-2025,Q2-2025,Night,Anand M.,556.7,RM-2722,Released,2025-04-08 00:00:00
BCH-2023-0724,Chickpea Snacks,Line D,2025-04-06 00:00:00,Apr-2025,Q2-2025,Morning,Sagar A.,342.1,RM-2723,Released,2025-04-08 00:00:00
BCH-2023-0725,Banana Chips,Line E,2025-04-07 00:00:00,Apr-2025,Q2-2025,Afternoon,Divya N.,351.9,RM-2724,Released,2025-04-10 00:00:00
BCH-2023-0726,Sweet Potato Chips,Line F,2025-04-08 00:00:00,Apr-2025,Q2-2025,Night,Karthik V.,248.8,RM-2725,Released,2025-04-10 00:00:00
BCH-2023-0727,Masala Peanuts,Line A,2025-04-09 00:00:00,Apr-2025,Q2-2025,Morning,Meena R.,396.3,RM-2726,Released,2025-04-12 00:00:00
BCH-2023-0728,Tapioca Crisps,Line B,2025-04-12 00:00:00,Apr-2025,Q2-2025,Afternoon,Suresh B.,347.8,RM-2727,Released,2025-04-14 00:00:00
BCH-2023-0729,Jackfruit Chips,Line C,2025-04-13 00:00:00,Apr-2025,Q2-2025,Night,Ramesh K.,514.0,RM-2728,Released,2025-04-15 00:00:00
BCH-2023-0730,Okra Chips,Line D,2025-04-14 00:00:00,Apr-2025,Q2-2025,Morning,Priya S.,274.2,RM-2729,Released,2025-04-17 00:00:00
BCH-2023-0731,Roasted Corn,Line E,2025-04-15 00:00:00,Apr-2025,Q2-2025,Afternoon,Anand M.,234.2,RM-2730,Released,2025-04-17 00:00:00
BCH-2023-0732,Chickpea Snacks,Line F,2025-04-16 00:00:00,Apr-2025,Q2-2025,Night,Sagar A.,255.8,RM-2731,Released,2025-04-17 00:00:00
BCH-2023-0733,Banana Chips,Line A,2025-04-17 00:00:00,Apr-2025,Q2-2025,Morning,Divya N.,246.6,RM-2732,Released,2025-04-20 00:00:00
BCH-2023-0734,Sweet Potato Chips,Line B,2025-04-19 00:00:00,Apr-2025,Q2-2025,Afternoon,Karthik V.,217.3,RM-2733,Released,2025-04-20 00:00:00
BCH-2023-0735,Masala Peanuts,Line C,2025-04-20 00:00:00,Apr-2025,Q2-2025,Night,Meena R.,588.0,RM-2734,Released,2025-04-23 00:00:00
BCH-2023-0736,Tapioca Crisps,Line D,2025-04-21 00:00:00,Apr-2025,Q2-2025,Morning,Suresh B.,592.8,RM-2735,Hold – OOS,
BCH-2023-0737,Jackfruit Chips,Line E,2025-04-23 00:00:00,Apr-2025,Q2-2025,Afternoon,Ramesh K.,474.0,RM-2736,Rejected,
BCH-2023-0738,Okra Chips,Line F,2025-04-26 00:00:00,Apr-2025,Q2-2025,Night,Priya S.,416.5,RM-2737,Released,2025-04-29 00:00:00
BCH-2023-0739,Roasted Corn,Line A,2025-04-27 00:00:00,Apr-2025,Q2-2025,Morning,Anand M.,415.3,RM-2738,Released,2025-04-29 00:00:00
BCH-2023-0740,Chickpea Snacks,Line B,2025-04-29 00:00:00,Apr-2025,Q2-2025,Afternoon,Sagar A.,485.1,RM-2739,Released,2025-05-02 00:00:00
BCH-2023-0741,Banana Chips,Line C,2025-04-30 00:00:00,Apr-2025,Q2-2025,Night,Divya N.,459.6,RM-2740,Released,2025-05-01 00:00:00
BCH-2023-0742,Sweet Potato Chips,Line D,2025-05-01 00:00:00,May-2025,Q2-2025,Morning,Karthik V.,610.2,RM-2741,Released,2025-05-04 00:00:00
BCH-2023-0743,Masala Peanuts,Line E,2025-05-02 00:00:00,May-2025,Q2-2025,Afternoon,Meena R.,384.4,RM-2742,Released,2025-05-03 00:00:00
BCH-2023-0744,Tapioca Crisps,Line F,2025-05-03 00:00:00,May-2025,Q2-2025,Night,Suresh B.,501.9,RM-2743,Released,2025-05-04 00:00:00
BCH-2023-0745,Jackfruit Chips,Line A,2025-05-05 00:00:00,May-2025,Q2-2025,Morning,Ramesh K.,409.0,RM-2744,Released,2025-05-08 00:00:00
BCH-2023-0746,Okra Chips,Line B,2025-05-07 00:00:00,May-2025,Q2-2025,Afternoon,Priya S.,584.2,RM-2745,Released,2025-05-09 00:00:00
BCH-2023-0747,Roasted Corn,Line C,2025-05-12 00:00:00,May-2025,Q2-2025,Night,Anand M.,616.8,RM-2746,Released,2025-05-13 00:00:00
BCH-2023-0748,Chickpea Snacks,Line D,2025-05-14 00:00:00,May-2025,Q2-2025,Morning,Sagar A.,309.8,RM-2747,Released,2025-05-17 00:00:00
BCH-2023-0749,Banana Chips,Line E,2025-05-15 00:00:00,May-2025,Q2-2025,Afternoon,Divya N.,203.5,RM-2748,Released,2025-05-17 00:00:00
BCH-2023-0750,Sweet Potato Chips,Line F,2025-05-16 00:00:00,May-2025,Q2-2025,Night,Karthik V.,203.2,RM-2749,Released,2025-05-18 00:00:00
BCH-2023-0751,Masala Peanuts,Line A,2025-05-17 00:00:00,May-2025,Q2-2025,Morning,Meena R.,241.0,RM-2750,Released,2025-05-18 00:00:00
BCH-2023-0752,Tapioca Crisps,Line B,2025-05-22 00:00:00,May-2025,Q2-2025,Afternoon,Suresh B.,253.8,RM-2751,Released,2025-05-23 00:00:00
BCH-2023-0753,Jackfruit Chips,Line C,2025-05-23 00:00:00,May-2025,Q2-2025,Night,Ramesh K.,341.1,RM-2752,Released,2025-05-25 00:00:00
BCH-2023-0754,Okra Chips,Line D,2025-05-24 00:00:00,May-2025,Q2-2025,Morning,Priya S.,449.5,RM-2753,Released,2025-05-26 00:00:00
BCH-2023-0755,Roasted Corn,Line E,2025-05-25 00:00:00,May-2025,Q2-2025,Afternoon,Anand M.,301.0,RM-2754,Released,2025-05-27 00:00:00
BCH-2023-0756,Chickpea Snacks,Line F,2025-05-26 00:00:00,May-2025,Q2-2025,Night,Sagar A.,560.8,RM-2755,Released,2025-05-29 00:00:00
BCH-2023-0757,Banana Chips,Line A,2025-05-29 00:00:00,May-2025,Q2-2025,Morning,Divya N.,618.4,RM-2756,Released,2025-05-31 00:00:00
BCH-2023-0758,Sweet Potato Chips,Line B,2025-05-30 00:00:00,May-2025,Q2-2025,Afternoon,Karthik V.,487.9,RM-2757,Released,2025-05-31 00:00:00
BCH-2023-0759,Masala Peanuts,Line C,2025-05-31 00:00:00,May-2025,Q2-2025,Night,Meena R.,434.7,RM-2758,Released,2025-06-03 00:00:00
BCH-2023-0760,Tapioca Crisps,Line D,2025-06-01 00:00:00,Jun-2025,Q2-2025,Morning,Suresh B.,215.5,RM-2759,Hold – OOS,
BCH-2023-0761,Jackfruit Chips,Line E,2025-06-02 00:00:00,Jun-2025,Q2-2025,Afternoon,Ramesh K.,587.7,RM-2760,Hold – OOS,
BCH-2023-0762,Okra Chips,Line F,2025-06-03 00:00:00,Jun-2025,Q2-2025,Night,Priya S.,594.8,RM-2761,Released,2025-06-05 00:00:00
BCH-2023-0763,Roasted Corn,Line A,2025-06-04 00:00:00,Jun-2025,Q2-2025,Morning,Anand M.,357.3,RM-2762,Released,2025-06-05 00:00:00
BCH-2023-0764,Chickpea Snacks,Line B,2025-06-07 00:00:00,Jun-2025,Q2-2025,Afternoon,Sagar A.,320.2,RM-2763,Released,2025-06-10 00:00:00
BCH-2023-0765,Banana Chips,Line C,2025-06-09 00:00:00,Jun-2025,Q2-2025,Night,Divya N.,502.0,RM-2764,Released,2025-06-10 00:00:00
BCH-2023-0766,Sweet Potato Chips,Line D,2025-06-11 00:00:00,Jun-2025,Q2-2025,Morning,Karthik V.,557.1,RM-2765,Released,2025-06-13 00:00:00
BCH-2023-0767,Masala Peanuts,Line E,2025-06-13 00:00:00,Jun-2025,Q2-2025,Afternoon,Meena R.,343.7,RM-2766,Released,2025-06-16 00:00:00
BCH-2023-0768,Tapioca Crisps,Line F,2025-06-14 00:00:00,Jun-2025,Q2-2025,Night,Suresh B.,487.6,RM-2767,Released,2025-06-15 00:00:00
BCH-2023-0769,Jackfruit Chips,Line A,2025-06-16 00:00:00,Jun-2025,Q2-2025,Morning,Ramesh K.,518.1,RM-2768,Released,2025-06-18 00:00:00
BCH-2023-0770,Okra Chips,Line B,2025-06-17 00:00:00,Jun-2025,Q2-2025,Afternoon,Priya S.,221.7,RM-2769,Released,2025-06-18 00:00:00
BCH-2023-0771,Roasted Corn,Line C,2025-06-18 00:00:00,Jun-2025,Q2-2025,Night,Anand M.,232.6,RM-2770,Released,2025-06-21 00:00:00
BCH-2023-0772,Chickpea Snacks,Line D,2025-06-19 00:00:00,Jun-2025,Q2-2025,Morning,Sagar A.,215.8,RM-2771,Hold – OOS,
BCH-2023-0773,Banana Chips,Line E,2025-06-22 00:00:00,Jun-2025,Q2-2025,Afternoon,Divya N.,370.1,RM-2772,Released,2025-06-24 00:00:00
BCH-2023-0774,Sweet Potato Chips,Line F,2025-06-25 00:00:00,Jun-2025,Q2-2025,Night,Karthik V.,232.2,RM-2773,Released,2025-06-26 00:00:00
BCH-2023-0775,Masala Peanuts,Line A,2025-06-26 00:00:00,Jun-2025,Q2-2025,Morning,Meena R.,196.9,RM-2774,Released,2025-06-28 00:00:00
BCH-2023-0776,Tapioca Crisps,Line B,2025-07-03 00:00:00,Jul-2025,Q3-2025,Afternoon,Suresh B.,508.7,RM-2775,Released,2025-07-04 00:00:00
BCH-2023-0777,Jackfruit Chips,Line C,2025-07-04 00:00:00,Jul-2025,Q3-2025,Night,Ramesh K.,602.0,RM-2776,Released,2025-07-06 00:00:00
BCH-2023-0778,Okra Chips,Line D,2025-07-06 00:00:00,Jul-2025,Q3-2025,Morning,Priya S.,388.9,RM-2777,Rejected,
BCH-2023-0779,Roasted Corn,Line E,2025-07-09 00:00:00,Jul-2025,Q3-2025,Afternoon,Anand M.,505.7,RM-2778,Released,2025-07-10 00:00:00
BCH-2023-0780,Chickpea Snacks,Line F,2025-07-10 00:00:00,Jul-2025,Q3-2025,Night,Sagar A.,563.1,RM-2779,Released,2025-07-11 00:00:00
BCH-2023-0781,Banana Chips,Line A,2025-07-11 00:00:00,Jul-2025,Q3-2025,Morning,Divya N.,217.8,RM-2780,Released,2025-07-14 00:00:00
BCH-2023-0782,Sweet Potato Chips,Line B,2025-07-13 00:00:00,Jul-2025,Q3-2025,Afternoon,Karthik V.,296.2,RM-2781,Released,2025-07-14 00:00:00
BCH-2023-0783,Masala Peanuts,Line C,2025-07-15 00:00:00,Jul-2025,Q3-2025,Night,Meena R.,320.3,RM-2782,Released,2025-07-17 00:00:00
BCH-2023-0784,Tapioca Crisps,Line D,2025-07-16 00:00:00,Jul-2025,Q3-2025,Morning,Suresh B.,518.3,RM-2783,Released,2025-07-17 00:00:00
BCH-2023-0785,Jackfruit Chips,Line E,2025-07-18 00:00:00,Jul-2025,Q3-2025,Afternoon,Ramesh K.,430.0,RM-2784,Released,2025-07-21 00:00:00
BCH-2023-0786,Okra Chips,Line F,2025-07-19 00:00:00,Jul-2025,Q3-2025,Night,Priya S.,376.9,RM-2785,Released,2025-07-20 00:00:00
BCH-2023-0787,Roasted Corn,Line A,2025-07-22 00:00:00,Jul-2025,Q3-2025,Morning,Anand M.,315.5,RM-2786,Released,2025-07-24 00:00:00
BCH-2023-0788,Chickpea Snacks,Line B,2025-07-23 00:00:00,Jul-2025,Q3-2025,Afternoon,Sagar A.,443.4,RM-2787,Released,2025-07-25 00:00:00
BCH-2023-0789,Banana Chips,Line C,2025-07-24 00:00:00,Jul-2025,Q3-2025,Night,Divya N.,590.5,RM-2788,Released,2025-07-26 00:00:00
BCH-2023-0790,Sweet Potato Chips,Line D,2025-07-25 00:00:00,Jul-2025,Q3-2025,Morning,Karthik V.,552.1,RM-2789,Rejected,
BCH-2023-0791,Masala Peanuts,Line E,2025-07-27 00:00:00,Jul-2025,Q3-2025,Afternoon,Meena R.,558.4,RM-2790,Hold – OOS,
BCH-2023-0792,Tapioca Crisps,Line F,2025-07-28 00:00:00,Jul-2025,Q3-2025,Night,Suresh B.,417.1,RM-2791,Released,2025-07-29 00:00:00
BCH-2023-0793,Jackfruit Chips,Line A,2025-07-31 00:00:00,Jul-2025,Q3-2025,Morning,Ramesh K.,398.1,RM-2792,Released,2025-08-01 00:00:00
BCH-2023-0794,Okra Chips,Line B,2025-08-01 00:00:00,Aug-2025,Q3-2025,Afternoon,Priya S.,507.3,RM-2793,Released,2025-08-04 00:00:00
BCH-2023-0795,Roasted Corn,Line C,2025-08-02 00:00:00,Aug-2025,Q3-2025,Night,Anand M.,567.6,RM-2794,Released,2025-08-04 00:00:00
BCH-2023-0796,Chickpea Snacks,Line D,2025-08-03 00:00:00,Aug-2025,Q3-2025,Morning,Sagar A.,607.7,RM-2795,Released,2025-08-06 00:00:00
BCH-2023-0797,Banana Chips,Line E,2025-08-04 00:00:00,Aug-2025,Q3-2025,Afternoon,Divya N.,403.3,RM-2796,Released,2025-08-07 00:00:00
BCH-2023-0798,Sweet Potato Chips,Line F,2025-08-05 00:00:00,Aug-2025,Q3-2025,Night,Karthik V.,458.0,RM-2797,Released,2025-08-08 00:00:00
BCH-2023-0799,Masala Peanuts,Line A,2025-08-10 00:00:00,Aug-2025,Q3-2025,Morning,Meena R.,552.7,RM-2798,Released,2025-08-12 00:00:00
BCH-2023-0800,Tapioca Crisps,Line B,2025-08-11 00:00:00,Aug-2025,Q3-2025,Afternoon,Suresh B.,202.2,RM-2799,Released,2025-08-12 00:00:00
BCH-2023-0801,Jackfruit Chips,Line C,2025-08-14 00:00:00,Aug-2025,Q3-2025,Night,Ramesh K.,211.2,RM-2800,Released,2025-08-16 00:00:00
BCH-2023-0802,Okra Chips,Line D,2025-08-16 00:00:00,Aug-2025,Q3-2025,Morning,Priya S.,395.3,RM-2801,Released,2025-08-19 00:00:00
BCH-2023-0803,Roasted Corn,Line E,2025-08-18 00:00:00,Aug-2025,Q3-2025,Afternoon,Anand M.,453.0,RM-2802,Released,2025-08-19 00:00:00
BCH-2023-0804,Chickpea Snacks,Line F,2025-08-19 00:00:00,Aug-2025,Q3-2025,Night,Sagar A.,428.5,RM-2803,Released,2025-08-21 00:00:00
BCH-2023-0805,Banana Chips,Line A,2025-08-21 00:00:00,Aug-2025,Q3-2025,Morning,Divya N.,507.9,RM-2804,Released,2025-08-24 00:00:00
BCH-2023-0806,Sweet Potato Chips,Line B,2025-08-22 00:00:00,Aug-2025,Q3-2025,Afternoon,Karthik V.,296.6,RM-2805,Released,2025-08-25 00:00:00
BCH-2023-0807,Masala Peanuts,Line C,2025-08-29 00:00:00,Aug-2025,Q3-2025,Night,Meena R.,438.8,RM-2806,Released,2025-08-31 00:00:00
BCH-2023-0808,Tapioca Crisps,Line D,2025-08-30 00:00:00,Aug-2025,Q3-2025,Morning,Suresh B.,361.2,RM-2807,Released,2025-09-01 00:00:00
BCH-2023-0809,Jackfruit Chips,Line E,2025-08-31 00:00:00,Aug-2025,Q3-2025,Afternoon,Ramesh K.,345.3,RM-2808,Hold – OOS,
BCH-2023-0810,Okra Chips,Line F,2025-09-01 00:00:00,Sep-2025,Q3-2025,Night,Priya S.,574.0,RM-2809,Released,2025-09-04 00:00:00
BCH-2023-0811,Roasted Corn,Line A,2025-09-02 00:00:00,Sep-2025,Q3-2025,Morning,Anand M.,478.1,RM-2810,Hold – OOS,
BCH-2023-0812,Chickpea Snacks,Line B,2025-09-03 00:00:00,Sep-2025,Q3-2025,Afternoon,Sagar A.,607.2,RM-2811,Released,2025-09-05 00:00:00
BCH-2023-0813,Banana Chips,Line C,2025-09-05 00:00:00,Sep-2025,Q3-2025,Night,Divya N.,289.8,RM-2812,Released,2025-09-06 00:00:00
BCH-2023-0814,Sweet Potato Chips,Line D,2025-09-07 00:00:00,Sep-2025,Q3-2025,Morning,Karthik V.,520.9,RM-2813,Released,2025-09-08 00:00:00
BCH-2023-0815,Masala Peanuts,Line E,2025-09-08 00:00:00,Sep-2025,Q3-2025,Afternoon,Meena R.,548.0,RM-2814,Released,2025-09-10 00:00:00
BCH-2023-0816,Tapioca Crisps,Line F,2025-09-10 00:00:00,Sep-2025,Q3-2025,Night,Suresh B.,422.8,RM-2815,Released,2025-09-12 00:00:00
BCH-2023-0817,Jackfruit Chips,Line A,2025-09-12 00:00:00,Sep-2025,Q3-2025,Morning,Ramesh K.,394.4,RM-2816,Hold – OOS,
BCH-2023-0818,Okra Chips,Line B,2025-09-14 00:00:00,Sep-2025,Q3-2025,Afternoon,Priya S.,260.7,RM-2817,Hold – OOS,
BCH-2023-0819,Roasted Corn,Line C,2025-09-15 00:00:00,Sep-2025,Q3-2025,Night,Anand M.,185.8,RM-2818,Released,2025-09-17 00:00:00
BCH-2023-0820,Chickpea Snacks,Line D,2025-09-16 00:00:00,Sep-2025,Q3-2025,Morning,Sagar A.,364.1,RM-2819,Hold – OOS,
BCH-2023-0821,Banana Chips,Line E,2025-09-17 00:00:00,Sep-2025,Q3-2025,Afternoon,Divya N.,570.8,RM-2820,Released,2025-09-18 00:00:00
BCH-2023-0822,Sweet Potato Chips,Line F,2025-09-19 00:00:00,Sep-2025,Q3-2025,Night,Karthik V.,209.5,RM-2821,Released,2025-09-22 00:00:00
BCH-2023-0823,Masala Peanuts,Line A,2025-09-20 00:00:00,Sep-2025,Q3-2025,Morning,Meena R.,295.4,RM-2822,Released,2025-09-23 00:00:00
BCH-2023-0824,Tapioca Crisps,Line B,2025-09-21 00:00:00,Sep-2025,Q3-2025,Afternoon,Suresh B.,579.4,RM-2823,Released,2025-09-22 00:00:00
BCH-2023-0825,Jackfruit Chips,Line C,2025-09-22 00:00:00,Sep-2025,Q3-2025,Night,Ramesh K.,248.6,RM-2824,Released,2025-09-23 00:00:00
BCH-2023-0826,Okra Chips,Line D,2025-09-23 00:00:00,Sep-2025,Q3-2025,Morning,Priya S.,229.5,RM-2825,Released,2025-09-24 00:00:00
BCH-2023-0827,Roasted Corn,Line E,2025-09-24 00:00:00,Sep-2025,Q3-2025,Afternoon,Anand M.,592.4,RM-2826,Hold – OOS,
BCH-2023-0828,Chickpea Snacks,Line F,2025-09-25 00:00:00,Sep-2025,Q3-2025,Night,Sagar A.,318.1,RM-2827,Released,2025-09-27 00:00:00
BCH-2023-0829,Banana Chips,Line A,2025-09-26 00:00:00,Sep-2025,Q3-2025,Morning,Divya N.,351.1,RM-2828,Released,2025-09-28 00:00:00
BCH-2023-0830,Sweet Potato Chips,Line B,2025-09-28 00:00:00,Sep-2025,Q3-2025,Afternoon,Karthik V.,326.5,RM-2829,Released,2025-09-30 00:00:00
BCH-2023-0831,Masala Peanuts,Line C,2025-09-30 00:00:00,Sep-2025,Q3-2025,Night,Meena R.,491.4,RM-2830,Released,2025-10-02 00:00:00
BCH-2023-0832,Tapioca Crisps,Line D,2025-10-01 00:00:00,Oct-2025,Q4-2025,Morning,Suresh B.,234.9,RM-2831,Released,2025-10-03 00:00:00
BCH-2023-0833,Jackfruit Chips,Line E,2025-10-03 00:00:00,Oct-2025,Q4-2025,Afternoon,Ramesh K.,444.7,RM-2832,Released,2025-10-06 00:00:00
BCH-2023-0834,Okra Chips,Line F,2025-10-10 00:00:00,Oct-2025,Q4-2025,Night,Priya S.,507.2,RM-2833,Released,2025-10-12 00:00:00
BCH-2023-0835,Roasted Corn,Line A,2025-10-12 00:00:00,Oct-2025,Q4-2025,Morning,Anand M.,218.1,RM-2834,Released,2025-10-15 00:00:00
BCH-2023-0836,Chickpea Snacks,Line B,2025-10-13 00:00:00,Oct-2025,Q4-2025,Afternoon,Sagar A.,619.7,RM-2835,Released,2025-10-14 00:00:00
BCH-2023-0837,Banana Chips,Line C,2025-10-15 00:00:00,Oct-2025,Q4-2025,Night,Divya N.,393.5,RM-2836,Hold – OOS,
BCH-2023-0838,Sweet Potato Chips,Line D,2025-10-17 00:00:00,Oct-2025,Q4-2025,Morning,Karthik V.,334.5,RM-2837,Released,2025-10-19 00:00:00
BCH-2023-0839,Masala Peanuts,Line E,2025-10-18 00:00:00,Oct-2025,Q4-2025,Afternoon,Meena R.,582.9,RM-2838,Hold – OOS,
BCH-2023-0840,Tapioca Crisps,Line F,2025-10-25 00:00:00,Oct-2025,Q4-2025,Night,Suresh B.,256.3,RM-2839,Released,2025-10-26 00:00:00
BCH-2024-0841,Jackfruit Chips,Line A,2025-10-26 00:00:00,Oct-2025,Q4-2025,Morning,Ramesh K.,279.6,RM-2840,Released,2025-10-29 00:00:00
BCH-2024-0842,Okra Chips,Line B,2025-10-27 00:00:00,Oct-2025,Q4-2025,Afternoon,Priya S.,281.8,RM-2841,Released,2025-10-30 00:00:00
BCH-2024-0843,Roasted Corn,Line C,2025-10-28 00:00:00,Oct-2025,Q4-2025,Night,Anand M.,612.2,RM-2842,Released,2025-10-31 00:00:00
BCH-2024-0844,Chickpea Snacks,Line D,2025-10-30 00:00:00,Oct-2025,Q4-2025,Morning,Sagar A.,495.8,RM-2843,Released,2025-11-01 00:00:00
BCH-2024-0845,Banana Chips,Line E,2025-10-31 00:00:00,Oct-2025,Q4-2025,Afternoon,Divya N.,459.2,RM-2844,Released,2025-11-02 00:00:00
BCH-2024-0846,Sweet Potato Chips,Line F,2025-11-01 00:00:00,Nov-2025,Q4-2025,Night,Karthik V.,407.6,RM-2845,Released,2025-11-04 00:00:00
BCH-2024-0847,Masala Peanuts,Line A,2025-11-02 00:00:00,Nov-2025,Q4-2025,Morning,Meena R.,372.4,RM-2846,Hold – OOS,
BCH-2024-0848,Tapioca Crisps,Line B,2025-11-03 00:00:00,Nov-2025,Q4-2025,Afternoon,Suresh B.,384.5,RM-2847,Released,2025-11-05 00:00:00
BCH-2024-0849,Jackfruit Chips,Line C,2025-11-04 00:00:00,Nov-2025,Q4-2025,Night,Ramesh K.,249.7,RM-2848,Released,2025-11-05 00:00:00
BCH-2024-0850,Okra Chips,Line D,2025-11-07 00:00:00,Nov-2025,Q4-2025,Morning,Priya S.,509.3,RM-2849,Released,2025-11-09 00:00:00
BCH-2024-0851,Roasted Corn,Line E,2025-11-08 00:00:00,Nov-2025,Q4-2025,Afternoon,Anand M.,202.5,RM-2850,Released,2025-11-10 00:00:00
BCH-2024-0852,Chickpea Snacks,Line F,2025-11-11 00:00:00,Nov-2025,Q4-2025,Night,Sagar A.,433.8,RM-2851,Released,2025-11-12 00:00:00
BCH-2024-0853,Banana Chips,Line A,2025-11-13 00:00:00,Nov-2025,Q4-2025,Morning,Divya N.,293.1,RM-2852,Released,2025-11-14 00:00:00
BCH-2024-0854,Sweet Potato Chips,Line B,2025-11-14 00:00:00,Nov-2025,Q4-2025,Afternoon,Karthik V.,388.5,RM-2853,Released,2025-11-15 00:00:00
BCH-2024-0855,Masala Peanuts,Line C,2025-11-15 00:00:00,Nov-2025,Q4-2025,Night,Meena R.,233.3,RM-2854,Released,2025-11-16 00:00:00
BCH-2024-0856,Tapioca Crisps,Line D,2025-11-17 00:00:00,Nov-2025,Q4-2025,Morning,Suresh B.,181.3,RM-2855,Hold – OOS,
BCH-2024-0857,Jackfruit Chips,Line E,2025-11-19 00:00:00,Nov-2025,Q4-2025,Afternoon,Ramesh K.,404.4,RM-2856,Released,2025-11-20 00:00:00
BCH-2024-0858,Okra Chips,Line F,2025-11-20 00:00:00,Nov-2025,Q4-2025,Night,Priya S.,259.9,RM-2857,Released,2025-11-21 00:00:00
BCH-2024-0859,Roasted Corn,Line A,2025-11-21 00:00:00,Nov-2025,Q4-2025,Morning,Anand M.,514.8,RM-2858,Released,2025-11-23 00:00:00
BCH-2024-0860,Chickpea Snacks,Line B,2025-11-23 00:00:00,Nov-2025,Q4-2025,Afternoon,Sagar A.,185.6,RM-2859,Released,2025-11-24 00:00:00
BCH-2024-0861,Banana Chips,Line C,2025-11-24 00:00:00,Nov-2025,Q4-2025,Night,Divya N.,382.5,RM-2860,Rejected,
BCH-2024-0862,Sweet Potato Chips,Line D,2025-11-25 00:00:00,Nov-2025,Q4-2025,Morning,Karthik V.,196.7,RM-2861,Released,2025-11-27 00:00:00
BCH-2024-0863,Masala Peanuts,Line E,2025-11-26 00:00:00,Nov-2025,Q4-2025,Afternoon,Meena R.,298.4,RM-2862,Released,2025-11-28 00:00:00
BCH-2024-0864,Tapioca Crisps,Line F,2025-11-27 00:00:00,Nov-2025,Q4-2025,Night,Suresh B.,607.7,RM-2863,Hold – OOS,
BCH-2024-0865,Jackfruit Chips,Line A,2025-11-29 00:00:00,Nov-2025,Q4-2025,Morning,Ramesh K.,203.0,RM-2864,Released,2025-12-02 00:00:00
BCH-2024-0866,Okra Chips,Line B,2025-11-30 00:00:00,Nov-2025,Q4-2025,Afternoon,Priya S.,409.2,RM-2865,Released,2025-12-01 00:00:00
BCH-2024-0867,Roasted Corn,Line C,2025-12-01 00:00:00,Dec-2025,Q4-2025,Night,Anand M.,512.2,RM-2866,Released,2025-12-04 00:00:00
BCH-2024-0868,Chickpea Snacks,Line D,2025-12-06 00:00:00,Dec-2025,Q4-2025,Morning,Sagar A.,190.1,RM-2867,Released,2025-12-09 00:00:00
BCH-2024-0869,Banana Chips,Line E,2025-12-07 00:00:00,Dec-2025,Q4-2025,Afternoon,Divya N.,358.4,RM-2868,Released,2025-12-09 00:00:00
BCH-2024-0870,Sweet Potato Chips,Line F,2025-12-08 00:00:00,Dec-2025,Q4-2025,Night,Karthik V.,217.8,RM-2869,Released,2025-12-11 00:00:00
BCH-2024-0871,Masala Peanuts,Line A,2025-12-10 00:00:00,Dec-2025,Q4-2025,Morning,Meena R.,253.0,RM-2870,Released,2025-12-11 00:00:00
BCH-2024-0872,Tapioca Crisps,Line B,2025-12-11 00:00:00,Dec-2025,Q4-2025,Afternoon,Suresh B.,515.8,RM-2871,Released,2025-12-14 00:00:00
BCH-2024-0873,Jackfruit Chips,Line C,2025-12-12 00:00:00,Dec-2025,Q4-2025,Night,Ramesh K.,295.2,RM-2872,Released,2025-12-13 00:00:00
BCH-2024-0874,Okra Chips,Line D,2025-12-13 00:00:00,Dec-2025,Q4-2025,Morning,Priya S.,299.1,RM-2873,Rejected,
BCH-2024-0875,Roasted Corn,Line E,2025-12-15 00:00:00,Dec-2025,Q4-2025,Afternoon,Anand M.,196.0,RM-2874,Released,2025-12-16 00:00:00
BCH-2024-0876,Chickpea Snacks,Line F,2025-12-16 00:00:00,Dec-2025,Q4-2025,Night,Sagar A.,420.0,RM-2875,Released,2025-12-17 00:00:00
BCH-2024-0877,Banana Chips,Line A,2025-12-17 00:00:00,Dec-2025,Q4-2025,Morning,Divya N.,252.7,RM-2876,Released,2025-12-18 00:00:00
BCH-2024-0878,Sweet Potato Chips,Line B,2025-12-18 00:00:00,Dec-2025,Q4-2025,Afternoon,Karthik V.,478.3,RM-2877,Released,2025-12-21 00:00:00
BCH-2024-0879,Masala Peanuts,Line C,2025-12-19 00:00:00,Dec-2025,Q4-2025,Night,Meena R.,381.2,RM-2878,Released,2025-12-20 00:00:00
BCH-2024-0880,Tapioca Crisps,Line D,2025-12-24 00:00:00,Dec-2025,Q4-2025,Morning,Suresh B.,511.4,RM-2879,Released,2025-12-27 00:00:00
BCH-2024-0881,Jackfruit Chips,Line E,2025-12-25 00:00:00,Dec-2025,Q4-2025,Afternoon,Ramesh K.,418.9,RM-2880,Released,2025-12-27 00:00:00
BCH-2024-0882,Okra Chips,Line F,2025-12-26 00:00:00,Dec-2025,Q4-2025,Night,Priya S.,559.7,RM-2881,Released,2025-12-27 00:00:00
BCH-2024-0883,Roasted Corn,Line A,2025-12-27 00:00:00,Dec-2025,Q4-2025,Morning,Anand M.,481.9,RM-2882,Hold – OOS,
BCH-2024-0884,Chickpea Snacks,Line B,2025-12-29 00:00:00,Dec-2025,Q4-2025,Afternoon,Sagar A.,400.1,RM-2883,Released,2026-01-01 00:00:00
BCH-2024-0885,Banana Chips,Line C,2025-12-30 00:00:00,Dec-2025,Q4-2025,Night,Divya N.,236.4,RM-2884,Released,2026-01-01 00:00:00
BCH-2024-0886,Sweet Potato Chips,Line D,2025-12-31 00:00:00,Dec-2025,Q4-2025,Morning,Karthik V.,339.5,RM-2885,Released,2026-01-02 00:00:00
BCH-2024-0887,Masala Peanuts,Line E,2026-01-01 00:00:00,Jan-2026,Q1-2026,Afternoon,Meena R.,254.7,RM-2886,Released,2026-01-02 00:00:00
BCH-2024-0888,Tapioca Crisps,Line F,2026-01-02 00:00:00,Jan-2026,Q1-2026,Night,Suresh B.,586.4,RM-2887,Released,2026-01-05 00:00:00
BCH-2024-0889,Jackfruit Chips,Line A,2026-01-03 00:00:00,Jan-2026,Q1-2026,Morning,Ramesh K.,502.4,RM-2888,Released,2026-01-05 00:00:00
BCH-2024-0890,Okra Chips,Line B,2026-01-04 00:00:00,Jan-2026,Q1-2026,Afternoon,Priya S.,502.1,RM-2889,Released,2026-01-06 00:00:00
BCH-2024-0891,Roasted Corn,Line C,2026-01-06 00:00:00,Jan-2026,Q1-2026,Night,Anand M.,277.5,RM-2890,Released,2026-01-08 00:00:00
BCH-2024-0892,Chickpea Snacks,Line D,2026-01-07 00:00:00,Jan-2026,Q1-2026,Morning,Sagar A.,448.8,RM-2891,Released,2026-01-10 00:00:00
BCH-2024-0893,Banana Chips,Line E,2026-01-08 00:00:00,Jan-2026,Q1-2026,Afternoon,Divya N.,244.0,RM-2892,Hold – OOS,
BCH-2024-0894,Sweet Potato Chips,Line F,2026-01-11 00:00:00,Jan-2026,Q1-2026,Night,Karthik V.,472.9,RM-2893,Released,2026-01-14 00:00:00
BCH-2024-0895,Masala Peanuts,Line A,2026-01-12 00:00:00,Jan-2026,Q1-2026,Morning,Meena R.,598.6,RM-2894,Released,2026-01-15 00:00:00
BCH-2024-0896,Tapioca Crisps,Line B,2026-01-13 00:00:00,Jan-2026,Q1-2026,Afternoon,Suresh B.,604.6,RM-2895,Released,2026-01-16 00:00:00
BCH-2024-0897,Jackfruit Chips,Line C,2026-01-14 00:00:00,Jan-2026,Q1-2026,Night,Ramesh K.,543.1,RM-2896,Released,2026-01-17 00:00:00
BCH-2024-0898,Okra Chips,Line D,2026-01-17 00:00:00,Jan-2026,Q1-2026,Morning,Priya S.,489.2,RM-2897,Rejected,
BCH-2024-0899,Roasted Corn,Line E,2026-01-19 00:00:00,Jan-2026,Q1-2026,Afternoon,Anand M.,511.2,RM-2898,Released,2026-01-21 00:00:00
BCH-2024-0900,Chickpea Snacks,Line F,2026-01-20 00:00:00,Jan-2026,Q1-2026,Night,Sagar A.,466.0,RM-2899,Released,2026-01-21 00:00:00
BCH-2024-0901,Banana Chips,Line A,2026-01-22 00:00:00,Jan-2026,Q1-2026,Morning,Divya N.,610.2,RM-2900,Released,2026-01-24 00:00:00
BCH-2024-0902,Sweet Potato Chips,Line B,2026-01-23 00:00:00,Jan-2026,Q1-2026,Afternoon,Karthik V.,489.7,RM-2901,Rejected,
BCH-2024-0903,Masala Peanuts,Line C,2026-01-25 00:00:00,Jan-2026,Q1-2026,Night,Meena R.,598.5,RM-2902,Released,2026-01-26 00:00:00
BCH-2024-0904,Tapioca Crisps,Line D,2026-01-26 00:00:00,Jan-2026,Q1-2026,Morning,Suresh B.,613.6,RM-2903,Hold – OOS,
BCH-2024-0905,Jackfruit Chips,Line E,2026-01-29 00:00:00,Jan-2026,Q1-2026,Afternoon,Ramesh K.,524.6,RM-2904,Released,2026-02-01 00:00:00
BCH-2024-0906,Okra Chips,Line F,2026-02-03 00:00:00,Feb-2026,Q1-2026,Night,Priya S.,258.3,RM-2905,Rejected,
BCH-2024-0907,Roasted Corn,Line A,2026-02-06 00:00:00,Feb-2026,Q1-2026,Morning,Anand M.,603.1,RM-2906,Released,2026-02-09 00:00:00
BCH-2024-0908,Chickpea Snacks,Line B,2026-02-08 00:00:00,Feb-2026,Q1-2026,Afternoon,Sagar A.,378.1,RM-2907,Released,2026-02-11 00:00:00
BCH-2024-0909,Banana Chips,Line C,2026-02-10 00:00:00,Feb-2026,Q1-2026,Night,Divya N.,220.1,RM-2908,Released,2026-02-13 00:00:00
BCH-2024-0910,Sweet Potato Chips,Line D,2026-02-11 00:00:00,Feb-2026,Q1-2026,Morning,Karthik V.,373.5,RM-2909,Released,2026-02-13 00:00:00
BCH-2024-0911,Masala Peanuts,Line E,2026-02-12 00:00:00,Feb-2026,Q1-2026,Afternoon,Meena R.,428.2,RM-2910,Released,2026-02-14 00:00:00
BCH-2024-0912,Tapioca Crisps,Line F,2026-02-13 00:00:00,Feb-2026,Q1-2026,Night,Suresh B.,588.5,RM-2911,Released,2026-02-16 00:00:00
BCH-2024-0913,Jackfruit Chips,Line A,2026-02-14 00:00:00,Feb-2026,Q1-2026,Morning,Ramesh K.,278.4,RM-2912,Released,2026-02-15 00:00:00
BCH-2024-0914,Okra Chips,Line B,2026-02-15 00:00:00,Feb-2026,Q1-2026,Afternoon,Priya S.,602.3,RM-2913,Released,2026-02-16 00:00:00
BCH-2024-0915,Roasted Corn,Line C,2026-02-17 00:00:00,Feb-2026,Q1-2026,Night,Anand M.,388.1,RM-2914,Released,2026-02-19 00:00:00
BCH-2024-0916,Chickpea Snacks,Line D,2026-02-18 00:00:00,Feb-2026,Q1-2026,Morning,Sagar A.,590.4,RM-2915,Released,2026-02-19 00:00:00
BCH-2024-0917,Banana Chips,Line E,2026-02-19 00:00:00,Feb-2026,Q1-2026,Afternoon,Divya N.,446.2,RM-2916,Released,2026-02-21 00:00:00
BCH-2024-0918,Sweet Potato Chips,Line F,2026-02-20 00:00:00,Feb-2026,Q1-2026,Night,Karthik V.,336.5,RM-2917,Released,2026-02-22 00:00:00
BCH-2024-0919,Masala Peanuts,Line A,2026-02-21 00:00:00,Feb-2026,Q1-2026,Morning,Meena R.,498.8,RM-2918,Hold – OOS,
BCH-2024-0920,Tapioca Crisps,Line B,2026-02-22 00:00:00,Feb-2026,Q1-2026,Afternoon,Suresh B.,276.0,RM-2919,Hold – OOS,
BCH-2024-0921,Jackfruit Chips,Line C,2026-02-23 00:00:00,Feb-2026,Q1-2026,Night,Ramesh K.,488.5,RM-2920,Rejected,
BCH-2024-0922,Okra Chips,Line D,2026-02-24 00:00:00,Feb-2026,Q1-2026,Morning,Priya S.,600.7,RM-2921,Hold – OOS,
BCH-2024-0923,Roasted Corn,Line E,2026-02-25 00:00:00,Feb-2026,Q1-2026,Afternoon,Anand M.,281.4,RM-2922,Hold – OOS,
BCH-2024-0924,Chickpea Snacks,Line F,2026-02-26 00:00:00,Feb-2026,Q1-2026,Night,Sagar A.,376.8,RM-2923,Released,2026-02-27 00:00:00
BCH-2024-0925,Banana Chips,Line A,2026-02-28 00:00:00,Feb-2026,Q1-2026,Morning,Divya N.,452.9,RM-2924,Released,2026-03-03 00:00:00
BCH-2024-0926,Sweet Potato Chips,Line B,2026-03-02 00:00:00,Mar-2026,Q1-2026,Afternoon,Karthik V.,509.4,RM-2925,Released,2026-03-03 00:00:00
BCH-2024-0927,Masala Peanuts,Line C,2026-03-03 00:00:00,Mar-2026,Q1-2026,Night,Meena R.,279.8,RM-2926,Released,2026-03-04 00:00:00
BCH-2024-0928,Tapioca Crisps,Line D,2026-03-04 00:00:00,Mar-2026,Q1-2026,Morning,Suresh B.,240.8,RM-2927,Released,2026-03-07 00:00:00
BCH-2024-0929,Jackfruit Chips,Line E,2026-03-05 00:00:00,Mar-2026,Q1-2026,Afternoon,Ramesh K.,565.0,RM-2928,Released,2026-03-07 00:00:00
BCH-2024-0930,Okra Chips,Line F,2026-03-06 00:00:00,Mar-2026,Q1-2026,Night,Priya S.,368.1,RM-2929,Released,2026-03-09 00:00:00
BCH-2024-0931,Roasted Corn,Line A,2026-03-07 00:00:00,Mar-2026,Q1-2026,Morning,Anand M.,202.7,RM-2930,Released,2026-03-08 00:00:00
BCH-2024-0932,Chickpea Snacks,Line B,2026-03-08 00:00:00,Mar-2026,Q1-2026,Afternoon,Sagar A.,240.7,RM-2931,Hold – OOS,
BCH-2024-0933,Banana Chips,Line C,2026-03-10 00:00:00,Mar-2026,Q1-2026,Night,Divya N.,242.8,RM-2932,Released,2026-03-13 00:00:00
BCH-2024-0934,Sweet Potato Chips,Line D,2026-03-11 00:00:00,Mar-2026,Q1-2026,Morning,Karthik V.,534.0,RM-2933,Released,2026-03-14 00:00:00
BCH-2024-0935,Masala Peanuts,Line E,2026-03-18 00:00:00,Mar-2026,Q1-2026,Afternoon,Meena R.,606.0,RM-2934,Hold – OOS,
BCH-2024-0936,Tapioca Crisps,Line F,2026-03-19 00:00:00,Mar-2026,Q1-2026,Night,Suresh B.,554.1,RM-2935,Released,2026-03-22 00:00:00
BCH-2024-0937,Jackfruit Chips,Line A,2026-03-21 00:00:00,Mar-2026,Q1-2026,Morning,Ramesh K.,211.2,RM-2936,Released,2026-03-22 00:00:00
BCH-2024-0938,Okra Chips,Line B,2026-03-22 00:00:00,Mar-2026,Q1-2026,Afternoon,Priya S.,203.5,RM-2937,Released,2026-03-25 00:00:00
BCH-2024-0939,Roasted Corn,Line C,2026-03-23 00:00:00,Mar-2026,Q1-2026,Night,Anand M.,590.9,RM-2938,Hold – OOS,
BCH-2024-0940,Chickpea Snacks,Line D,2026-03-24 00:00:00,Mar-2026,Q1-2026,Morning,Sagar A.,592.6,RM-2939,Released,2026-03-25 00:00:00
BCH-2024-0941,Banana Chips,Line E,2026-03-25 00:00:00,Mar-2026,Q1-2026,Afternoon,Divya N.,379.8,RM-2940,Released,2026-03-28 00:00:00
BCH-2024-0942,Sweet Potato Chips,Line F,2026-03-26 00:00:00,Mar-2026,Q1-2026,Night,Karthik V.,229.0,RM-2941,Released,2026-03-27 00:00:00
BCH-2024-0943,Masala Peanuts,Line A,2026-03-27 00:00:00,Mar-2026,Q1-2026,Morning,Meena R.,231.5,RM-2942,Released,2026-03-29 00:00:00
BCH-2024-0944,Tapioca Crisps,Line B,2026-04-03 00:00:00,Apr-2026,Q2-2026,Afternoon,Suresh B.,217.8,RM-2943,Released,2026-04-04 00:00:00
BCH-2024-0945,Jackfruit Chips,Line C,2026-04-04 00:00:00,Apr-2026,Q2-2026,Night,Ramesh K.,379.7,RM-2944,Released,2026-04-07 00:00:00
BCH-2024-0946,Okra Chips,Line D,2026-04-05 00:00:00,Apr-2026,Q2-2026,Morning,Priya S.,522.1,RM-2945,Released,2026-04-08 00:00:00
BCH-2024-0947,Roasted Corn,Line E,2026-04-06 00:00:00,Apr-2026,Q2-2026,Afternoon,Anand M.,302.6,RM-2946,Released,2026-04-09 00:00:00
BCH-2024-0948,Chickpea Snacks,Line F,2026-04-07 00:00:00,Apr-2026,Q2-2026,Night,Sagar A.,347.8,RM-2947,Released,2026-04-09 00:00:00
BCH-2024-0949,Banana Chips,Line A,2026-04-08 00:00:00,Apr-2026,Q2-2026,Morning,Divya N.,373.4,RM-2948,Released,2026-04-10 00:00:00
BCH-2024-0950,Sweet Potato Chips,Line B,2026-04-10 00:00:00,Apr-2026,Q2-2026,Afternoon,Karthik V.,304.4,RM-2949,Released,2026-04-13 00:00:00
BCH-2024-0951,Masala Peanuts,Line C,2026-04-13 00:00:00,Apr-2026,Q2-2026,Night,Meena R.,375.9,RM-2950,Released,2026-04-15 00:00:00
BCH-2024-0952,Tapioca Crisps,Line D,2026-04-14 00:00:00,Apr-2026,Q2-2026,Morning,Suresh B.,613.7,RM-2951,Released,2026-04-15 00:00:00
BCH-2024-0953,Jackfruit Chips,Line E,2026-04-15 00:00:00,Apr-2026,Q2-2026,Afternoon,Ramesh K.,242.5,RM-2952,Released,2026-04-18 00:00:00
BCH-2024-0954,Okra Chips,Line F,2026-04-16 00:00:00,Apr-2026,Q2-2026,Night,Priya S.,214.3,RM-2953,Released,2026-04-18 00:00:00
BCH-2024-0955,Roasted Corn,Line A,2026-04-19 00:00:00,Apr-2026,Q2-2026,Morning,Anand M.,501.1,RM-2954,Released,2026-04-21 00:00:00
BCH-2024-0956,Chickpea Snacks,Line B,2026-04-20 00:00:00,Apr-2026,Q2-2026,Afternoon,Sagar A.,250.8,RM-2955,Released,2026-04-23 00:00:00
BCH-2024-0957,Banana Chips,Line C,2026-04-21 00:00:00,Apr-2026,Q2-2026,Night,Divya N.,583.1,RM-2956,Released,2026-04-23 00:00:00
BCH-2024-0958,Sweet Potato Chips,Line D,2026-04-26 00:00:00,Apr-2026,Q2-2026,Morning,Karthik V.,268.5,RM-2957,Released,2026-04-28 00:00:00
BCH-2024-0959,Masala Peanuts,Line E,2026-04-27 00:00:00,Apr-2026,Q2-2026,Afternoon,Meena R.,607.2,RM-2958,Released,2026-04-29 00:00:00
BCH-2024-0960,Tapioca Crisps,Line F,2026-04-28 00:00:00,Apr-2026,Q2-2026,Night,Suresh B.,526.5,RM-2959,Released,2026-04-30 00:00:00
BCH-2024-0961,Jackfruit Chips,Line A,2026-04-29 00:00:00,Apr-2026,Q2-2026,Morning,Ramesh K.,470.2,RM-2960,Hold – OOS,
BCH-2024-0962,Okra Chips,Line B,2026-04-30 00:00:00,Apr-2026,Q2-2026,Afternoon,Priya S.,493.0,RM-2961,Released,2026-05-02 00:00:00
BCH-2024-0963,Roasted Corn,Line C,2026-05-05 00:00:00,May-2026,Q2-2026,Night,Anand M.,264.5,RM-2962,Released,2026-05-08 00:00:00
BCH-2024-0964,Chickpea Snacks,Line D,2026-05-06 00:00:00,May-2026,Q2-2026,Morning,Sagar A.,391.6,RM-2963,Released,2026-05-09 00:00:00
BCH-2024-0965,Banana Chips,Line E,2026-05-07 00:00:00,May-2026,Q2-2026,Afternoon,Divya N.,381.9,RM-2964,Released,2026-05-08 00:00:00
BCH-2024-0966,Sweet Potato Chips,Line F,2026-05-08 00:00:00,May-2026,Q2-2026,Night,Karthik V.,240.9,RM-2965,Released,2026-05-11 00:00:00
BCH-2024-0967,Masala Peanuts,Line A,2026-05-10 00:00:00,May-2026,Q2-2026,Morning,Meena R.,362.1,RM-2966,Released,2026-05-11 00:00:00
BCH-2024-0968,Tapioca Crisps,Line B,2026-05-12 00:00:00,May-2026,Q2-2026,Afternoon,Suresh B.,390.4,RM-2967,Hold – OOS,
BCH-2024-0969,Jackfruit Chips,Line C,2026-05-14 00:00:00,May-2026,Q2-2026,Night,Ramesh K.,350.8,RM-2968,Released,2026-05-17 00:00:00
BCH-2024-0970,Okra Chips,Line D,2026-05-15 00:00:00,May-2026,Q2-2026,Morning,Priya S.,465.8,RM-2969,Released,2026-05-16 00:00:00
BCH-2024-0971,Roasted Corn,Line E,2026-05-17 00:00:00,May-2026,Q2-2026,Afternoon,Anand M.,492.7,RM-2970,Released,2026-05-19 00:00:00
BCH-2024-0972,Chickpea Snacks,Line F,2026-05-18 00:00:00,May-2026,Q2-2026,Night,Sagar A.,607.7,RM-2971,Released,2026-05-21 00:00:00
BCH-2024-0973,Banana Chips,Line A,2026-05-19 00:00:00,May-2026,Q2-2026,Morning,Divya N.,559.6,RM-2972,Rejected,
BCH-2024-0974,Sweet Potato Chips,Line B,2026-05-20 00:00:00,May-2026,Q2-2026,Afternoon,Karthik V.,454.6,RM-2973,Hold – OOS,
BCH-2024-0975,Masala Peanuts,Line C,2026-05-21 00:00:00,May-2026,Q2-2026,Night,Meena R.,446.2,RM-2974,Released,2026-05-23 00:00:00
BCH-2024-0976,Tapioca Crisps,Line D,2026-05-22 00:00:00,May-2026,Q2-2026,Morning,Suresh B.,408.9,RM-2975,Released,2026-05-25 00:00:00
BCH-2024-0977,Jackfruit Chips,Line E,2026-05-23 00:00:00,May-2026,Q2-2026,Afternoon,Ramesh K.,215.5,RM-2976,Released,2026-05-24 00:00:00
BCH-2024-0978,Okra Chips,Line F,2026-05-24 00:00:00,May-2026,Q2-2026,Night,Priya S.,513.5,RM-2977,Released,2026-05-26 00:00:00
BCH-2024-0979,Roasted Corn,Line A,2026-05-26 00:00:00,May-2026,Q2-2026,Morning,Anand M.,402.2,RM-2978,Released,2026-05-28 00:00:00
BCH-2024-0980,Chickpea Snacks,Line B,2026-05-27 00:00:00,May-2026,Q2-2026,Afternoon,Sagar A.,420.2,RM-2979,Released,2026-05-28 00:00:00
BCH-2024-0981,Banana Chips,Line C,2026-05-28 00:00:00,May-2026,Q2-2026,Night,Divya N.,581.6,RM-2980,Released,2026-05-30 00:00:00
BCH-2024-0982,Sweet Potato Chips,Line D,2026-05-29 00:00:00,May-2026,Q2-2026,Morning,Karthik V.,380.7,RM-2981,Released,2026-06-01 00:00:00
BCH-2024-0983,Masala Peanuts,Line E,2026-05-30 00:00:00,May-2026,Q2-2026,Afternoon,Meena R.,466.7,RM-2982,Released,2026-05-31 00:00:00
BCH-2024-0984,Tapioca Crisps,Line F,2026-05-31 00:00:00,May-2026,Q2-2026,Night,Suresh B.,606.3,RM-2983,Released,2026-06-01 00:00:00
BCH-2024-0985,Jackfruit Chips,Line A,2026-06-02 00:00:00,Jun-2026,Q2-2026,Morning,Ramesh K.,402.3,RM-2984,Rejected,
BCH-2024-0986,Okra Chips,Line B,2026-06-03 00:00:00,Jun-2026,Q2-2026,Afternoon,Priya S.,589.4,RM-2985,Released,2026-06-05 00:00:00
BCH-2024-0987,Roasted Corn,Line C,2026-06-04 00:00:00,Jun-2026,Q2-2026,Night,Anand M.,341.6,RM-2986,Released,2026-06-07 00:00:00
BCH-2024-0988,Chickpea Snacks,Line D,2026-06-06 00:00:00,Jun-2026,Q2-2026,Morning,Sagar A.,344.4,RM-2987,Hold – OOS,
BCH-2024-0989,Banana Chips,Line E,2026-06-09 00:00:00,Jun-2026,Q2-2026,Afternoon,Divya N.,293.9,RM-2988,Rejected,
BCH-2024-0990,Sweet Potato Chips,Line F,2026-06-10 00:00:00,Jun-2026,Q2-2026,Night,Karthik V.,448.2,RM-2989,Released,2026-06-13 00:00:00
BCH-2024-0991,Masala Peanuts,Line A,2026-06-11 00:00:00,Jun-2026,Q2-2026,Morning,Meena R.,361.3,RM-2990,Released,2026-06-14 00:00:00
BCH-2024-0992,Tapioca Crisps,Line B,2026-06-12 00:00:00,Jun-2026,Q2-2026,Afternoon,Suresh B.,233.5,RM-2991,Released,2026-06-14 00:00:00
BCH-2024-0993,Jackfruit Chips,Line C,2026-06-13 00:00:00,Jun-2026,Q2-2026,Night,Ramesh K.,401.3,RM-2992,Released,2026-06-15 00:00:00
BCH-2024-0994,Okra Chips,Line D,2026-06-14 00:00:00,Jun-2026,Q2-2026,Morning,Priya S.,405.6,RM-2993,Hold – OOS,
BCH-2024-0995,Roasted Corn,Line E,2026-06-15 00:00:00,Jun-2026,Q2-2026,Afternoon,Anand M.,513.4,RM-2994,Released,2026-06-17 00:00:00
BCH-2024-0996,Chickpea Snacks,Line F,2026-06-18 00:00:00,Jun-2026,Q2-2026,Night,Sagar A.,386.7,RM-2995,Released,2026-06-19 00:00:00
BCH-2024-0997,Banana Chips,Line A,2026-06-25 00:00:00,Jun-2026,Q2-2026,Morning,Divya N.,356.1,RM-2996,Released,2026-06-27 00:00:00
BCH-2024-0998,Sweet Potato Chips,Line B,2026-06-26 00:00:00,Jun-2026,Q2-2026,Afternoon,Karthik V.,249.9,RM-2997,Released,2026-06-29 00:00:00
BCH-2024-0999,Masala Peanuts,Line C,2026-06-28 00:00:00,Jun-2026,Q2-2026,Night,Meena R.,299.1,RM-2998,Released,2026-06-29 00:00:00
BCH-2024-1000,Tapioca Crisps,Line D,2026-06-29 00:00:00,Jun-2026,Q2-2026,Morning,Suresh B.,415.8,RM-2999,Hold – OOS,
BCH-2024-1001,Jackfruit Chips,Line E,2026-06-30 00:00:00,Jun-2026,Q2-2026,Afternoon,Ramesh K.,263.1,RM-3000,Released,2026-07-01 00:00:00
BCH-2024-1002,Okra Chips,Line F,2026-07-03 00:00:00,Jul-2026,Q3-2026,Night,Priya S.,457.0,RM-3001,Released,2026-07-06 00:00:00
BCH-2024-1003,Roasted Corn,Line A,2026-07-04 00:00:00,Jul-2026,Q3-2026,Morning,Anand M.,414.2,RM-3002,Hold – OOS,
BCH-2024-1004,Chickpea Snacks,Line B,2026-07-05 00:00:00,Jul-2026,Q3-2026,Afternoon,Sagar A.,519.1,RM-3003,Released,2026-07-08 00:00:00
BCH-2024-1005,Banana Chips,Line C,2026-07-06 00:00:00,Jul-2026,Q3-2026,Night,Divya N.,350.0,RM-3004,Released,2026-07-07 00:00:00
BCH-2024-1006,Sweet Potato Chips,Line D,2026-07-07 00:00:00,Jul-2026,Q3-2026,Morning,Karthik V.,492.6,RM-3005,Hold – OOS,
BCH-2024-1007,Masala Peanuts,Line E,2026-07-12 00:00:00,Jul-2026,Q3-2026,Afternoon,Meena R.,383.4,RM-3006,Released,2026-07-14 00:00:00
BCH-2024-1008,Tapioca Crisps,Line F,2026-07-13 00:00:00,Jul-2026,Q3-2026,Night,Suresh B.,518.9,RM-3007,Released,2026-07-16 00:00:00
BCH-2024-1009,Jackfruit Chips,Line A,2026-07-14 00:00:00,Jul-2026,Q3-2026,Morning,Ramesh K.,288.7,RM-3008,Released,2026-07-16 00:00:00
BCH-2024-1010,Okra Chips,Line B,2026-07-15 00:00:00,Jul-2026,Q3-2026,Afternoon,Priya S.,561.0,RM-3009,Released,2026-07-17 00:00:00
BCH-2024-1011,Roasted Corn,Line C,2026-07-16 00:00:00,Jul-2026,Q3-2026,Night,Anand M.,511.6,RM-3010,Released,2026-07-19 00:00:00
BCH-2024-1012,Chickpea Snacks,Line D,2026-07-17 00:00:00,Jul-2026,Q3-2026,Morning,Sagar A.,577.3,RM-3011,Released,2026-07-20 00:00:00
BCH-2024-1013,Banana Chips,Line E,2026-07-18 00:00:00,Jul-2026,Q3-2026,Afternoon,Divya N.,227.8,RM-3012,Released,2026-07-21 00:00:00
BCH-2024-1014,Sweet Potato Chips,Line F,2026-07-19 00:00:00,Jul-2026,Q3-2026,Night,Karthik V.,380.0,RM-3013,Hold – OOS,
BCH-2024-1015,Masala Peanuts,Line A,2026-07-22 00:00:00,Jul-2026,Q3-2026,Morning,Meena R.,265.0,RM-3014,Released,2026-07-24 00:00:00
BCH-2024-1016,Tapioca Crisps,Line B,2026-07-23 00:00:00,Jul-2026,Q3-2026,Afternoon,Suresh B.,245.1,RM-3015,Released,2026-07-24 00:00:00
BCH-2024-1017,Jackfruit Chips,Line C,2026-07-24 00:00:00,Jul-2026,Q3-2026,Night,Ramesh K.,497.7,RM-3016,Rejected,
BCH-2024-1018,Okra Chips,Line D,2026-07-27 00:00:00,Jul-2026,Q3-2026,Morning,Priya S.,527.6,RM-3017,Released,2026-07-28 00:00:00
BCH-2024-1019,Roasted Corn,Line E,2026-08-01 00:00:00,Aug-2026,Q3-2026,Afternoon,Anand M.,403.1,RM-3018,Rejected,
BCH-2024-1020,Chickpea Snacks,Line F,2026-08-03 00:00:00,Aug-2026,Q3-2026,Night,Sagar A.,556.3,RM-3019,Released,2026-08-06 00:00:00
BCH-2024-1021,Banana Chips,Line A,2026-08-10 00:00:00,Aug-2026,Q3-2026,Morning,Divya N.,461.8,RM-3020,Released,2026-08-12 00:00:00
BCH-2024-1022,Sweet Potato Chips,Line B,2026-08-11 00:00:00,Aug-2026,Q3-2026,Afternoon,Karthik V.,457.1,RM-3021,Released,2026-08-14 00:00:00
BCH-2024-1023,Masala Peanuts,Line C,2026-08-13 00:00:00,Aug-2026,Q3-2026,Night,Meena R.,274.9,RM-3022,Hold – OOS,
BCH-2024-1024,Tapioca Crisps,Line D,2026-08-14 00:00:00,Aug-2026,Q3-2026,Morning,Suresh B.,553.0,RM-3023,Hold – OOS,
BCH-2024-1025,Jackfruit Chips,Line E,2026-08-15 00:00:00,Aug-2026,Q3-2026,Afternoon,Ramesh K.,428.2,RM-3024,Released,2026-08-16 00:00:00
BCH-2024-1026,Okra Chips,Line F,2026-08-16 00:00:00,Aug-2026,Q3-2026,Night,Priya S.,562.3,RM-3025,Released,2026-08-17 00:00:00
BCH-2024-1027,Roasted Corn,Line A,2026-08-18 00:00:00,Aug-2026,Q3-2026,Morning,Anand M.,192.0,RM-3026,Released,2026-08-20 00:00:00
BCH-2024-1028,Chickpea Snacks,Line B,2026-08-19 00:00:00,Aug-2026,Q3-2026,Afternoon,Sagar A.,553.9,RM-3027,Released,2026-08-20 00:00:00
BCH-2024-1029,Banana Chips,Line C,2026-08-20 00:00:00,Aug-2026,Q3-2026,Night,Divya N.,437.3,RM-3028,Released,2026-08-21 00:00:00
BCH-2024-1030,Sweet Potato Chips,Line D,2026-08-22 00:00:00,Aug-2026,Q3-2026,Morning,Karthik V.,375.6,RM-3029,Released,2026-08-23 00:00:00
BCH-2024-1031,Masala Peanuts,Line E,2026-08-23 00:00:00,Aug-2026,Q3-2026,Afternoon,Meena R.,341.1,RM-3030,Released,2026-08-24 00:00:00
BCH-2024-1032,Tapioca Crisps,Line F,2026-08-26 00:00:00,Aug-2026,Q3-2026,Night,Suresh B.,429.1,RM-3031,Released,2026-08-29 00:00:00
BCH-2024-1033,Jackfruit Chips,Line A,2026-09-02 00:00:00,Sep-2026,Q3-2026,Morning,Ramesh K.,499.2,RM-3032,Hold – OOS,
BCH-2024-1034,Okra Chips,Line B,2026-09-03 00:00:00,Sep-2026,Q3-2026,Afternoon,Priya S.,482.5,RM-3033,Released,2026-09-05 00:00:00
BCH-2024-1035,Roasted Corn,Line C,2026-09-05 00:00:00,Sep-2026,Q3-2026,Night,Anand M.,485.4,RM-3034,Released,2026-09-07 00:00:00
BCH-2024-1036,Chickpea Snacks,Line D,2026-09-06 00:00:00,Sep-2026,Q3-2026,Morning,Sagar A.,236.9,RM-3035,Released,2026-09-07 00:00:00
BCH-2024-1037,Banana Chips,Line E,2026-09-08 00:00:00,Sep-2026,Q3-2026,Afternoon,Divya N.,615.5,RM-3036,Released,2026-09-11 00:00:00
BCH-2024-1038,Sweet Potato Chips,Line F,2026-09-09 00:00:00,Sep-2026,Q3-2026,Night,Karthik V.,599.8,RM-3037,Hold – OOS,
BCH-2024-1039,Masala Peanuts,Line A,2026-09-11 00:00:00,Sep-2026,Q3-2026,Morning,Meena R.,434.6,RM-3038,Released,2026-09-14 00:00:00
BCH-2024-1040,Tapioca Crisps,Line B,2026-09-12 00:00:00,Sep-2026,Q3-2026,Afternoon,Suresh B.,232.2,RM-3039,Released,2026-09-13 00:00:00
BCH-2024-1041,Jackfruit Chips,Line C,2026-09-13 00:00:00,Sep-2026,Q3-2026,Night,Ramesh K.,401.4,RM-3040,Hold – OOS,
BCH-2024-1042,Okra Chips,Line D,2026-09-15 00:00:00,Sep-2026,Q3-2026,Morning,Priya S.,195.6,RM-3041,Released,2026-09-16 00:00:00
BCH-2024-1043,Roasted Corn,Line E,2026-09-16 00:00:00,Sep-2026,Q3-2026,Afternoon,Anand M.,509.3,RM-3042,Released,2026-09-19 00:00:00
BCH-2024-1044,Chickpea Snacks,Line F,2026-09-17 00:00:00,Sep-2026,Q3-2026,Night,Sagar A.,239.2,RM-3043,Released,2026-09-19 00:00:00
BCH-2024-1045,Banana Chips,Line A,2026-09-18 00:00:00,Sep-2026,Q3-2026,Morning,Divya N.,443.9,RM-3044,Released,2026-09-20 00:00:00
BCH-2024-1046,Sweet Potato Chips,Line B,2026-09-19 00:00:00,Sep-2026,Q3-2026,Afternoon,Karthik V.,336.3,RM-3045,Hold – OOS,
BCH-2024-1047,Masala Peanuts,Line C,2026-09-20 00:00:00,Sep-2026,Q3-2026,Night,Meena R.,539.2,RM-3046,Hold – OOS,
BCH-2024-1048,Tapioca Crisps,Line D,2026-09-21 00:00:00,Sep-2026,Q3-2026,Morning,Suresh B.,484.2,RM-3047,Released,2026-09-24 00:00:00
BCH-2024-1049,Jackfruit Chips,Line E,2026-09-22 00:00:00,Sep-2026,Q3-2026,Afternoon,Ramesh K.,240.7,RM-3048,Released,2026-09-24 00:00:00
BCH-2024-1050,Okra Chips,Line F,2026-09-23 00:00:00,Sep-2026,Q3-2026,Night,Priya S.,520.8,RM-3049,Released,2026-09-25 00:00:00
BCH-2024-1051,Roasted Corn,Line A,2026-09-30 00:00:00,Sep-2026,Q3-2026,Morning,Anand M.,561.4,RM-3050,Released,2026-10-01 00:00:00
BCH-2024-1052,Chickpea Snacks,Line B,2026-10-01 00:00:00,Oct-2026,Q4-2026,Afternoon,Sagar A.,497.5,RM-3051,Released,2026-10-03 00:00:00
BCH-2024-1053,Banana Chips,Line C,2026-10-02 00:00:00,Oct-2026,Q4-2026,Night,Divya N.,574.9,RM-3052,Released,2026-10-03 00:00:00
BCH-2024-1054,Sweet Potato Chips,Line D,2026-10-07 00:00:00,Oct-2026,Q4-2026,Morning,Karthik V.,310.6,RM-3053,Released,2026-10-08 00:00:00
BCH-2024-1055,Masala Peanuts,Line E,2026-10-08 00:00:00,Oct-2026,Q4-2026,Afternoon,Meena R.,180.2,RM-3054,Released,2026-10-10 00:00:00
BCH-2024-1056,Tapioca Crisps,Line F,2026-10-09 00:00:00,Oct-2026,Q4-2026,Night,Suresh B.,340.8,RM-3055,Released,2026-10-12 00:00:00
BCH-2024-1057,Jackfruit Chips,Line A,2026-10-10 00:00:00,Oct-2026,Q4-2026,Morning,Ramesh K.,577.1,RM-3056,Released,2026-10-13 00:00:00
BCH-2024-1058,Okra Chips,Line B,2026-10-11 00:00:00,Oct-2026,Q4-2026,Afternoon,Priya S.,222.4,RM-3057,Released,2026-10-14 00:00:00
BCH-2024-1059,Roasted Corn,Line C,2026-10-14 00:00:00,Oct-2026,Q4-2026,Night,Anand M.,462.2,RM-3058,Hold – OOS,
BCH-2024-1060,Chickpea Snacks,Line D,2026-10-15 00:00:00,Oct-2026,Q4-2026,Morning,Sagar A.,484.0,RM-3059,Released,2026-10-18 00:00:00
BCH-2024-1061,Banana Chips,Line E,2026-10-16 00:00:00,Oct-2026,Q4-2026,Afternoon,Divya N.,225.2,RM-3060,Hold – OOS,
BCH-2024-1062,Sweet Potato Chips,Line F,2026-10-19 00:00:00,Oct-2026,Q4-2026,Night,Karthik V.,410.8,RM-3061,Released,2026-10-21 00:00:00
BCH-2024-1063,Masala Peanuts,Line A,2026-10-22 00:00:00,Oct-2026,Q4-2026,Morning,Meena R.,213.7,RM-3062,Released,2026-10-25 00:00:00
BCH-2024-1064,Tapioca Crisps,Line B,2026-10-23 00:00:00,Oct-2026,Q4-2026,Afternoon,Suresh B.,290.6,RM-3063,Released,2026-10-25 00:00:00
BCH-2024-1065,Jackfruit Chips,Line C,2026-10-24 00:00:00,Oct-2026,Q4-2026,Night,Ramesh K.,506.4,RM-3064,Released,2026-10-27 00:00:00
BCH-2024-1066,Okra Chips,Line D,2026-10-29 00:00:00,Oct-2026,Q4-2026,Morning,Priya S.,207.8,RM-3065,Released,2026-11-01 00:00:00
BCH-2024-1067,Roasted Corn,Line E,2026-11-01 00:00:00,Nov-2026,Q4-2026,Afternoon,Anand M.,608.7,RM-3066,Released,2026-11-04 00:00:00
BCH-2024-1068,Chickpea Snacks,Line F,2026-11-02 00:00:00,Nov-2026,Q4-2026,Night,Sagar A.,529.4,RM-3067,Hold – OOS,
BCH-2024-1069,Banana Chips,Line A,2026-11-07 00:00:00,Nov-2026,Q4-2026,Morning,Divya N.,618.3,RM-3068,Released,2026-11-09 00:00:00
BCH-2024-1070,Sweet Potato Chips,Line B,2026-11-08 00:00:00,Nov-2026,Q4-2026,Afternoon,Karthik V.,359.4,RM-3069,Released,2026-11-11 00:00:00
BCH-2024-1071,Masala Peanuts,Line C,2026-11-09 00:00:00,Nov-2026,Q4-2026,Night,Meena R.,404.8,RM-3070,Released,2026-11-11 00:00:00
BCH-2024-1072,Tapioca Crisps,Line D,2026-11-11 00:00:00,Nov-2026,Q4-2026,Morning,Suresh B.,460.8,RM-3071,Released,2026-11-14 00:00:00
BCH-2024-1073,Jackfruit Chips,Line E,2026-11-13 00:00:00,Nov-2026,Q4-2026,Afternoon,Ramesh K.,488.9,RM-3072,Released,2026-11-15 00:00:00
BCH-2024-1074,Okra Chips,Line F,2026-11-15 00:00:00,Nov-2026,Q4-2026,Night,Priya S.,401.1,RM-3073,Released,2026-11-16 00:00:00
BCH-2024-1075,Roasted Corn,Line A,2026-11-20 00:00:00,Nov-2026,Q4-2026,Morning,Anand M.,601.3,RM-3074,Released,2026-11-23 00:00:00
BCH-2024-1076,Chickpea Snacks,Line B,2026-11-21 00:00:00,Nov-2026,Q4-2026,Afternoon,Sagar A.,388.5,RM-3075,Released,2026-11-24 00:00:00
BCH-2024-1077,Banana Chips,Line C,2026-11-22 00:00:00,Nov-2026,Q4-2026,Night,Divya N.,437.4,RM-3076,Released,2026-11-24 00:00:00
BCH-2024-1078,Sweet Potato Chips,Line D,2026-11-23 00:00:00,Nov-2026,Q4-2026,Morning,Karthik V.,472.0,RM-3077,Released,2026-11-25 00:00:00
BCH-2024-1079,Masala Peanuts,Line E,2026-11-24 00:00:00,Nov-2026,Q4-2026,Afternoon,Meena R.,534.5,RM-3078,Hold – OOS,
BCH-2024-1080,Tapioca Crisps,Line F,2026-11-27 00:00:00,Nov-2026,Q4-2026,Night,Suresh B.,447.7,RM-3079,Released,2026-11-29 00:00:00
BCH-2024-1081,Jackfruit Chips,Line A,2026-11-28 00:00:00,Nov-2026,Q4-2026,Morning,Ramesh K.,276.5,RM-3080,Hold – OOS,
BCH-2024-1082,Okra Chips,Line B,2026-11-29 00:00:00,Nov-2026,Q4-2026,Afternoon,Priya S.,617.3,RM-3081,Released,2026-12-02 00:00:00
BCH-2024-1083,Roasted Corn,Line C,2026-11-30 00:00:00,Nov-2026,Q4-2026,Night,Anand M.,546.7,RM-3082,Released,2026-12-01 00:00:00
BCH-2024-1084,Chickpea Snacks,Line D,2026-12-01 00:00:00,Dec-2026,Q4-2026,Morning,Sagar A.,446.8,RM-3083,Released,2026-12-02 00:00:00
BCH-2024-1085,Banana Chips,Line E,2026-12-02 00:00:00,Dec-2026,Q4-2026,Afternoon,Divya N.,297.1,RM-3084,Hold – OOS,
BCH-2024-1086,Sweet Potato Chips,Line F,2026-12-03 00:00:00,Dec-2026,Q4-2026,Night,Karthik V.,295.0,RM-3085,Hold – OOS,
BCH-2024-1087,Masala Peanuts,Line A,2026-12-04 00:00:00,Dec-2026,Q4-2026,Morning,Meena R.,255.2,RM-3086,Released,2026-12-05 00:00:00
BCH-2024-1088,Tapioca Crisps,Line B,2026-12-09 00:00:00,Dec-2026,Q4-2026,Afternoon,Suresh B.,534.4,RM-3087,Released,2026-12-11 00:00:00
BCH-2024-1089,Jackfruit Chips,Line C,2026-12-10 00:00:00,Dec-2026,Q4-2026,Night,Ramesh K.,230.6,RM-3088,Hold – OOS,
BCH-2024-1090,Okra Chips,Line D,2026-12-11 00:00:00,Dec-2026,Q4-2026,Morning,Priya S.,259.3,RM-3089,Hold – OOS,
BCH-2024-1091,Roasted Corn,Line E,2026-12-12 00:00:00,Dec-2026,Q4-2026,Afternoon,Anand M.,185.2,RM-3090,Released,2026-12-13 00:00:00
BCH-2024-1092,Chickpea Snacks,Line F,2026-12-13 00:00:00,Dec-2026,Q4-2026,Night,Sagar A.,489.2,RM-3091,Released,2026-12-14 00:00:00
BCH-2024-1093,Banana Chips,Line A,2026-12-14 00:00:00,Dec-2026,Q4-2026,Morning,Divya N.,562.8,RM-3092,Released,2026-12-17 00:00:00
BCH-2024-1094,Sweet Potato Chips,Line B,2026-12-21 00:00:00,Dec-2026,Q4-2026,Afternoon,Karthik V.,181.2,RM-3093,Released,2026-12-24 00:00:00
BCH-2024-1095,Masala Peanuts,Line C,2026-12-23 00:00:00,Dec-2026,Q4-2026,Night,Meena R.,181.7,RM-3094,Released,2026-12-24 00:00:00
BCH-2024-1096,Tapioca Crisps,Line D,2026-12-24 00:00:00,Dec-2026,Q4-2026,Morning,Suresh B.,477.6,RM-3095,Released,2026-12-27 00:00:00
BCH-2024-1097,Jackfruit Chips,Line E,2026-12-25 00:00:00,Dec-2026,Q4-2026,Afternoon,Ramesh K.,404.1,RM-3096,Released,2026-12-28 00:00:00
BCH-2024-1098,Okra Chips,Line F,2026-12-27 00:00:00,Dec-2026,Q4-2026,Night,Priya S.,258.5,RM-3097,Released,2026-12-30 00:00:00
BCH-2024-1099,Roasted Corn,Line A,2026-12-28 00:00:00,Dec-2026,Q4-2026,Morning,Anand M.,517.3,RM-3098,Released,2026-12-31 00:00:00
BCH-2024-1100,Chickpea Snacks,Line B,2027-01-04 00:00:00,Jan-2027,Q1-2027,Afternoon,Sagar A.,334.9,RM-3099,Released,2027-01-07 00:00:00
BCH-2024-1101,Banana Chips,Line C,2027-01-05 00:00:00,Jan-2027,Q1-2027,Night,Divya N.,423.0,RM-3100,Released,2027-01-07 00:00:00
BCH-2024-1102,Sweet Potato Chips,Line D,2027-01-06 00:00:00,Jan-2027,Q1-2027,Morning,Karthik V.,546.9,RM-3101,Hold – OOS,
BCH-2024-1103,Masala Peanuts,Line E,2027-01-07 00:00:00,Jan-2027,Q1-2027,Afternoon,Meena R.,180.7,RM-3102,Released,2027-01-08 00:00:00
BCH-2024-1104,Tapioca Crisps,Line F,2027-01-12 00:00:00,Jan-2027,Q1-2027,Night,Suresh B.,233.9,RM-3103,Released,2027-01-15 00:00:00
BCH-2024-1105,Jackfruit Chips,Line A,2027-01-13 00:00:00,Jan-2027,Q1-2027,Morning,Ramesh K.,357.8,RM-3104,Rejected,
BCH-2024-1106,Okra Chips,Line B,2027-01-14 00:00:00,Jan-2027,Q1-2027,Afternoon,Priya S.,610.5,RM-3105,Released,2027-01-16 00:00:00
BCH-2024-1107,Roasted Corn,Line C,2027-01-15 00:00:00,Jan-2027,Q1-2027,Night,Anand M.,428.0,RM-3106,Released,2027-01-17 00:00:00
BCH-2024-1108,Chickpea Snacks,Line D,2027-01-18 00:00:00,Jan-2027,Q1-2027,Morning,Sagar A.,589.8,RM-3107,Released,2027-01-19 00:00:00
BCH-2024-1109,Banana Chips,Line E,2027-01-21 00:00:00,Jan-2027,Q1-2027,Afternoon,Divya N.,546.4,RM-3108,Released,2027-01-22 00:00:00
BCH-2024-1110,Sweet Potato Chips,Line F,2027-01-22 00:00:00,Jan-2027,Q1-2027,Night,Karthik V.,234.8,RM-3109,Released,2027-01-24 00:00:00
BCH-2024-1111,Masala Peanuts,Line A,2027-01-23 00:00:00,Jan-2027,Q1-2027,Morning,Meena R.,235.1,RM-3110,Released,2027-01-25 00:00:00
BCH-2024-1112,Tapioca Crisps,Line B,2027-01-24 00:00:00,Jan-2027,Q1-2027,Afternoon,Suresh B.,604.8,RM-3111,Released,2027-01-26 00:00:00
BCH-2024-1113,Jackfruit Chips,Line C,2027-01-25 00:00:00,Jan-2027,Q1-2027,Night,Ramesh K.,367.8,RM-3112,Hold – OOS,
BCH-2024-1114,Okra Chips,Line D,2027-01-26 00:00:00,Jan-2027,Q1-2027,Morning,Priya S.,269.0,RM-3113,Released,2027-01-28 00:00:00
BCH-2024-1115,Roasted Corn,Line E,2027-01-29 00:00:00,Jan-2027,Q1-2027,Afternoon,Anand M.,531.4,RM-3114,Released,2027-01-30 00:00:00
BCH-2024-1116,Chickpea Snacks,Line F,2027-01-31 00:00:00,Jan-2027,Q1-2027,Night,Sagar A.,568.8,RM-3115,Released,2027-02-01 00:00:00
BCH-2024-1117,Banana Chips,Line A,2027-02-01 00:00:00,Feb-2027,Q1-2027,Morning,Divya N.,300.1,RM-3116,Released,2027-02-03 00:00:00
BCH-2024-1118,Sweet Potato Chips,Line B,2027-02-02 00:00:00,Feb-2027,Q1-2027,Afternoon,Karthik V.,479.2,RM-3117,Released,2027-02-04 00:00:00
BCH-2024-1119,Masala Peanuts,Line C,2027-02-04 00:00:00,Feb-2027,Q1-2027,Night,Meena R.,388.8,RM-3118,Hold – OOS,
BCH-2024-1120,Tapioca Crisps,Line D,2027-02-05 00:00:00,Feb-2027,Q1-2027,Morning,Suresh B.,447.6,RM-3119,Released,2027-02-06 00:00:00
BCH-2024-1121,Jackfruit Chips,Line E,2027-02-06 00:00:00,Feb-2027,Q1-2027,Afternoon,Ramesh K.,496.8,RM-3120,Released,2027-02-07 00:00:00
BCH-2024-1122,Okra Chips,Line F,2027-02-07 00:00:00,Feb-2027,Q1-2027,Night,Priya S.,291.4,RM-3121,Released,2027-02-09 00:00:00
BCH-2024-1123,Roasted Corn,Line A,2027-02-10 00:00:00,Feb-2027,Q1-2027,Morning,Anand M.,417.4,RM-3122,Released,2027-02-12 00:00:00
BCH-2024-1124,Chickpea Snacks,Line B,2027-02-11 00:00:00,Feb-2027,Q1-2027,Afternoon,Sagar A.,290.1,RM-3123,Released,2027-02-12 00:00:00
BCH-2024-1125,Banana Chips,Line C,2027-02-12 00:00:00,Feb-2027,Q1-2027,Night,Divya N.,544.8,RM-3124,Released,2027-02-14 00:00:00
BCH-2024-1126,Sweet Potato Chips,Line D,2027-02-13 00:00:00,Feb-2027,Q1-2027,Morning,Karthik V.,462.2,RM-3125,Released,2027-02-14 00:00:00
BCH-2024-1127,Masala Peanuts,Line E,2027-02-14 00:00:00,Feb-2027,Q1-2027,Afternoon,Meena R.,467.6,RM-3126,Released,2027-02-17 00:00:00
BCH-2024-1128,Tapioca Crisps,Line F,2027-02-16 00:00:00,Feb-2027,Q1-2027,Night,Suresh B.,552.8,RM-3127,Released,2027-02-17 00:00:00
BCH-2024-1129,Jackfruit Chips,Line A,2027-02-17 00:00:00,Feb-2027,Q1-2027,Morning,Ramesh K.,353.2,RM-3128,Released,2027-02-20 00:00:00
BCH-2024-1130,Okra Chips,Line B,2027-02-18 00:00:00,Feb-2027,Q1-2027,Afternoon,Priya S.,278.6,RM-3129,Released,2027-02-20 00:00:00
BCH-2024-1131,Roasted Corn,Line C,2027-02-23 00:00:00,Feb-2027,Q1-2027,Night,Anand M.,504.9,RM-3130,Released,2027-02-24 00:00:00
BCH-2024-1132,Chickpea Snacks,Line D,2027-02-24 00:00:00,Feb-2027,Q1-2027,Morning,Sagar A.,459.5,RM-3131,Released,2027-02-27 00:00:00
BCH-2024-1133,Banana Chips,Line E,2027-02-25 00:00:00,Feb-2027,Q1-2027,Afternoon,Divya N.,231.0,RM-3132,Released,2027-02-26 00:00:00
BCH-2024-1134,Sweet Potato Chips,Line F,2027-02-26 00:00:00,Feb-2027,Q1-2027,Night,Karthik V.,477.7,RM-3133,Released,2027-02-27 00:00:00
BCH-2024-1135,Masala Peanuts,Line A,2027-02-28 00:00:00,Feb-2027,Q1-2027,Morning,Meena R.,398.4,RM-3134,Released,2027-03-01 00:00:00
BCH-2024-1136,Tapioca Crisps,Line B,2027-03-03 00:00:00,Mar-2027,Q1-2027,Afternoon,Suresh B.,579.7,RM-3135,Released,2027-03-05 00:00:00
BCH-2024-1137,Jackfruit Chips,Line C,2027-03-04 00:00:00,Mar-2027,Q1-2027,Night,Ramesh K.,409.8,RM-3136,Hold – OOS,
BCH-2024-1138,Okra Chips,Line D,2027-03-05 00:00:00,Mar-2027,Q1-2027,Morning,Priya S.,482.6,RM-3137,Released,2027-03-07 00:00:00
BCH-2024-1139,Roasted Corn,Line E,2027-03-07 00:00:00,Mar-2027,Q1-2027,Afternoon,Anand M.,349.2,RM-3138,Released,2027-03-10 00:00:00
BCH-2024-1140,Chickpea Snacks,Line F,2027-03-12 00:00:00,Mar-2027,Q1-2027,Night,Sagar A.,529.5,RM-3139,Released,2027-03-13 00:00:00
BCH-2024-1141,Banana Chips,Line A,2027-03-13 00:00:00,Mar-2027,Q1-2027,Morning,Divya N.,607.0,RM-3140,Released,2027-03-14 00:00:00
BCH-2024-1142,Sweet Potato Chips,Line B,2027-03-14 00:00:00,Mar-2027,Q1-2027,Afternoon,Karthik V.,252.8,RM-3141,Released,2027-03-17 00:00:00
BCH-2024-1143,Masala Peanuts,Line C,2027-03-15 00:00:00,Mar-2027,Q1-2027,Night,Meena R.,434.5,RM-3142,Released,2027-03-17 00:00:00
BCH-2024-1144,Tapioca Crisps,Line D,2027-03-16 00:00:00,Mar-2027,Q1-2027,Morning,Suresh B.,295.6,RM-3143,Released,2027-03-19 00:00:00
BCH-2024-1145,Jackfruit Chips,Line E,2027-03-19 00:00:00,Mar-2027,Q1-2027,Afternoon,Ramesh K.,534.5,RM-3144,Released,2027-03-21 00:00:00
BCH-2024-1146,Okra Chips,Line F,2027-03-20 00:00:00,Mar-2027,Q1-2027,Night,Priya S.,557.5,RM-3145,Released,2027-03-23 00:00:00
BCH-2024-1147,Roasted Corn,Line A,2027-03-21 00:00:00,Mar-2027,Q1-2027,Morning,Anand M.,289.5,RM-3146,Released,2027-03-22 00:00:00
BCH-2024-1148,Chickpea Snacks,Line B,2027-03-23 00:00:00,Mar-2027,Q1-2027,Afternoon,Sagar A.,529.5,RM-3147,Released,2027-03-25 00:00:00
BCH-2024-1149,Banana Chips,Line C,2027-03-24 00:00:00,Mar-2027,Q1-2027,Night,Divya N.,549.2,RM-3148,Released,2027-03-25 00:00:00
BCH-2024-1150,Sweet Potato Chips,Line D,2027-03-25 00:00:00,Mar-2027,Q1-2027,Morning,Karthik V.,234.6,RM-3149,Hold – OOS,
BCH-2024-1151,Masala Peanuts,Line E,2027-03-27 00:00:00,Mar-2027,Q1-2027,Afternoon,Meena R.,617.9,RM-3150,Released,2027-03-30 00:00:00
BCH-2024-1152,Tapioca Crisps,Line F,2027-03-28 00:00:00,Mar-2027,Q1-2027,Night,Suresh B.,601.4,RM-3151,Hold – OOS,
BCH-2024-1153,Jackfruit Chips,Line A,2027-03-29 00:00:00,Mar-2027,Q1-2027,Morning,Ramesh K.,482.2,RM-3152,Released,2027-03-31 00:00:00
BCH-2024-1154,Okra Chips,Line B,2027-04-03 00:00:00,Apr-2027,Q2-2027,Afternoon,Priya S.,490.1,RM-3153,Hold – OOS,
BCH-2024-1155,Roasted Corn,Line C,2027-04-04 00:00:00,Apr-2027,Q2-2027,Night,Anand M.,495.5,RM-3154,Released,2027-04-05 00:00:00
BCH-2024-1156,Chickpea Snacks,Line D,2027-04-05 00:00:00,Apr-2027,Q2-2027,Morning,Sagar A.,224.4,RM-3155,Released,2027-04-06 00:00:00
BCH-2024-1157,Banana Chips,Line E,2027-04-06 00:00:00,Apr-2027,Q2-2027,Afternoon,Divya N.,331.0,RM-3156,Released,2027-04-08 00:00:00
BCH-2024-1158,Sweet Potato Chips,Line F,2027-04-08 00:00:00,Apr-2027,Q2-2027,Night,Karthik V.,230.5,RM-3157,Released,2027-04-09 00:00:00
BCH-2024-1159,Masala Peanuts,Line A,2027-04-10 00:00:00,Apr-2027,Q2-2027,Morning,Meena R.,276.0,RM-3158,Released,2027-04-13 00:00:00
BCH-2024-1160,Tapioca Crisps,Line B,2027-04-13 00:00:00,Apr-2027,Q2-2027,Afternoon,Suresh B.,430.9,RM-3159,Released,2027-04-16 00:00:00
BCH-2024-1161,Jackfruit Chips,Line C,2027-04-14 00:00:00,Apr-2027,Q2-2027,Night,Ramesh K.,357.5,RM-3160,Released,2027-04-16 00:00:00
BCH-2024-1162,Okra Chips,Line D,2027-04-15 00:00:00,Apr-2027,Q2-2027,Morning,Priya S.,226.1,RM-3161,Released,2027-04-17 00:00:00
BCH-2024-1163,Roasted Corn,Line E,2027-04-16 00:00:00,Apr-2027,Q2-2027,Afternoon,Anand M.,293.2,RM-3162,Released,2027-04-17 00:00:00
BCH-2024-1164,Chickpea Snacks,Line F,2027-04-19 00:00:00,Apr-2027,Q2-2027,Night,Sagar A.,450.7,RM-3163,Released,2027-04-22 00:00:00
BCH-2024-1165,Banana Chips,Line A,2027-04-26 00:00:00,Apr-2027,Q2-2027,Morning,Divya N.,271.3,RM-3164,Hold – OOS,
BCH-2024-1166,Sweet Potato Chips,Line B,2027-04-28 00:00:00,Apr-2027,Q2-2027,Afternoon,Karthik V.,270.3,RM-3165,Hold – OOS,
BCH-2024-1167,Masala Peanuts,Line C,2027-04-29 00:00:00,Apr-2027,Q2-2027,Night,Meena R.,412.1,RM-3166,Released,2027-04-30 00:00:00
BCH-2024-1168,Tapioca Crisps,Line D,2027-05-02 00:00:00,May-2027,Q2-2027,Morning,Suresh B.,395.7,RM-3167,Released,2027-05-04 00:00:00
BCH-2024-1169,Jackfruit Chips,Line E,2027-05-03 00:00:00,May-2027,Q2-2027,Afternoon,Ramesh K.,505.0,RM-3168,Hold – OOS,
BCH-2024-1170,Okra Chips,Line F,2027-05-04 00:00:00,May-2027,Q2-2027,Night,Priya S.,452.2,RM-3169,Released,2027-05-06 00:00:00
BCH-2024-1171,Roasted Corn,Line A,2027-05-05 00:00:00,May-2027,Q2-2027,Morning,Anand M.,572.8,RM-3170,Released,2027-05-08 00:00:00
BCH-2024-1172,Chickpea Snacks,Line B,2027-05-06 00:00:00,May-2027,Q2-2027,Afternoon,Sagar A.,230.1,RM-3171,Released,2027-05-09 00:00:00
BCH-2024-1173,Banana Chips,Line C,2027-05-07 00:00:00,May-2027,Q2-2027,Night,Divya N.,422.9,RM-3172,Hold – OOS,
BCH-2024-1174,Sweet Potato Chips,Line D,2027-05-08 00:00:00,May-2027,Q2-2027,Morning,Karthik V.,234.6,RM-3173,Released,2027-05-10 00:00:00
BCH-2024-1175,Masala Peanuts,Line E,2027-05-09 00:00:00,May-2027,Q2-2027,Afternoon,Meena R.,238.3,RM-3174,Released,2027-05-10 00:00:00
BCH-2024-1176,Tapioca Crisps,Line F,2027-05-11 00:00:00,May-2027,Q2-2027,Night,Suresh B.,240.3,RM-3175,Released,2027-05-12 00:00:00
BCH-2024-1177,Jackfruit Chips,Line A,2027-05-12 00:00:00,May-2027,Q2-2027,Morning,Ramesh K.,609.0,RM-3176,Released,2027-05-14 00:00:00
BCH-2024-1178,Okra Chips,Line B,2027-05-14 00:00:00,May-2027,Q2-2027,Afternoon,Priya S.,247.4,RM-3177,Released,2027-05-15 00:00:00
BCH-2024-1179,Roasted Corn,Line C,2027-05-16 00:00:00,May-2027,Q2-2027,Night,Anand M.,192.0,RM-3178,Hold – OOS,
BCH-2024-1180,Chickpea Snacks,Line D,2027-05-17 00:00:00,May-2027,Q2-2027,Morning,Sagar A.,549.9,RM-3179,Released,2027-05-19 00:00:00
BCH-2024-1181,Banana Chips,Line E,2027-05-18 00:00:00,May-2027,Q2-2027,Afternoon,Divya N.,591.3,RM-3180,Released,2027-05-20 00:00:00
BCH-2024-1182,Sweet Potato Chips,Line F,2027-05-19 00:00:00,May-2027,Q2-2027,Night,Karthik V.,306.8,RM-3181,Hold – OOS,
BCH-2024-1183,Masala Peanuts,Line A,2027-05-20 00:00:00,May-2027,Q2-2027,Morning,Meena R.,530.9,RM-3182,Released,2027-05-22 00:00:00
BCH-2024-1184,Tapioca Crisps,Line B,2027-05-23 00:00:00,May-2027,Q2-2027,Afternoon,Suresh B.,592.3,RM-3183,Hold – OOS,
BCH-2024-1185,Jackfruit Chips,Line C,2027-05-24 00:00:00,May-2027,Q2-2027,Night,Ramesh K.,570.4,RM-3184,Released,2027-05-26 00:00:00
BCH-2024-1186,Okra Chips,Line D,2027-05-25 00:00:00,May-2027,Q2-2027,Morning,Priya S.,491.6,RM-3185,Released,2027-05-27 00:00:00
BCH-2024-1187,Roasted Corn,Line E,2027-05-26 00:00:00,May-2027,Q2-2027,Afternoon,Anand M.,561.4,RM-3186,Released,2027-05-28 00:00:00
BCH-2024-1188,Chickpea Snacks,Line F,2027-05-27 00:00:00,May-2027,Q2-2027,Night,Sagar A.,473.0,RM-3187,Released,2027-05-29 00:00:00
BCH-2024-1189,Banana Chips,Line A,2027-06-01 00:00:00,Jun-2027,Q2-2027,Morning,Divya N.,183.3,RM-3188,Released,2027-06-02 00:00:00
BCH-2024-1190,Sweet Potato Chips,Line B,2027-06-03 00:00:00,Jun-2027,Q2-2027,Afternoon,Karthik V.,500.9,RM-3189,Released,2027-06-06 00:00:00
BCH-2024-1191,Masala Peanuts,Line C,2027-06-08 00:00:00,Jun-2027,Q2-2027,Night,Meena R.,227.7,RM-3190,Released,2027-06-11 00:00:00
BCH-2024-1192,Tapioca Crisps,Line D,2027-06-09 00:00:00,Jun-2027,Q2-2027,Morning,Suresh B.,505.5,RM-3191,Released,2027-06-11 00:00:00
BCH-2024-1193,Jackfruit Chips,Line E,2027-06-12 00:00:00,Jun-2027,Q2-2027,Afternoon,Ramesh K.,411.5,RM-3192,Rejected,
BCH-2024-1194,Okra Chips,Line F,2027-06-13 00:00:00,Jun-2027,Q2-2027,Night,Priya S.,201.0,RM-3193,Released,2027-06-16 00:00:00
BCH-2024-1195,Roasted Corn,Line A,2027-06-14 00:00:00,Jun-2027,Q2-2027,Morning,Anand M.,460.7,RM-3194,Released,2027-06-16 00:00:00
BCH-2024-1196,Chickpea Snacks,Line B,2027-06-15 00:00:00,Jun-2027,Q2-2027,Afternoon,Sagar A.,430.7,RM-3195,Released,2027-06-16 00:00:00
BCH-2024-1197,Banana Chips,Line C,2027-06-16 00:00:00,Jun-2027,Q2-2027,Night,Divya N.,444.8,RM-3196,Released,2027-06-18 00:00:00
BCH-2024-1198,Sweet Potato Chips,Line D,2027-06-21 00:00:00,Jun-2027,Q2-2027,Morning,Karthik V.,610.4,RM-3197,Released,2027-06-22 00:00:00
BCH-2024-1199,Masala Peanuts,Line E,2027-06-22 00:00:00,Jun-2027,Q2-2027,Afternoon,Meena R.,368.2,RM-3198,Released,2027-06-25 00:00:00
BCH-2024-1200,Tapioca Crisps,Line F,2027-06-23 00:00:00,Jun-2027,Q2-2027,Night,Suresh B.,383.9,RM-3199,Released,2027-06-26 00:00:00
BCH-2024-1201,Jackfruit Chips,Line A,2027-06-24 00:00:00,Jun-2027,Q2-2027,Morning,Ramesh K.,471.6,RM-3200,Released,2027-06-27 00:00:00
BCH-2024-1202,Okra Chips,Line B,2027-06-26 00:00:00,Jun-2027,Q2-2027,Afternoon,Priya S.,388.2,RM-3201,Released,2027-06-28 00:00:00
BCH-2024-1203,Roasted Corn,Line C,2027-06-28 00:00:00,Jun-2027,Q2-2027,Night,Anand M.,235.6,RM-3202,Released,2027-06-29 00:00:00
BCH-2024-1204,Chickpea Snacks,Line D,2027-06-29 00:00:00,Jun-2027,Q2-2027,Morning,Sagar A.,219.8,RM-3203,Released,2027-07-01 00:00:00
BCH-2024-1205,Banana Chips,Line E,2027-07-01 00:00:00,Jul-2027,Q3-2027,Afternoon,Divya N.,465.0,RM-3204,Hold – OOS,
BCH-2024-1206,Sweet Potato Chips,Line F,2027-07-02 00:00:00,Jul-2027,Q3-2027,Night,Karthik V.,518.9,RM-3205,Released,2027-07-03 00:00:00
BCH-2024-1207,Masala Peanuts,Line A,2027-07-03 00:00:00,Jul-2027,Q3-2027,Morning,Meena R.,387.2,RM-3206,Released,2027-07-05 00:00:00
BCH-2024-1208,Tapioca Crisps,Line B,2027-07-04 00:00:00,Jul-2027,Q3-2027,Afternoon,Suresh B.,527.8,RM-3207,Rejected,
BCH-2024-1209,Jackfruit Chips,Line C,2027-07-05 00:00:00,Jul-2027,Q3-2027,Night,Ramesh K.,331.5,RM-3208,Released,2027-07-06 00:00:00
BCH-2024-1210,Okra Chips,Line D,2027-07-08 00:00:00,Jul-2027,Q3-2027,Morning,Priya S.,237.0,RM-3209,Released,2027-07-11 00:00:00
BCH-2024-1211,Roasted Corn,Line E,2027-07-09 00:00:00,Jul-2027,Q3-2027,Afternoon,Anand M.,392.1,RM-3210,Released,2027-07-12 00:00:00
BCH-2024-1212,Chickpea Snacks,Line F,2027-07-10 00:00:00,Jul-2027,Q3-2027,Night,Sagar A.,562.8,RM-3211,Released,2027-07-13 00:00:00
BCH-2024-1213,Banana Chips,Line A,2027-07-11 00:00:00,Jul-2027,Q3-2027,Morning,Divya N.,237.4,RM-3212,Released,2027-07-12 00:00:00
BCH-2024-1214,Sweet Potato Chips,Line B,2027-07-12 00:00:00,Jul-2027,Q3-2027,Afternoon,Karthik V.,309.4,RM-3213,Released,2027-07-14 00:00:00
BCH-2024-1215,Masala Peanuts,Line C,2027-07-13 00:00:00,Jul-2027,Q3-2027,Night,Meena R.,212.2,RM-3214,Released,2027-07-15 00:00:00
BCH-2024-1216,Tapioca Crisps,Line D,2027-07-16 00:00:00,Jul-2027,Q3-2027,Morning,Suresh B.,306.1,RM-3215,Released,2027-07-18 00:00:00
BCH-2024-1217,Jackfruit Chips,Line E,2027-07-17 00:00:00,Jul-2027,Q3-2027,Afternoon,Ramesh K.,291.0,RM-3216,Released,2027-07-20 00:00:00
BCH-2024-1218,Okra Chips,Line F,2027-07-18 00:00:00,Jul-2027,Q3-2027,Night,Priya S.,289.2,RM-3217,Released,2027-07-19 00:00:00
BCH-2024-1219,Roasted Corn,Line A,2027-07-19 00:00:00,Jul-2027,Q3-2027,Morning,Anand M.,533.9,RM-3218,Hold – OOS,
BCH-2024-1220,Chickpea Snacks,Line B,2027-07-21 00:00:00,Jul-2027,Q3-2027,Afternoon,Sagar A.,585.0,RM-3219,Released,2027-07-24 00:00:00
BCH-2024-1221,Banana Chips,Line C,2027-07-22 00:00:00,Jul-2027,Q3-2027,Night,Divya N.,591.2,RM-3220,Released,2027-07-24 00:00:00
BCH-2024-1222,Sweet Potato Chips,Line D,2027-07-24 00:00:00,Jul-2027,Q3-2027,Morning,Karthik V.,209.3,RM-3221,Hold – OOS,
BCH-2024-1223,Masala Peanuts,Line E,2027-07-25 00:00:00,Jul-2027,Q3-2027,Afternoon,Meena R.,256.6,RM-3222,Released,2027-07-26 00:00:00
BCH-2024-1224,Tapioca Crisps,Line F,2027-07-26 00:00:00,Jul-2027,Q3-2027,Night,Suresh B.,323.2,RM-3223,Hold – OOS,
BCH-2024-1225,Jackfruit Chips,Line A,2027-07-28 00:00:00,Jul-2027,Q3-2027,Morning,Ramesh K.,315.7,RM-3224,Released,2027-07-31 00:00:00
BCH-2024-1226,Okra Chips,Line B,2027-07-30 00:00:00,Jul-2027,Q3-2027,Afternoon,Priya S.,330.7,RM-3225,Released,2027-08-01 00:00:00
BCH-2024-1227,Roasted Corn,Line C,2027-07-31 00:00:00,Jul-2027,Q3-2027,Night,Anand M.,317.1,RM-3226,Released,2027-08-01 00:00:00
BCH-2024-1228,Chickpea Snacks,Line D,2027-08-01 00:00:00,Aug-2027,Q3-2027,Morning,Sagar A.,285.9,RM-3227,Rejected,
BCH-2024-1229,Banana Chips,Line E,2027-08-03 00:00:00,Aug-2027,Q3-2027,Afternoon,Divya N.,346.3,RM-3228,Released,2027-08-06 00:00:00
BCH-2024-1230,Sweet Potato Chips,Line F,2027-08-10 00:00:00,Aug-2027,Q3-2027,Night,Karthik V.,566.2,RM-3229,Released,2027-08-13 00:00:00
BCH-2024-1231,Masala Peanuts,Line A,2027-08-17 00:00:00,Aug-2027,Q3-2027,Morning,Meena R.,493.4,RM-3230,Released,2027-08-19 00:00:00
BCH-2024-1232,Tapioca Crisps,Line B,2027-08-18 00:00:00,Aug-2027,Q3-2027,Afternoon,Suresh B.,450.5,RM-3231,Released,2027-08-20 00:00:00
BCH-2024-1233,Jackfruit Chips,Line C,2027-08-23 00:00:00,Aug-2027,Q3-2027,Night,Ramesh K.,302.6,RM-3232,Released,2027-08-25 00:00:00
BCH-2024-1234,Okra Chips,Line D,2027-08-25 00:00:00,Aug-2027,Q3-2027,Morning,Priya S.,371.9,RM-3233,Released,2027-08-26 00:00:00
BCH-2024-1235,Roasted Corn,Line E,2027-08-26 00:00:00,Aug-2027,Q3-2027,Afternoon,Anand M.,559.7,RM-3234,Released,2027-08-27 00:00:00
BCH-2024-1236,Chickpea Snacks,Line F,2027-08-27 00:00:00,Aug-2027,Q3-2027,Night,Sagar A.,311.9,RM-3235,Released,2027-08-29 00:00:00
BCH-2024-1237,Banana Chips,Line A,2027-08-28 00:00:00,Aug-2027,Q3-2027,Morning,Divya N.,300.7,RM-3236,Released,2027-08-29 00:00:00
BCH-2024-1238,Sweet Potato Chips,Line B,2027-08-30 00:00:00,Aug-2027,Q3-2027,Afternoon,Karthik V.,238.3,RM-3237,Released,2027-08-31 00:00:00
BCH-2024-1239,Masala Peanuts,Line C,2027-09-04 00:00:00,Sep-2027,Q3-2027,Night,Meena R.,483.8,RM-3238,Released,2027-09-07 00:00:00
BCH-2024-1240,Tapioca Crisps,Line D,2027-09-05 00:00:00,Sep-2027,Q3-2027,Morning,Suresh B.,561.4,RM-3239,Released,2027-09-07 00:00:00
BCH-2024-1241,Jackfruit Chips,Line E,2027-09-06 00:00:00,Sep-2027,Q3-2027,Afternoon,Ramesh K.,554.9,RM-3240,Released,2027-09-08 00:00:00
BCH-2024-1242,Okra Chips,Line F,2027-09-07 00:00:00,Sep-2027,Q3-2027,Night,Priya S.,218.6,RM-3241,Released,2027-09-08 00:00:00
BCH-2024-1243,Roasted Corn,Line A,2027-09-12 00:00:00,Sep-2027,Q3-2027,Morning,Anand M.,339.4,RM-3242,Released,2027-09-13 00:00:00
BCH-2024-1244,Chickpea Snacks,Line B,2027-09-13 00:00:00,Sep-2027,Q3-2027,Afternoon,Sagar A.,468.8,RM-3243,Released,2027-09-14 00:00:00
BCH-2024-1245,Banana Chips,Line C,2027-09-15 00:00:00,Sep-2027,Q3-2027,Night,Divya N.,476.2,RM-3244,Released,2027-09-16 00:00:00
BCH-2024-1246,Sweet Potato Chips,Line D,2027-09-16 00:00:00,Sep-2027,Q3-2027,Morning,Karthik V.,372.5,RM-3245,Hold – OOS,
BCH-2024-1247,Masala Peanuts,Line E,2027-09-17 00:00:00,Sep-2027,Q3-2027,Afternoon,Meena R.,616.7,RM-3246,Hold – OOS,
BCH-2024-1248,Tapioca Crisps,Line F,2027-09-18 00:00:00,Sep-2027,Q3-2027,Night,Suresh B.,572.0,RM-3247,Released,2027-09-21 00:00:00
BCH-2024-1249,Jackfruit Chips,Line A,2027-09-19 00:00:00,Sep-2027,Q3-2027,Morning,Ramesh K.,282.0,RM-3248,Released,2027-09-20 00:00:00
BCH-2024-1250,Okra Chips,Line B,2027-09-20 00:00:00,Sep-2027,Q3-2027,Afternoon,Priya S.,391.8,RM-3249,Released,2027-09-22 00:00:00
