Test_ID,Batch_ID,Product,Production_Line,Test_Date,Month_Year,Analyst,TPC_cfu_g,TPC_Limit,TPC_Result,YM_cfu_g,YM_Limit,YM_Result,Coliform_MPN_g,Coliform_Limit,Coliform_Result,Overall_Status,Reviewed_By
MCR-0001,BCH-2022-0001,Jackfruit Chips,Line A,2022-01-04 00:00:00,Jan-2022,Sagar A.,28971.0,10000,FAIL,71.0,500,PASS,2.2,10,PASS,FAIL,Anand M.
MCR-0002,BCH-2022-0002,Okra Chips,Line B,2022-01-05 00:00:00,Jan-2022,Priya S.,5629.0,10000,PASS,121.0,500,PASS,3.5,10,PASS,PASS,Sagar A.
MCR-0003,BCH-2022-0003,  Roasted Corn ,Line C,2022-01-06 00:00:00,Jan-2022,Anand M.,3512.0,10000,PASS,18.0,500,PASS,0.7,10,PASS,PASS,Divya N.
MCR-0004,BCH-2022-0004,Chickpea Snacks,Line D,2022-01-07 00:00:00,Jan-2022,Meena R.,6055.0,10000,PASS,373.0,500,PASS,2.4,10,PASS,PASS,Karthik V.
MCR-0005,BCH-2022-0005,Banana Chips,Line E,2022-01-08 00:00:00,Jan-2022,Karthik V.,6070.0,10000,PASS,177.0,500,PASS,5.9,10,PASS,PASS,Meena R.
MCR-0006,BCH-2022-0006,Sweet Potato Chips,Line F,2022-01-09 00:00:00,Jan-2022,Divya N.,1147.0,10000,PASS,331.0,500,PASS,4.1,10,PASS,PASS,Suresh B.
MCR-0007,BCH-2022-0007,Masala Peanuts,Line A,2022-01-14 00:00:00,Jan-2022,Suresh B.,3567.0,10000,PASS,88.0,500,PASS,4.5,10,PASS,PASS,Ramesh K.
MCR-0008,BCH-2022-0008,Tapioca Crisps,Line B,2022-01-15 00:00:00,Jan-2022,Leena D.,2879.0,10000,PASS,192.0,500,PASS,2.5,10,PASS,PASS,Priya S.
MCR-0009,BCH-2022-0009,Jackfruit Chips,Line C,2022-01-16 00:00:00,Jan-2022,Sagar A.,5097.0,10000,PASS,83.0,500,PASS,5.8,10,PASS,PASS,Anand M.
MCR-0010,BCH-2022-0010,Okra Chips,Line D,2022-01-17 00:00:00,Jan-2022,Priya S.,5016.0,10000,PASS,66.0,500,PASS,4.3,10,PASS,PASS,Sagar A.
MCR-0011,BCH-2022-0011,Roasted Corn,Line E,2022-01-18 00:00:00,Jan-2022,Anand M.,,10000,PASS,270.0,500,PASS,2.9,10,PASS,PASSS,Divya N.
MCR-0012,BCH-2022-0012,  Chickpea Snacks ,Line F,2022-01-20 00:00:00,Jan-2022,Meena R.,2441.0,10000,PASS,470.0,500,PASS,19.2,10,FAIL,FAIL,Karthik V.
MCR-0013,BCH-2022-0013,Banana Chips,Line A,2022-01-27 00:00:00,Jan-2022,Karthik V.,7095.0,10000,PASS,26.0,500,PASS,0.2,10,PASS,PASS,Meena R.
MCR-0014,BCH-2022-0014,Sweet Potato Chips,Line B,2022-01-28 00:00:00,Jan-2022,Divya N.,6584.0,10000,PASS,123.0,500,PASS,7.2,10,PASS,PASS,Suresh B.
MCR-0015,BCH-2022-0015,Masala Peanuts,Line C,2022-01-29 00:00:00,Jan-2022,Suresh B.,75051.0,10000,FAIL,,500,PASS,2.5,10,PASS,FAIL,Ramesh K.
MCR-0016,BCH-2022-0016,Tapioca Crisps,Line D,2022-01-30 00:00:00,Jan-2022,Leena D.,1372.0,10000,PASS,375.0,500,PASS,27.0,10,FAIL,FAIL,Priya S.
MCR-0017,BCH-2022-0017,Jackfruit Chips,Line E,2022-01-31 00:00:00,Jan-2022,Sagar A.,799.0,10000,PASS,372.0,500,PASS,,10,PASS,PASS,Anand M.
MCR-0018,BCH-2022-0018,Okra Chips,Line F,2022-02-02 00:00:00,Feb-2022,Priya S.,8271.0,10000,PASS,278.0,500,PASS,0.7,10,PASS,PASS,Sagar A.
MCR-0019,BCH-2022-0019,Roasted Corn,Line A,2022-02-03 00:00:00,Feb-2022,Anand M.,1630.0,10000,PASS,333.0,500,PASS,3.2,10,PASS,PASSS,Divya N.
MCR-0020,BCH-2022-0020,Chickpea Snacks,Line B,2022-02-04 00:00:00,Feb-2022,Meena R.,7385.0,10000,PASS,340.0,500,PASS,1.4,10,PASS,PASS,Karthik V.
MCR-0021,BCH-2022-0021,Banana Chips,Line C,2022-02-06 00:00:00,Feb-2022,Karthik V.,2051.0,10000,PASS,305.0,500,PASS,2.7,10,PASS,P ASS,Meena R.
MCR-0022,BCH-2022-0022,Sweet Potato Chips,Line D,2022-02-13 00:00:00,Feb-2022,Divya N.,423.0,10000,PASS,379.0,500,PASS,1.0,10,PASS,PASS,Suresh B.
MCR-0023,BCH-2022-0023,Masala Peanuts,Line E,2022-02-18 00:00:00,Feb-2022,Suresh B.,253.0,10000,PASS,222.0,500,PASS,3.6,10,PASS,PASS,Ramesh K.
MCR-0024,BCH-2022-0024,Tapioca Crisps,Line F,2022-02-19 00:00:00,Feb-2022,Leena D.,665.0,10000,PASS,,500,PASS,4.3,10,PASS,PASS,Priya S.
MCR-0025,BCH-2022-0025,Jackfruit Chips,Line A,2022-02-22 00:00:00,Feb-2022,Sagar A.,267.0,10000,PASS,364.0,500,PASS,5.6,10,PASS,PASS,Anand M.
MCR-0026,BCH-2022-0026,Okra Chips,Line B,2022-02-23 00:00:00,Feb-2022,Priya S.,7464.0,10000,PASS,379.0,500,PASS,4.7,10,PASS,PASS,Sagar A.
MCR-0027,BCH-2022-0027,  Roasted Corn ,Line C,2022-02-26 00:00:00,Feb-2022,Anand M.,4928.0,10000,PASS,5835.0,500,FAIL,4.7,10,PASS,FAIL,Divya N.
MCR-0028,BCH-2022-0028,Chickpea Snacks,Line D,2022-02-27 00:00:00,Feb-2022,Meena R.,3080.0,10000,PASS,226.0,500,PASS,3.3,10,PASS,PASS,Karthik V.
MCR-0029,BCH-2022-0029,Banana Chips,Line E,2022-02-28 00:00:00,Feb-2022,Karthik V.,4477.0,10000,PASS,59.0,500,PASS,,10,PASS,PASS,Meena R.
MCR-0030,BCH-2022-0030,Sweet Potato Chips,Line F,2022-03-01 00:00:00,Feb-2022,Divya N.,,10000,PASS,186.0,500,PASS,0.9,10,PASS,PASS,Suresh B.
MCR-0031,BCH-2022-0031,Masala Peanuts,Line A,2022-03-02 00:00:00,Mar-2022,Suresh B.,7662.0,10000,PASS,148.0,500,PASS,2.5,10,PASS,pass ,Ramesh K.
MCR-0032,BCH-2022-0032,Tapioca Crisps,Line B,2022-03-03 00:00:00,Mar-2022,Leena D.,7700.0,10000,PASS,211.0,500,PASS,3.5,10,PASS,PASS,Priya S.
MCR-0033,BCH-2022-0033,Jackfruit Chips,Line C,2022-03-05 00:00:00,Mar-2022,Sagar A.,4177.0,10000,PASS,301.0,500,PASS,4.9,10,PASS,PASSS,Anand M.
MCR-0034,BCH-2022-0034,Okra Chips,Line D,2022-03-06 00:00:00,Mar-2022,Priya S.,58836.0,10000,FAIL,,500,PASS,,10,PASS,FAIL,Sagar A.
MCR-0035,BCH-2022-0035,Roasted Corn,Line E,2022-03-07 00:00:00,Mar-2022,Anand M.,-999.0,10000,PASS,73.0,500,PASS,4.6,10,PASS,PASSS,Divya N.
MCR-0036,BCH-2022-0036,Chickpea Snacks,Line F,2022-03-14 00:00:00,Mar-2022,Meena R.,4609.0,10000,PASS,338.0,500,PASS,3.5,10,PASS,PASS,Karthik V.
MCR-0037,BCH-2022-0037,Banana Chips,Line A,2022-03-15 00:00:00,Mar-2022,Karthik V.,3366.0,10000,PASS,54.0,500,PASS,2.3,10,PASS,PASS,Meena R.
MCR-0038,BCH-2022-0038,Sweet Potato Chips,Line B,2022-03-16 00:00:00,Mar-2022,Divya N.,3035.0,10000,PASS,50.0,500,PASS,2.6,10,PASS,PASS,Suresh B.
MCR-0039,BCH-2022-0039,Masala Peanuts,Line C,2022-03-18 00:00:00,Mar-2022,Suresh B.,3391.0,10000,PASS,,500,PASS,5.1,10,PASS,PASS,Ramesh K.
MCR-0040,BCH-2022-0040,Tapioca Crisps,Line D,2022-03-19 00:00:00,Mar-2022,Leena D.,4417.0,10000,PASS,305.0,500,PASS,2.1,10,PASS,PASS,Priya S.
MCR-0041,BCH-2022-0041,Jackfruit Chips,Line E,2022-03-21 00:00:00,Mar-2022,Sagar A.,6943.0,10000,PASS,3133.0,500,FAIL,2.7,10,PASS,FAIL,Anand M.
MCR-0042,BCH-2022-0042,Okra Chips,Line F,2022-03-22 00:00:00,Mar-2022,Priya S.,4350.0,10000,PASS,45.0,500,PASS,6.2,10,PASS,PASS,Sagar A.
MCR-0043,BCH-2022-0043,Roasted Corn,Line A,2022-03-23 00:00:00,Mar-2022,Anand M.,,10000,PASS,121.0,500,PASS,4.1,10,PASS,PASS,Divya N.
MCR-0044,BCH-2022-0044,Chickpea Snacks,Line B,2022-03-25 00:00:00,Mar-2022,Meena R.,7436.0,10000,PASS,334.0,500,PASS,5.1,10,PASS,PASS,Karthik V.
MCR-0045,BCH-2022-0045,Banana Chips,Line C,2022-03-26 00:00:00,Mar-2022,Karthik V.,4467.0,10000,PASS,357.0,500,PASS,6.1,10,PASS,PASS,Meena R.
MCR-0046,BCH-2022-0046,Sweet Potato Chips,Line D,2022-03-28 00:00:00,Mar-2022,Divya N.,1159.0,10000,PASS,295.0,500,PASS,5.7,10,PASS,PASS,Suresh B.
MCR-0047,BCH-2022-0047,Masala Peanuts,Line E,2022-03-30 00:00:00,Mar-2022,Suresh B.,2439.0,10000,PASS,1170.0,500,FAIL,6.7,10,PASS,FAIL,Ramesh K.
MCR-0048,BCH-2022-0048,Tapioca Crisps,Line F,2022-03-31 00:00:00,Mar-2022,Leena D.,3432.0,10000,PASS,297.0,500,PASS,4.1,10,PASS,PASS,Priya S.
MCR-0049,BCH-2022-0049,Jackfruit Chips,Line A,2022-04-02 00:00:00,Apr-2022,Sagar A.,2518.0,10000,PASS,279.0,500,PASS,1.4,10,PASS,PASS,Anand M.
MCR-0050,BCH-2022-0050,Okra Chips,Line B,2022-04-03 00:00:00,Apr-2022,Priya S.,2285.0,10000,PASS,304.0,500,PASS,0.6,10,PASS,PASS,Sagar A.
MCR-0051,BCH-2022-0051,Roasted Corn,Line C,2022-04-05 00:00:00,Apr-2022,Anand M.,4093.0,10000,PASS,,500,PASS,2.1,10,PASS,PAAS,Divya N.
MCR-0052,BCH-2022-0052,Chickpea Snacks,Line D,2022-04-08 00:00:00,Apr-2022,Meena R.,8462.0,10000,PASS,17.0,500,PASS,6.6,10,PASS,PASS,Karthik V.
MCR-0053,BCH-2022-0053,Banana Chips,Line E,2022-04-11 00:00:00,Apr-2022,Karthik V.,8109.0,10000,PASS,95.0,500,PASS,4.4,10,PASS,PASS,Meena R.
MCR-0054,BCH-2022-0054,Sweet Potato Chips,Line F,2022-04-12 00:00:00,Apr-2022,Divya N.,4201.0,10000,PASS,305.0,500,PASS,6.4,10,PASS,P ASS,Suresh B.
MCR-0055,BCH-2022-0055,Masala Peanuts,Line A,2022-04-13 00:00:00,Apr-2022,Suresh B.,7679.0,10000,PASS,181.0,500,PASS,2.7,10,PASS,PASS,Ramesh K.
MCR-0056,BCH-2022-0056,Tapioca Crisps,Line B,2022-04-14 00:00:00,Apr-2022,Leena D.,7183.0,10000,PASS,279.0,500,PASS,3.9,10,PASS,PASS,Priya S.
MCR-0057,BCH-2022-0057,Jackfruit Chips,Line C,2022-04-15 00:00:00,Apr-2022,Sagar A.,6311.0,10000,PASS,165.0,500,PASS,7.1,10,PASS,PASS,Anand M.
MCR-0058,BCH-2022-0058,Okra Chips,Line D,2022-04-16 00:00:00,Apr-2022,Priya S.,3729.0,10000,PASS,176.0,500,PASS,2.4,10,PASS,PASS,Sagar A.
MCR-0059,BCH-2022-0059,Roasted Corn,Line E,2022-04-17 00:00:00,Apr-2022,Anand M.,,10000,PASS,111.0,500,PASS,2.0,10,PASS,PASS,Divya N.
MCR-0060,BCH-2022-0060,Chickpea Snacks,Line F,2022-04-18 00:00:00,Apr-2022,Meena R.,3100.0,10000,PASS,367.0,500,PASS,2.2,10,PASS,PASS,Karthik V.
MCR-0061,BCH-2022-0061,Banana Chips,Line A,2022-04-19 00:00:00,Apr-2022,Karthik V.,2873.0,10000,PASS,115.0,500,PASS,5.1,10,PASS,PASS,Meena R.
MCR-0062,BCH-2022-0062,  Sweet Potato Chips ,Line B,2022-04-21 00:00:00,Apr-2022,Divya N.,41819.0,10000,FAIL,3753.0,500,FAIL,2.1,10,PASS,FAIL,Suresh B.
MCR-0063,BCH-2022-0063,  Masala Peanuts ,Line C,2022-04-22 00:00:00,Apr-2022,Suresh B.,1780.0,10000,PASS,261.0,500,PASS,2.3,10,PASS,PASS,Ramesh K.
MCR-0064,BCH-2022-0064,Tapioca Crisps,Line D,2022-04-23 00:00:00,Apr-2022,Leena D.,7463.0,10000,PASS,275.0,500,PASS,6.6,10,PASS,PASS,Priya S.
MCR-0065,BCH-2022-0065,Jackfruit Chips,Line E,2022-04-24 00:00:00,Apr-2022,Sagar A.,2680.0,10000,PASS,48.0,500,PASS,2.5,10,PASS,PASS,Anand M.
MCR-0066,BCH-2022-0066,Okra Chips,Line F,2022-04-25 00:00:00,Apr-2022,Priya S.,5250.0,10000,PASS,391.0,500,PASS,4.5,10,PASS,PASS,Sagar A.
MCR-0067,BCH-2022-0067,Roasted Corn,Line A,2022-04-26 00:00:00,Apr-2022,Anand M.,27874.0,10000,FAIL,38.0,500,PASS,2.5,10,PASS,FAIL,Divya N.
MCR-0068,BCH-2022-0068,  Chickpea Snacks ,Line B,2022-04-28 00:00:00,Apr-2022,Meena R.,8179.0,10000,PASS,185.0,500,PASS,5.8,10,PASS,PASS,Karthik V.
MCR-0069,BCH-2022-0069,Banana Chips,Line C,2022-04-29 00:00:00,Apr-2022,Karthik V.,4390.0,10000,PASS,18.0,500,PASS,1.6,10,PASS,PASS,Meena R.
MCR-0070,BCH-2022-0070,  Sweet Potato Chips ,Line D,2022-05-01 00:00:00,Apr-2022,Divya N.,23903.0,10000,FAIL,4252.0,500,FAIL,7.9,10,PASS,FAIL,Suresh B.
MCR-0071,BCH-2022-0071,  Masala Peanuts ,Line E,2022-05-02 00:00:00,May-2022,Suresh B.,6052.0,10000,PASS,347.0,500,PASS,0.7,10,PASS,PASS,Ramesh K.
MCR-0072,BCH-2022-0072,Tapioca Crisps,Line F,2022-05-03 00:00:00,May-2022,Leena D.,5993.0,10000,PASS,222.0,500,PASS,4.0,10,PASS,PASS,Priya S.
MCR-0073,BCH-2022-0073,Jackfruit Chips,Line A,2022-05-04 00:00:00,May-2022,Sagar A.,,10000,PASS,186.0,500,PASS,4.8,10,PASS,PASS,Anand M.
MCR-0074,BCH-2022-0074,Okra Chips,Line B,2022-05-05 00:00:00,May-2022,Priya S.,1470.0,10000,PASS,286.0,500,PASS,0.8,10,PASS,PASS,Sagar A.
MCR-0075,BCH-2022-0075,Roasted Corn,Line C,2022-05-06 00:00:00,May-2022,Anand M.,4623.0,10000,PASS,241.0,500,PASS,2.4,10,PASS,PASSS,Divya N.
MCR-0076,BCH-2022-0076,  Chickpea Snacks ,Line D,2022-05-07 00:00:00,May-2022,Meena R.,5659.0,10000,PASS,248.0,500,PASS,6.5,10,PASS,PASS,Karthik V.
MCR-0077,BCH-2022-0077,Banana Chips,Line E,2022-05-08 00:00:00,May-2022,Karthik V.,6892.0,10000,PASS,109.0,500,PASS,6.0,10,PASS,PASS,Meena R.
MCR-0078,BCH-2022-0078,Sweet Potato Chips,Line F,2022-05-09 00:00:00,May-2022,Divya N.,3799.0,10000,PASS,7.0,500,PASS,3.6,10,PASS,PASS,Suresh B.
MCR-0079,BCH-2022-0079,Masala Peanuts,Line A,2022-05-10 00:00:00,May-2022,Suresh B.,4427.0,10000,PASS,158.0,500,PASS,1.5,10,PASS,PASS,Ramesh K.
MCR-0080,BCH-2022-0080,Tapioca Crisps,Line B,2022-05-12 00:00:00,May-2022,Leena D.,5156.0,10000,PASS,82.0,500,PASS,5.4,10,PASS,PAAS,Priya S.
MCR-0081,BCH-2022-0081,  Jackfruit Chips ,Line C,2022-05-13 00:00:00,May-2022,Sagar A.,2630.0,10000,PASS,317.0,500,PASS,0.5,10,PASS,PASS,Anand M.
MCR-0082,BCH-2022-0082,Okra Chips,Line D,2022-05-14 00:00:00,May-2022,Priya S.,875.0,10000,PASS,184.0,500,PASS,0.9,10,PASS,PASS,Sagar A.
MCR-0083,BCH-2022-0083,Roasted Corn,Line E,2022-05-15 00:00:00,May-2022,Anand M.,458.0,10000,PASS,106.0,500,PASS,0.2,10,PASS,PASSS,Divya N.
MCR-0084,BCH-2022-0084,Chickpea Snacks,Line F,2022-05-16 00:00:00,May-2022,Meena R.,1172.0,10000,PASS,382.0,500,PASS,6.3,10,PASS,PASS,Karthik V.
MCR-0085,BCH-2022-0085,Banana Chips,Line A,2022-05-17 00:00:00,May-2022,Karthik V.,1936.0,10000,PASS,13.0,500,PASS,3.3,10,PASS,PASS,Meena R.
MCR-0086,BCH-2022-0086,Sweet Potato Chips,Line B,2022-05-19 00:00:00,May-2022,Divya N.,51465.0,10000,FAIL,53.0,500,PASS,7.0,10,PASS,FAIL,Suresh B.
MCR-0087,BCH-2022-0087,  Masala Peanuts ,Line C,2022-05-20 00:00:00,May-2022,Suresh B.,4811.0,10000,PASS,366.0,500,PASS,0.3,10,PASS,PASS,Ramesh K.
MCR-0088,BCH-2022-0088,Tapioca Crisps,Line D,2022-05-21 00:00:00,May-2022,Leena D.,3910.0,10000,PASS,417.0,500,PASS,0.9,10,PASS,PASS,Priya S.
MCR-0089,BCH-2022-0089,Jackfruit Chips,Line E,2022-05-22 00:00:00,May-2022,Sagar A.,1016.0,10000,PASS,197.0,500,PASS,0.8,10,PASS,PASS,Anand M.
MCR-0090,BCH-2022-0090,Okra Chips,Line F,2022-05-23 00:00:00,May-2022,Priya S.,-999.0,10000,PASS,,500,PASS,5.3,10,PASS,PASS,Sagar A.
MCR-0091,BCH-2022-0091,Roasted Corn,Line A,2022-05-24 00:00:00,May-2022,Anand M.,7104.0,10000,PASS,347.0,500,PASS,1.8,10,PASS,PASS,Divya N.
MCR-0092,BCH-2022-0092,Chickpea Snacks,Line B,2022-05-25 00:00:00,May-2022,Meena R.,6740.0,10000,PASS,42.0,500,PASS,6.6,10,PASS,PASS,Karthik V.
MCR-0093,BCH-2022-0093,Banana Chips,Line C,2022-05-27 00:00:00,May-2022,Karthik V.,6018.0,10000,PASS,65.0,500,PASS,3.0,10,PASS,PASS,Meena R.
MCR-0094,BCH-2022-0094,Sweet Potato Chips,Line D,2022-05-29 00:00:00,May-2022,Divya N.,4066.0,10000,PASS,1981.0,500,FAIL,6.7,10,PASS,FAIL,Suresh B.
MCR-0095,BCH-2022-0095,Masala Peanuts,Line E,2022-05-30 00:00:00,May-2022,Suresh B.,36877.0,10000,FAIL,45.0,500,PASS,2.1,10,PASS,FAILL,Ramesh K.
MCR-0096,BCH-2022-0096,Tapioca Crisps,Line F,2022-06-02 00:00:00,Jun-2022,Leena D.,1863.0,10000,PASS,240.0,500,PASS,4.7,10,PASS,pass ,Priya S.
MCR-0097,BCH-2022-0097,Jackfruit Chips,Line A,2022-06-03 00:00:00,Jun-2022,Sagar A.,51007.0,10000,FAIL,76.0,500,PASS,3.9,10,PASS,FAIL,Anand M.
MCR-0098,BCH-2022-0098,Okra Chips,Line B,2022-06-04 00:00:00,Jun-2022,Priya S.,2520.0,10000,PASS,28.0,500,PASS,1.9,10,PASS,PASS,Sagar A.
MCR-0099,BCH-2022-0099,Roasted Corn,Line C,2022-06-06 00:00:00,Jun-2022,Anand M.,,10000,PASS,135.0,500,PASS,5.1,10,PASS,PASS,Divya N.
MCR-0100,BCH-2022-0100,Chickpea Snacks,Line D,2022-06-07 00:00:00,Jun-2022,Meena R.,2430.0,10000,PASS,,500,PASS,4.3,10,PASS,PASSS,Karthik V.
MCR-0101,BCH-2022-0101,Banana Chips,Line E,2022-06-12 00:00:00,Jun-2022,Karthik V.,,10000,PASS,3288.0,500,FAIL,6.7,10,PASS,FAIL,Meena R.
MCR-0102,BCH-2022-0102,Sweet Potato Chips,Line F,2022-06-13 00:00:00,Jun-2022,Divya N.,6563.0,10000,PASS,490.0,500,PASS,5.9,10,PASS,PASS,Suresh B.
MCR-0103,BCH-2022-0103,Masala Peanuts,Line A,2022-06-15 00:00:00,Jun-2022,Suresh B.,3663.0,10000,PASS,311.0,500,PASS,6.9,10,PASS,PASS,Ramesh K.
MCR-0104,BCH-2022-0104,Tapioca Crisps,Line B,2022-06-17 00:00:00,Jun-2022,Leena D.,6088.0,10000,PASS,474.0,500,PASS,1.2,10,PASS,PASS,Priya S.
MCR-0105,BCH-2022-0105,Jackfruit Chips,Line C,2022-06-18 00:00:00,Jun-2022,Sagar A.,8376.0,10000,PASS,282.0,500,PASS,,10,PASS,PASS,Anand M.
MCR-0106,BCH-2022-0106,Okra Chips,Line D,2022-06-19 00:00:00,Jun-2022,Priya S.,6938.0,10000,PASS,61.0,500,PASS,4.8,10,PASS,PASS,Sagar A.
MCR-0107,BCH-2022-0107,Roasted Corn,Line E,2022-06-20 00:00:00,Jun-2022,Anand M.,1199.0,10000,PASS,33.0,500,PASS,,10,PASS,PASS,Divya N.
MCR-0108,BCH-2022-0108,  Chickpea Snacks ,Line F,2022-06-21 00:00:00,Jun-2022,Meena R.,1674.0,10000,PASS,331.0,500,PASS,0.7,10,PASS,PASS,Karthik V.
MCR-0109,BCH-2022-0109,  Banana Chips ,Line A,2022-06-23 00:00:00,Jun-2022,Karthik V.,7782.0,10000,PASS,267.0,500,PASS,1.2,10,PASS,PASS,Meena R.
MCR-0110,BCH-2022-0110,Sweet Potato Chips,Line B,2022-06-25 00:00:00,Jun-2022,Divya N.,2340.0,10000,PASS,66.0,500,PASS,29.9,10,FAIL,FAIL,Suresh B.
MCR-0111,BCH-2022-0111,Masala Peanuts,Line C,2022-06-27 00:00:00,Jun-2022,Suresh B.,1839.0,10000,PASS,23.0,500,PASS,0.3,10,PASS,PASS,Ramesh K.
MCR-0112,BCH-2022-0112,Tapioca Crisps,Line D,2022-06-28 00:00:00,Jun-2022,Leena D.,6346.0,10000,PASS,26.0,500,PASS,,10,PASS,P ASS,Priya S.
MCR-0113,BCH-2022-0113,Jackfruit Chips,Line E,2022-06-29 00:00:00,Jun-2022,Sagar A.,7547.0,10000,PASS,263.0,500,PASS,1.5,10,PASS,PASS,Anand M.
MCR-0114,BCH-2022-0114,Okra Chips,Line F,2022-07-02 00:00:00,Jul-2022,Priya S.,3586.0,10000,PASS,16.0,500,PASS,6.8,10,PASS,PASS,Sagar A.
MCR-0115,BCH-2022-0115,Roasted Corn,Line A,2022-07-03 00:00:00,Jul-2022,Anand M.,1054.0,10000,PASS,26.0,500,PASS,6.7,10,PASS,PASS,Divya N.
MCR-0116,BCH-2022-0116,Chickpea Snacks,Line B,2022-07-05 00:00:00,Jul-2022,Meena R.,9355.0,10000,PASS,22.0,500,PASS,1.0,10,PASS,PASS,Karthik V.
MCR-0117,BCH-2022-0117,Banana Chips,Line C,2022-07-06 00:00:00,Jul-2022,Karthik V.,4882.0,10000,PASS,450.0,500,PASS,6.9,10,PASS,PASS,Meena R.
MCR-0118,BCH-2022-0118,Sweet Potato Chips,Line D,2022-07-07 00:00:00,Jul-2022,Divya N.,8235.0,10000,PASS,15.0,500,PASS,4.6,10,PASS,PASS,Suresh B.
MCR-0119,BCH-2022-0119,Masala Peanuts,Line E,2022-07-08 00:00:00,Jul-2022,Suresh B.,1008.0,10000,PASS,328.0,500,PASS,5.4,10,PASS,PASS,Ramesh K.
MCR-0120,BCH-2022-0120,Tapioca Crisps,Line F,2022-07-09 00:00:00,Jul-2022,Leena D.,23280.0,10000,FAIL,44.0,500,PASS,1.1,10,PASS,FAIL,Priya S.
MCR-0121,BCH-2022-0121,  Jackfruit Chips ,Line A,2022-07-10 00:00:00,Jul-2022,Sagar A.,7582.0,10000,PASS,470.0,500,PASS,2.8,10,PASS,PASS,Anand M.
MCR-0122,BCH-2022-0122,  Okra Chips ,Line B,2022-07-15 00:00:00,Jul-2022,Priya S.,49580.0,10000,FAIL,1209.0,500,FAIL,4.5,10,PASS,FAIL,Sagar A.
MCR-0123,BCH-2022-0123,Roasted Corn,Line C,2022-07-16 00:00:00,Jul-2022,Anand M.,2221.0,10000,PASS,2128.0,500,FAIL,0.8,10,PASS,FAIL,Divya N.
MCR-0124,BCH-2022-0124,Chickpea Snacks,Line D,2022-07-17 00:00:00,Jul-2022,Meena R.,8246.0,10000,PASS,219.0,500,PASS,5.2,10,PASS,PASS,Karthik V.
MCR-0125,BCH-2022-0125,Banana Chips,Line E,2022-07-18 00:00:00,Jul-2022,Karthik V.,3022.0,10000,PASS,110.0,500,PASS,16.4,10,FAIL,FAIL,Meena R.
MCR-0126,BCH-2022-0126,Sweet Potato Chips,Line F,2022-07-19 00:00:00,Jul-2022,Divya N.,4212.0,10000,PASS,341.0,500,PASS,4.1,10,PASS,PASS,Suresh B.
MCR-0127,BCH-2022-0127,Masala Peanuts,Line A,2022-07-20 00:00:00,Jul-2022,Suresh B.,1825.0,10000,PASS,217.0,500,PASS,1.1,10,PASS,PASS,Ramesh K.
MCR-0128,BCH-2022-0128,Tapioca Crisps,Line B,2022-07-21 00:00:00,Jul-2022,Leena D.,3941.0,10000,PASS,49.0,500,PASS,3.3,10,PASS,PASS,Priya S.
MCR-0129,BCH-2022-0129,Jackfruit Chips,Line C,2022-07-23 00:00:00,Jul-2022,Sagar A.,,10000,PASS,375.0,500,PASS,6.2,10,PASS,PASS,Anand M.
MCR-0130,BCH-2022-0130,Okra Chips,Line D,2022-07-28 00:00:00,Jul-2022,Priya S.,988.0,10000,PASS,482.0,500,PASS,3.0,10,PASS,PASS,Sagar A.
MCR-0131,BCH-2022-0131,Roasted Corn,Line E,2022-08-02 00:00:00,Aug-2022,Anand M.,3289.0,10000,PASS,305.0,500,PASS,5.3,10,PASS,PASS,Divya N.
MCR-0132,BCH-2022-0132,Chickpea Snacks,Line F,2022-08-05 00:00:00,Aug-2022,Meena R.,7140.0,10000,PASS,176.0,500,PASS,6.7,10,PASS,PASS,Karthik V.
MCR-0133,BCH-2022-0133,Banana Chips,Line A,2022-08-06 00:00:00,Aug-2022,Karthik V.,256.0,10000,PASS,378.0,500,PASS,,10,PASS,PASS,Meena R.
MCR-0134,BCH-2022-0134,Sweet Potato Chips,Line B,2022-08-09 00:00:00,Aug-2022,Divya N.,14167.0,10000,FAIL,151.0,500,PASS,4.3,10,PASS,FAIL,Suresh B.
MCR-0135,BCH-2022-0135,Masala Peanuts,Line C,2022-08-10 00:00:00,Aug-2022,Suresh B.,6468.0,10000,PASS,480.0,500,PASS,6.0,10,PASS,PAAS,Ramesh K.
MCR-0136,BCH-2022-0136,Tapioca Crisps,Line D,2022-08-12 00:00:00,Aug-2022,Leena D.,9408.0,10000,PASS,52.0,500,PASS,2.7,10,PASS,PASS,Priya S.
MCR-0137,BCH-2022-0137,Jackfruit Chips,Line E,2022-08-13 00:00:00,Aug-2022,Sagar A.,-999.0,10000,PASS,203.0,500,PASS,3.3,10,PASS,PASSS,Anand M.
MCR-0138,BCH-2022-0138,Okra Chips,Line F,2022-08-14 00:00:00,Aug-2022,Priya S.,9055.0,10000,PASS,185.0,500,PASS,5.0,10,PASS,PASS,Sagar A.
MCR-0139,BCH-2022-0139,Roasted Corn,Line A,2022-08-15 00:00:00,Aug-2022,Anand M.,8783.0,10000,PASS,229.0,500,PASS,4.2,10,PASS,PASS,Divya N.
MCR-0140,BCH-2022-0140,Chickpea Snacks,Line B,2022-08-16 00:00:00,Aug-2022,Meena R.,1384.0,10000,PASS,419.0,500,PASS,0.5,10,PASS,PASS,Karthik V.
MCR-0141,BCH-2022-0141,Banana Chips,Line C,2022-08-17 00:00:00,Aug-2022,Karthik V.,-999.0,10000,PASS,135.0,500,PASS,1.1,10,PASS,PASS,Meena R.
MCR-0142,BCH-2022-0142,Sweet Potato Chips,Line D,2022-08-18 00:00:00,Aug-2022,Divya N.,2444.0,10000,PASS,73.0,500,PASS,6.8,10,PASS,PASS,Suresh B.
MCR-0143,BCH-2022-0143,Masala Peanuts,Line E,2022-08-20 00:00:00,Aug-2022,Suresh B.,639.0,10000,PASS,124.0,500,PASS,2.4,10,PASS,PASS,Ramesh K.
MCR-0144,BCH-2022-0144,Tapioca Crisps,Line F,2022-08-21 00:00:00,Aug-2022,Leena D.,22453.0,10000,FAIL,1963.0,500,FAIL,8.4,10,PASS,FAIL,Priya S.
MCR-0145,BCH-2022-0145,Jackfruit Chips,Line A,2022-08-23 00:00:00,Aug-2022,Sagar A.,5746.0,10000,PASS,52.0,500,PASS,,10,PASS,PASS,Anand M.
MCR-0146,BCH-2022-0146,Okra Chips,Line B,2022-08-26 00:00:00,Aug-2022,Priya S.,,10000,PASS,486.0,500,PASS,4.9,10,PASS,pass ,Sagar A.
MCR-0147,BCH-2022-0147,Roasted Corn,Line C,2022-08-27 00:00:00,Aug-2022,Anand M.,4112.0,10000,PASS,63.0,500,PASS,1.9,10,PASS,PASS,Divya N.
MCR-0148,BCH-2022-0148,Chickpea Snacks,Line D,2022-08-29 00:00:00,Aug-2022,Meena R.,8236.0,10000,PASS,311.0,500,PASS,1.3,10,PASS,PASS,Karthik V.
MCR-0149,BCH-2022-0149,Banana Chips,Line E,2022-08-30 00:00:00,Aug-2022,Karthik V.,8288.0,10000,PASS,326.0,500,PASS,2.6,10,PASS,PASS,Meena R.
MCR-0150,BCH-2022-0150,Sweet Potato Chips,Line F,2022-08-31 00:00:00,Aug-2022,Divya N.,8603.0,10000,PASS,490.0,500,PASS,1.6,10,PASS,PASS,Suresh B.
MCR-0151,BCH-2022-0151,Masala Peanuts,Line A,2022-09-01 00:00:00,Aug-2022,Suresh B.,2878.0,10000,PASS,189.0,500,PASS,2.5,10,PASS,PASS,Ramesh K.
MCR-0152,BCH-2022-0152,Tapioca Crisps,Line B,2022-09-03 00:00:00,Sep-2022,Leena D.,16912.0,10000,FAIL,101.0,500,PASS,4.5,10,PASS,FAIL,Priya S.
MCR-0153,BCH-2022-0153,Jackfruit Chips,Line C,2022-09-04 00:00:00,Sep-2022,Sagar A.,7971.0,10000,PASS,,500,PASS,4.8,10,PASS,PASS,Anand M.
MCR-0154,BCH-2022-0154,Okra Chips,Line D,2022-09-05 00:00:00,Sep-2022,Priya S.,1072.0,10000,PASS,91.0,500,PASS,6.8,10,PASS,PASS,Sagar A.
MCR-0155,BCH-2022-0155,Roasted Corn,Line E,2022-09-06 00:00:00,Sep-2022,Anand M.,7427.0,10000,PASS,471.0,500,PASS,4.8,10,PASS,PASS,Divya N.
MCR-0156,BCH-2022-0156,Chickpea Snacks,Line F,2022-09-07 00:00:00,Sep-2022,Meena R.,-999.0,10000,FAIL,42.0,500,PASS,1.2,10,PASS,fail,Karthik V.
MCR-0157,BCH-2022-0157,Banana Chips,Line A,2022-09-08 00:00:00,Sep-2022,Karthik V.,4770.0,10000,PASS,84.0,500,PASS,1.0,10,PASS,PASS,Meena R.
MCR-0158,BCH-2022-0158,Sweet Potato Chips,Line B,2022-09-10 00:00:00,Sep-2022,Divya N.,1326.0,10000,PASS,248.0,500,PASS,5.2,10,PASS,PASS,Suresh B.
MCR-0159,BCH-2022-0159,Masala Peanuts,Line C,2022-09-11 00:00:00,Sep-2022,Suresh B.,73436.0,10000,FAIL,312.0,500,PASS,7.3,10,PASS,FAIL,Ramesh K.
MCR-0160,BCH-2022-0160,Tapioca Crisps,Line D,2022-09-12 00:00:00,Sep-2022,Leena D.,4838.0,10000,PASS,431.0,500,PASS,5.2,10,PASS,P ASS,Priya S.
MCR-0161,BCH-2022-0161,Jackfruit Chips,Line E,2022-09-13 00:00:00,Sep-2022,Sagar A.,6657.0,10000,PASS,418.0,500,PASS,2.3,10,PASS,PASS,Anand M.
MCR-0162,BCH-2022-0162,Okra Chips,Line F,2022-09-16 00:00:00,Sep-2022,Priya S.,5765.0,10000,PASS,93.0,500,PASS,7.3,10,PASS,PASS,Sagar A.
MCR-0163,BCH-2022-0163,Roasted Corn,Line A,2022-09-17 00:00:00,Sep-2022,Anand M.,1154.0,10000,PASS,79.0,500,PASS,30.6,10,FAIL,FAIL,Divya N.
MCR-0164,BCH-2022-0164,Chickpea Snacks,Line B,2022-09-20 00:00:00,Sep-2022,Meena R.,7301.0,10000,PASS,126.0,500,PASS,2.8,10,PASS,PASS,Karthik V.
MCR-0165,BCH-2022-0165,Banana Chips,Line C,2022-09-27 00:00:00,Sep-2022,Karthik V.,7918.0,10000,PASS,47.0,500,PASS,1.9,10,PASS,PASS,Meena R.
MCR-0166,BCH-2022-0166,Sweet Potato Chips,Line D,2022-09-28 00:00:00,Sep-2022,Divya N.,7915.0,10000,PASS,134.0,500,PASS,0.5,10,PASS,PASSS,Suresh B.
MCR-0167,BCH-2022-0167,Masala Peanuts,Line E,2022-09-29 00:00:00,Sep-2022,Suresh B.,5071.0,10000,PASS,,500,PASS,4.5,10,PASS,PASS,Ramesh K.
MCR-0168,BCH-2022-0168,Tapioca Crisps,Line F,2022-09-30 00:00:00,Sep-2022,Leena D.,501.0,10000,PASS,62.0,500,PASS,3.0,10,PASS,PASS,Priya S.
MCR-0169,BCH-2022-0169,Jackfruit Chips,Line A,2022-10-02 00:00:00,Oct-2022,Sagar A.,,10000,PASS,312.0,500,PASS,88888.0,10,PASS,PASS,Anand M.
MCR-0170,BCH-2022-0170,Okra Chips,Line B,2022-10-04 00:00:00,Oct-2022,Priya S.,4308.0,10000,PASS,27.0,500,PASS,5.2,10,PASS,PASS,Sagar A.
MCR-0171,BCH-2022-0171,Roasted Corn,Line C,2022-10-05 00:00:00,Oct-2022,Anand M.,5102.0,10000,PASS,337.0,500,PASS,2.7,10,PASS,PASS,Divya N.
MCR-0172,BCH-2022-0172,Chickpea Snacks,Line D,2022-10-06 00:00:00,Oct-2022,Meena R.,,10000,PASS,299.0,500,PASS,6.4,10,PASS,PASS,Karthik V.
MCR-0173,BCH-2022-0173,Banana Chips,Line E,2022-10-09 00:00:00,Oct-2022,Karthik V.,5924.0,10000,PASS,,500,PASS,5.4,10,PASS,PASS,Meena R.
MCR-0174,BCH-2022-0174,Sweet Potato Chips,Line F,2022-10-10 00:00:00,Oct-2022,Divya N.,7084.0,10000,PASS,312.0,500,PASS,4.1,10,PASS,PASS,Suresh B.
MCR-0175,BCH-2022-0175,Masala Peanuts,Line A,2022-10-12 00:00:00,Oct-2022,Suresh B.,7817.0,10000,PASS,236.0,500,PASS,5.3,10,PASS,PASS,Ramesh K.
MCR-0176,BCH-2022-0176,Tapioca Crisps,Line B,2022-10-14 00:00:00,Oct-2022,Leena D.,3818.0,10000,PASS,32.0,500,PASS,4.9,10,PASS,PAAS,Priya S.
MCR-0177,BCH-2022-0177,Jackfruit Chips,Line C,2022-10-15 00:00:00,Oct-2022,Sagar A.,4749.0,10000,PASS,,500,PASS,6.0,10,PASS,PASS,Anand M.
MCR-0178,BCH-2022-0178,Okra Chips,Line D,2022-10-16 00:00:00,Oct-2022,Priya S.,56488.0,10000,FAIL,77.0,500,PASS,5.1,10,PASS,FAIL,Sagar A.
MCR-0179,BCH-2022-0179,Roasted Corn,Line E,2022-10-17 00:00:00,Oct-2022,Anand M.,40358.0,10000,FAIL,3893.0,500,FAIL,1.6,10,PASS,FAILL,Divya N.
MCR-0180,BCH-2022-0180,  Chickpea Snacks ,Line F,2022-10-18 00:00:00,Oct-2022,Meena R.,12702.0,10000,FAIL,2267.0,500,FAIL,1.4,10,PASS,FAIL,Karthik V.
MCR-0181,BCH-2022-0181,Banana Chips,Line A,2022-10-21 00:00:00,Oct-2022,Karthik V.,3320.0,10000,PASS,92.0,500,PASS,25.8,10,FAIL,FAIL,Meena R.
MCR-0182,BCH-2022-0182,Sweet Potato Chips,Line B,2022-10-22 00:00:00,Oct-2022,Divya N.,24993.0,10000,FAIL,463.0,500,PASS,1.0,10,PASS,FAIL,Suresh B.
MCR-0183,BCH-2022-0183,Masala Peanuts,Line C,2022-10-24 00:00:00,Oct-2022,Suresh B.,37184.0,10000,FAIL,4969.0,500,FAIL,,10,PASS,FAIL,Ramesh K.
MCR-0184,BCH-2022-0184,Tapioca Crisps,Line D,2022-10-27 00:00:00,Oct-2022,Leena D.,2615.0,10000,PASS,394.0,500,PASS,2.8,10,PASS,PASS,Priya S.
MCR-0185,BCH-2022-0185,Jackfruit Chips,Line E,2022-11-01 00:00:00,Oct-2022,Sagar A.,6678.0,10000,PASS,121.0,500,PASS,2.3,10,PASS,PASS,Anand M.
MCR-0186,BCH-2022-0186,Okra Chips,Line F,2022-11-02 00:00:00,Nov-2022,Priya S.,3626.0,10000,PASS,,500,PASS,,10,PASS,PASS,Sagar A.
MCR-0187,BCH-2022-0187,Roasted Corn,Line A,2022-11-03 00:00:00,Nov-2022,Anand M.,4378.0,10000,PASS,109.0,500,PASS,1.7,10,PASS,PASS,Divya N.
MCR-0188,BCH-2022-0188,Chickpea Snacks,Line B,2022-11-06 00:00:00,Nov-2022,Meena R.,1180.0,10000,PASS,116.0,500,PASS,4.7,10,PASS,PASS,Karthik V.
MCR-0189,BCH-2022-0189,Banana Chips,Line C,2022-11-07 00:00:00,Nov-2022,Karthik V.,3018.0,10000,PASS,127.0,500,PASS,1.5,10,PASS,PAAS,Meena R.
MCR-0190,BCH-2022-0190,Sweet Potato Chips,Line D,2022-11-08 00:00:00,Nov-2022,Divya N.,1831.0,10000,PASS,129.0,500,PASS,3.9,10,PASS,pass ,Suresh B.
MCR-0191,BCH-2022-0191,Masala Peanuts,Line E,2022-11-09 00:00:00,Nov-2022,Suresh B.,7210.0,10000,PASS,216.0,500,PASS,2.7,10,PASS,PASS,Ramesh K.
MCR-0192,BCH-2022-0192,Tapioca Crisps,Line F,2022-11-11 00:00:00,Nov-2022,Leena D.,7631.0,10000,PASS,217.0,500,PASS,6.7,10,PASS,pass ,Priya S.
MCR-0193,BCH-2022-0193,Jackfruit Chips,Line A,2022-11-12 00:00:00,Nov-2022,Sagar A.,327.0,10000,PASS,300.0,500,PASS,,10,PASS,PAAS,Anand M.
MCR-0194,BCH-2022-0194,  Okra Chips ,Line B,2022-11-15 00:00:00,Nov-2022,Priya S.,4656.0,10000,PASS,304.0,500,PASS,1.4,10,PASS,PASS,Sagar A.
MCR-0195,BCH-2022-0195,Roasted Corn,Line C,2022-11-16 00:00:00,Nov-2022,Anand M.,6406.0,10000,PASS,419.0,500,PASS,0.6,10,PASS,PASS,Divya N.
MCR-0196,BCH-2022-0196,Chickpea Snacks,Line D,2022-11-17 00:00:00,Nov-2022,Meena R.,1562.0,10000,PASS,2087.0,500,FAIL,3.9,10,PASS,FAIL,Karthik V.
MCR-0197,BCH-2022-0197,Banana Chips,Line E,2022-11-18 00:00:00,Nov-2022,Karthik V.,7894.0,10000,PASS,325.0,500,PASS,7.1,10,PASS,PASS,Meena R.
MCR-0198,BCH-2022-0198,Sweet Potato Chips,Line F,2022-11-19 00:00:00,Nov-2022,Divya N.,2446.0,10000,PASS,399.0,500,PASS,5.0,10,PASS,PASS,Suresh B.
MCR-0199,BCH-2022-0199,Masala Peanuts,Line A,2022-11-20 00:00:00,Nov-2022,Suresh B.,6476.0,10000,PASS,199.0,500,PASS,4.6,10,PASS,PASS,Ramesh K.
MCR-0200,BCH-2022-0200,Tapioca Crisps,Line B,2022-11-22 00:00:00,Nov-2022,Leena D.,769.0,10000,PASS,398.0,500,PASS,2.4,10,PASS,PASS,Priya S.
MCR-0201,BCH-2022-0201,Jackfruit Chips,Line C,2022-11-23 00:00:00,Nov-2022,Sagar A.,1141.0,10000,PASS,419.0,500,PASS,5.7,10,PASS,PAAS,Anand M.
MCR-0202,BCH-2022-0202,Okra Chips,Line D,2022-11-24 00:00:00,Nov-2022,Priya S.,7351.0,10000,PASS,125.0,500,PASS,2.6,10,PASS,PASS,Sagar A.
MCR-0203,BCH-2022-0203,Roasted Corn,Line E,2022-11-25 00:00:00,Nov-2022,Anand M.,3180.0,10000,PASS,250.0,500,PASS,6.1,10,PASS,PASS,Divya N.
MCR-0204,BCH-2022-0204,Chickpea Snacks,Line F,2022-11-26 00:00:00,Nov-2022,Meena R.,21947.0,10000,FAIL,357.0,500,PASS,,10,PASS,FAIL,Karthik V.
MCR-0205,BCH-2022-0205,Banana Chips,Line A,2022-11-27 00:00:00,Nov-2022,Karthik V.,7459.0,10000,PASS,,500,PASS,6.0,10,PASS,PASS,Meena R.
MCR-0206,BCH-2022-0206,Sweet Potato Chips,Line B,2022-11-29 00:00:00,Nov-2022,Divya N.,,10000,PASS,411.0,500,PASS,6.6,10,PASS,PASS,Suresh B.
MCR-0207,BCH-2022-0207,Masala Peanuts,Line C,2022-12-04 00:00:00,Dec-2022,Suresh B.,21226.0,10000,FAIL,37.0,500,PASS,3.9,10,PASS,FAIL,Ramesh K.
MCR-0208,BCH-2022-0208,Tapioca Crisps,Line D,2022-12-05 00:00:00,Dec-2022,Leena D.,1071.0,10000,PASS,85.0,500,PASS,6.2,10,PASS,P ASS,Priya S.
MCR-0209,BCH-2022-0209,  Jackfruit Chips ,Line E,2022-12-07 00:00:00,Dec-2022,Sagar A.,,10000,PASS,3429.0,500,FAIL,,10,PASS,FAIL,Anand M.
MCR-0210,BCH-2022-0210,Okra Chips,Line F,2022-12-08 00:00:00,Dec-2022,Priya S.,808.0,10000,PASS,157.0,500,PASS,1.2,10,PASS,PASS,Sagar A.
MCR-0211,BCH-2022-0211,Roasted Corn,Line A,2022-12-11 00:00:00,Dec-2022,Anand M.,3540.0,10000,PASS,217.0,500,PASS,1.0,10,PASS,PASS,Divya N.
MCR-0212,BCH-2022-0212,Chickpea Snacks,Line B,2022-12-12 00:00:00,Dec-2022,Meena R.,1139.0,10000,PASS,390.0,500,PASS,6.5,10,PASS,PASS,Karthik V.
MCR-0213,BCH-2022-0213,Banana Chips,Line C,2022-12-19 00:00:00,Dec-2022,Karthik V.,63614.0,10000,FAIL,37.0,500,PASS,6.0,10,PASS,FAIL,Meena R.
MCR-0214,BCH-2022-0214,Sweet Potato Chips,Line D,2022-12-20 00:00:00,Dec-2022,Divya N.,3351.0,10000,PASS,276.0,500,PASS,4.5,10,PASS,PAAS,Suresh B.
MCR-0215,BCH-2022-0215,Masala Peanuts,Line E,2022-12-21 00:00:00,Dec-2022,Suresh B.,4281.0,10000,PASS,230.0,500,PASS,,10,PASS,P ASS,Ramesh K.
MCR-0216,BCH-2022-0216,Tapioca Crisps,Line F,2022-12-22 00:00:00,Dec-2022,Leena D.,284.0,10000,PASS,,500,PASS,3.1,10,PASS,P ASS,Priya S.
MCR-0217,BCH-2022-0217,Jackfruit Chips,Line A,2022-12-23 00:00:00,Dec-2022,Sagar A.,7751.0,10000,PASS,241.0,500,PASS,0.3,10,PASS,PASS,Anand M.
MCR-0218,BCH-2022-0218,Okra Chips,Line B,2022-12-24 00:00:00,Dec-2022,Priya S.,6795.0,10000,PASS,287.0,500,PASS,3.8,10,PASS,PASS,Sagar A.
MCR-0219,BCH-2022-0219,Roasted Corn,Line C,2022-12-25 00:00:00,Dec-2022,Anand M.,3778.0,10000,PASS,277.0,500,PASS,1.6,10,PASS,PASS,Divya N.
MCR-0220,BCH-2022-0220,Chickpea Snacks,Line D,2022-12-26 00:00:00,Dec-2022,Meena R.,7183.0,10000,PASS,182.0,500,PASS,,10,PASS,PASS,Karthik V.
MCR-0221,BCH-2022-0221,Banana Chips,Line E,2022-12-27 00:00:00,Dec-2022,Karthik V.,47933.0,10000,FAIL,2735.0,500,FAIL,3.3,10,PASS,FAIL,Meena R.
MCR-0222,BCH-2022-0222,Sweet Potato Chips,Line F,2022-12-28 00:00:00,Dec-2022,Divya N.,13095.0,10000,FAIL,222.0,500,PASS,0.7,10,PASS,FAIL,Suresh B.
MCR-0223,BCH-2022-0223,  Masala Peanuts ,Line A,2023-01-02 00:00:00,Jan-2023,Suresh B.,6905.0,10000,PASS,334.0,500,PASS,4.7,10,PASS,PASS,Ramesh K.
MCR-0224,BCH-2022-0224,Tapioca Crisps,Line B,2023-01-03 00:00:00,Jan-2023,Leena D.,32518.0,10000,FAIL,403.0,500,PASS,5.5,10,PASS,FAIL,Priya S.
MCR-0225,BCH-2022-0225,Jackfruit Chips,Line C,2023-01-04 00:00:00,Jan-2023,Sagar A.,3787.0,10000,PASS,326.0,500,PASS,0.8,10,PASS,PASS,Anand M.
MCR-0226,BCH-2022-0226,Okra Chips,Line D,2023-01-11 00:00:00,Jan-2023,Priya S.,344.0,10000,PASS,380.0,500,PASS,4.4,10,PASS,PASS,Sagar A.
MCR-0227,BCH-2022-0227,Roasted Corn,Line E,2023-01-12 00:00:00,Jan-2023,Anand M.,6376.0,10000,PASS,296.0,500,PASS,0.9,10,PASS,PASS,Divya N.
MCR-0228,BCH-2022-0228,Chickpea Snacks,Line F,2023-01-15 00:00:00,Jan-2023,Meena R.,7777.0,10000,PASS,102.0,500,PASS,7.3,10,PASS,PASS,Karthik V.
MCR-0229,BCH-2022-0229,Banana Chips,Line A,2023-01-16 00:00:00,Jan-2023,Karthik V.,7138.0,10000,PASS,273.0,500,PASS,2.3,10,PASS,PASS,Meena R.
MCR-0230,BCH-2022-0230,Sweet Potato Chips,Line B,2023-01-18 00:00:00,Jan-2023,Divya N.,7105.0,10000,PASS,177.0,500,PASS,7.4,10,PASS,PASS,Suresh B.
MCR-0231,BCH-2022-0231,Masala Peanuts,Line C,2023-01-20 00:00:00,Jan-2023,Suresh B.,-999.0,10000,PASS,392.0,500,PASS,1.0,10,PASS,PASS,Ramesh K.
MCR-0232,BCH-2022-0232,Tapioca Crisps,Line D,2023-01-21 00:00:00,Jan-2023,Leena D.,324.0,10000,PASS,36.0,500,PASS,2.7,10,PASS,PASS,Priya S.
MCR-0233,BCH-2022-0233,Jackfruit Chips,Line E,2023-01-22 00:00:00,Jan-2023,Sagar A.,4219.0,10000,PASS,21.0,500,PASS,4.6,10,PASS,PASS,Anand M.
MCR-0234,BCH-2022-0234,Okra Chips,Line F,2023-01-23 00:00:00,Jan-2023,Priya S.,3835.0,10000,PASS,,500,PASS,6.8,10,PASS,PASS,Sagar A.
MCR-0235,BCH-2022-0235,Roasted Corn,Line A,2023-01-24 00:00:00,Jan-2023,Anand M.,8111.0,10000,PASS,433.0,500,PASS,24.0,10,FAIL,fail,Divya N.
MCR-0236,BCH-2022-0236,Chickpea Snacks,Line B,2023-01-25 00:00:00,Jan-2023,Meena R.,5873.0,10000,PASS,167.0,500,PASS,1.1,10,PASS,P ASS,Karthik V.
MCR-0237,BCH-2022-0237,  Banana Chips ,Line C,2023-01-27 00:00:00,Jan-2023,Karthik V.,6450.0,10000,PASS,85.0,500,PASS,0.8,10,PASS,PASS,Meena R.
MCR-0238,BCH-2022-0238,Sweet Potato Chips,Line D,2023-01-28 00:00:00,Jan-2023,Divya N.,,10000,PASS,149.0,500,PASS,3.9,10,PASS,PASS,Suresh B.
MCR-0239,BCH-2022-0239,Masala Peanuts,Line E,2023-01-29 00:00:00,Jan-2023,Suresh B.,750.0,10000,PASS,184.0,500,PASS,6.2,10,PASS,PASS,Ramesh K.
MCR-0240,BCH-2022-0240,Tapioca Crisps,Line F,2023-01-31 00:00:00,Jan-2023,Leena D.,5539.0,10000,PASS,385.0,500,PASS,1.3,10,PASS,PASS,Priya S.
MCR-0241,BCH-2022-0241,Jackfruit Chips,Line A,2023-02-01 00:00:00,Jan-2023,Sagar A.,1740.0,10000,PASS,207.0,500,PASS,5.1,10,PASS,PASS,Anand M.
MCR-0242,BCH-2022-0242,Okra Chips,Line B,2023-02-02 00:00:00,Feb-2023,Priya S.,2563.0,10000,PASS,27.0,500,PASS,3.5,10,PASS,PASS,Sagar A.
MCR-0243,BCH-2022-0243,  Roasted Corn ,Line C,2023-02-03 00:00:00,Feb-2023,Anand M.,5389.0,10000,PASS,173.0,500,PASS,31.4,10,FAIL,FAIL,Divya N.
MCR-0244,BCH-2022-0244,Chickpea Snacks,Line D,2023-02-04 00:00:00,Feb-2023,Meena R.,6983.0,10000,PASS,315.0,500,PASS,3.6,10,PASS,PASS,Karthik V.
MCR-0245,BCH-2022-0245,Banana Chips,Line E,2023-02-05 00:00:00,Feb-2023,Karthik V.,,10000,PASS,260.0,500,PASS,0.7,10,PASS,pass ,Meena R.
MCR-0246,BCH-2022-0246,Sweet Potato Chips,Line F,2023-02-06 00:00:00,Feb-2023,Divya N.,1854.0,10000,PASS,240.0,500,PASS,2.9,10,PASS,PASS,Suresh B.
MCR-0247,BCH-2022-0247,Masala Peanuts,Line A,2023-02-07 00:00:00,Feb-2023,Suresh B.,5547.0,10000,PASS,295.0,500,PASS,6.4,10,PASS,PASS,Ramesh K.
MCR-0248,BCH-2022-0248,Tapioca Crisps,Line B,2023-02-08 00:00:00,Feb-2023,Leena D.,7094.0,10000,PASS,32.0,500,PASS,1.8,10,PASS,PASS,Priya S.
MCR-0249,BCH-2022-0249,Jackfruit Chips,Line C,2023-02-09 00:00:00,Feb-2023,Sagar A.,2764.0,10000,PASS,272.0,500,PASS,4.8,10,PASS,PASS,Anand M.
MCR-0250,BCH-2022-0250,Okra Chips,Line D,2023-02-11 00:00:00,Feb-2023,Priya S.,3311.0,10000,PASS,349.0,500,PASS,2.9,10,PASS,PASS,Sagar A.
MCR-0251,BCH-2022-0251,Roasted Corn,Line E,2023-02-12 00:00:00,Feb-2023,Anand M.,29591.0,10000,FAIL,2298.0,500,FAIL,5.5,10,PASS,FAIL,Divya N.
MCR-0252,BCH-2022-0252,Chickpea Snacks,Line F,2023-02-17 00:00:00,Feb-2023,Meena R.,7656.0,10000,PASS,327.0,500,PASS,4.0,10,PASS,PASS,Karthik V.
MCR-0253,BCH-2022-0253,Banana Chips,Line A,2023-02-20 00:00:00,Feb-2023,Karthik V.,8487.0,10000,PASS,,500,PASS,5.5,10,PASS,PASS,Meena R.
MCR-0254,BCH-2022-0254,  Sweet Potato Chips ,Line B,2023-02-22 00:00:00,Feb-2023,Divya N.,5086.0,10000,PASS,341.0,500,PASS,5.4,10,PASS,PASS,Suresh B.
MCR-0255,BCH-2022-0255,Masala Peanuts,Line C,2023-02-23 00:00:00,Feb-2023,Suresh B.,1991.0,10000,PASS,348.0,500,PASS,2.4,10,PASS,PASS,Ramesh K.
MCR-0256,BCH-2022-0256,Tapioca Crisps,Line D,2023-02-24 00:00:00,Feb-2023,Leena D.,7562.0,10000,PASS,255.0,500,PASS,5.1,10,PASS,PASS,Priya S.
MCR-0257,BCH-2022-0257,Jackfruit Chips,Line E,2023-02-26 00:00:00,Feb-2023,Sagar A.,5267.0,10000,PASS,418.0,500,PASS,2.3,10,PASS,PASS,Anand M.
MCR-0258,BCH-2022-0258,Okra Chips,Line F,2023-02-27 00:00:00,Feb-2023,Priya S.,3013.0,10000,PASS,245.0,500,PASS,0.8,10,PASS,PAAS,Sagar A.
MCR-0259,BCH-2022-0259,Roasted Corn,Line A,2023-03-04 00:00:00,Mar-2023,Anand M.,7748.0,10000,PASS,226.0,500,PASS,6.5,10,PASS,PASS,Divya N.
MCR-0260,BCH-2022-0260,Chickpea Snacks,Line B,2023-03-05 00:00:00,Mar-2023,Meena R.,1512.0,10000,PASS,370.0,500,PASS,6.4,10,PASS,PASS,Karthik V.
MCR-0261,BCH-2022-0261,Banana Chips,Line C,2023-03-06 00:00:00,Mar-2023,Karthik V.,26664.0,10000,FAIL,3486.0,500,FAIL,2.1,10,PASS,fail,Meena R.
MCR-0262,BCH-2022-0262,Sweet Potato Chips,Line D,2023-03-08 00:00:00,Mar-2023,Divya N.,4968.0,10000,PASS,335.0,500,PASS,,10,PASS,PASS,Suresh B.
MCR-0263,BCH-2022-0263,Masala Peanuts,Line E,2023-03-13 00:00:00,Mar-2023,Suresh B.,6083.0,10000,PASS,172.0,500,PASS,0.3,10,PASS,PASS,Ramesh K.
MCR-0264,BCH-2022-0264,Tapioca Crisps,Line F,2023-03-14 00:00:00,Mar-2023,Leena D.,7044.0,10000,PASS,,500,PASS,0.1,10,PASS,PASS,Priya S.
MCR-0265,BCH-2022-0265,Jackfruit Chips,Line A,2023-03-15 00:00:00,Mar-2023,Sagar A.,2183.0,10000,PASS,63.0,500,PASS,2.3,10,PASS,PASS,Anand M.
MCR-0266,BCH-2022-0266,  Okra Chips ,Line B,2023-03-17 00:00:00,Mar-2023,Priya S.,824.0,10000,PASS,,500,PASS,1.5,10,PASS,PASS,Sagar A.
MCR-0267,BCH-2022-0267,Roasted Corn,Line C,2023-03-18 00:00:00,Mar-2023,Anand M.,4833.0,10000,PASS,276.0,500,PASS,1.8,10,PASS,PASS,Divya N.
MCR-0268,BCH-2022-0268,Chickpea Snacks,Line D,2023-03-19 00:00:00,Mar-2023,Meena R.,6486.0,10000,PASS,1392.0,500,FAIL,3.3,10,PASS,FAIL,Karthik V.
MCR-0269,BCH-2022-0269,Banana Chips,Line E,2023-03-20 00:00:00,Mar-2023,Karthik V.,3087.0,10000,PASS,62.0,500,PASS,5.5,10,PASS,PASS,Meena R.
MCR-0270,BCH-2022-0270,  Sweet Potato Chips ,Line F,2023-03-22 00:00:00,Mar-2023,Divya N.,6141.0,10000,PASS,360.0,500,PASS,2.3,10,PASS,PASS,Suresh B.
MCR-0271,BCH-2022-0271,Masala Peanuts,Line A,2023-03-23 00:00:00,Mar-2023,Suresh B.,2206.0,10000,PASS,405.0,500,PASS,4.9,10,PASS,PASS,Ramesh K.
MCR-0272,BCH-2022-0272,Tapioca Crisps,Line B,2023-03-24 00:00:00,Mar-2023,Leena D.,7893.0,10000,PASS,229.0,500,PASS,5.4,10,PASS,PASS,Priya S.
MCR-0273,BCH-2022-0273,Jackfruit Chips,Line C,2023-03-27 00:00:00,Mar-2023,Sagar A.,2974.0,10000,PASS,352.0,500,PASS,7.0,10,PASS,PASS,Anand M.
MCR-0274,BCH-2022-0274,Okra Chips,Line D,2023-03-28 00:00:00,Mar-2023,Priya S.,4374.0,10000,PASS,211.0,500,PASS,5.7,10,PASS,PASS,Sagar A.
MCR-0275,BCH-2022-0275,Roasted Corn,Line E,2023-03-29 00:00:00,Mar-2023,Anand M.,2794.0,10000,PASS,316.0,500,PASS,1.8,10,PASS,PASS,Divya N.
MCR-0276,BCH-2022-0276,Chickpea Snacks,Line F,2023-03-30 00:00:00,Mar-2023,Meena R.,7517.0,10000,PASS,79.0,500,PASS,0.3,10,PASS,PASS,Karthik V.
MCR-0277,BCH-2022-0277,Banana Chips,Line A,2023-03-31 00:00:00,Mar-2023,Karthik V.,30692.0,10000,FAIL,352.0,500,PASS,,10,PASS,FAIL,Meena R.
MCR-0278,BCH-2022-0278,Sweet Potato Chips,Line B,2023-04-07 00:00:00,Apr-2023,Divya N.,1559.0,10000,PASS,328.0,500,PASS,0.8,10,PASS,PASS,Suresh B.
MCR-0279,BCH-2022-0279,Masala Peanuts,Line C,2023-04-08 00:00:00,Apr-2023,Suresh B.,4543.0,10000,PASS,390.0,500,PASS,4.5,10,PASS,PASS,Ramesh K.
MCR-0280,BCH-2022-0280,Tapioca Crisps,Line D,2023-04-09 00:00:00,Apr-2023,Leena D.,6699.0,10000,PASS,90.0,500,PASS,1.1,10,PASS,PAAS,Priya S.
MCR-0281,BCH-2022-0281,Jackfruit Chips,Line E,2023-04-14 00:00:00,Apr-2023,Sagar A.,6109.0,10000,PASS,106.0,500,PASS,,10,PASS,PASS,Anand M.
MCR-0282,BCH-2022-0282,Okra Chips,Line F,2023-04-15 00:00:00,Apr-2023,Priya S.,-999.0,10000,PASS,180.0,500,PASS,1.3,10,PASS,PASS,Sagar A.
MCR-0283,BCH-2022-0283,Roasted Corn,Line A,2023-04-16 00:00:00,Apr-2023,Anand M.,4498.0,10000,PASS,34.0,500,PASS,1.6,10,PASS,PASS,Divya N.
MCR-0284,BCH-2022-0284,  Chickpea Snacks ,Line B,2023-04-18 00:00:00,Apr-2023,Meena R.,6778.0,10000,PASS,269.0,500,PASS,3.9,10,PASS,PASS,Karthik V.
MCR-0285,BCH-2022-0285,Banana Chips,Line C,2023-04-23 00:00:00,Apr-2023,Karthik V.,54540.0,10000,FAIL,440.0,500,PASS,1.3,10,PASS,FAIL,Meena R.
MCR-0286,BCH-2022-0286,Sweet Potato Chips,Line D,2023-04-24 00:00:00,Apr-2023,Divya N.,,10000,PASS,357.0,500,PASS,0.3,10,PASS,PASS,Suresh B.
MCR-0287,BCH-2022-0287,Masala Peanuts,Line E,2023-04-29 00:00:00,Apr-2023,Suresh B.,1356.0,10000,PASS,336.0,500,PASS,3.2,10,PASS,PASS,Ramesh K.
MCR-0288,BCH-2022-0288,Tapioca Crisps,Line F,2023-04-30 00:00:00,Apr-2023,Leena D.,4977.0,10000,PASS,274.0,500,PASS,3.6,10,PASS,PASS,Priya S.
MCR-0289,BCH-2022-0289,Jackfruit Chips,Line A,2023-05-01 00:00:00,Apr-2023,Sagar A.,5917.0,10000,PASS,126.0,500,PASS,4.4,10,PASS,PASS,Anand M.
MCR-0290,BCH-2022-0290,  Okra Chips ,Line B,2023-05-04 00:00:00,May-2023,Priya S.,-999.0,10000,PASS,234.0,500,PASS,0.2,10,PASS,pass ,Sagar A.
MCR-0291,BCH-2022-0291,  Roasted Corn ,Line C,2023-05-05 00:00:00,May-2023,Anand M.,,10000,PASS,263.0,500,PASS,5.8,10,PASS,PASS,Divya N.
MCR-0292,BCH-2022-0292,Chickpea Snacks,Line D,2023-05-07 00:00:00,May-2023,Meena R.,,10000,PASS,218.0,500,PASS,2.0,10,PASS,PASS,Karthik V.
MCR-0293,BCH-2022-0293,Banana Chips,Line E,2023-05-08 00:00:00,May-2023,Karthik V.,7949.0,10000,PASS,346.0,500,PASS,6.7,10,PASS,PASS,Meena R.
MCR-0294,BCH-2022-0294,Sweet Potato Chips,Line F,2023-05-09 00:00:00,May-2023,Divya N.,-999.0,10000,PASS,427.0,500,PASS,3.4,10,PASS,PASS,Suresh B.
MCR-0295,BCH-2022-0295,  Masala Peanuts ,Line A,2023-05-10 00:00:00,May-2023,Suresh B.,7146.0,10000,PASS,265.0,500,PASS,4.4,10,PASS,PASS,Ramesh K.
MCR-0296,BCH-2022-0296,Tapioca Crisps,Line B,2023-05-11 00:00:00,May-2023,Leena D.,1257.0,10000,PASS,161.0,500,PASS,2.4,10,PASS,PASS,Priya S.
MCR-0297,BCH-2022-0297,Jackfruit Chips,Line C,2023-05-12 00:00:00,May-2023,Sagar A.,5199.0,10000,PASS,158.0,500,PASS,6.8,10,PASS,PASS,Anand M.
MCR-0298,BCH-2022-0298,Okra Chips,Line D,2023-05-14 00:00:00,May-2023,Priya S.,2612.0,10000,PASS,198.0,500,PASS,5.7,10,PASS,PASS,Sagar A.
MCR-0299,BCH-2022-0299,Roasted Corn,Line E,2023-05-15 00:00:00,May-2023,Anand M.,19994.0,10000,FAIL,,500,PASS,6.3,10,PASS,FAIL,Divya N.
MCR-0300,BCH-2022-0300,Chickpea Snacks,Line F,2023-05-16 00:00:00,May-2023,Meena R.,4538.0,10000,PASS,226.0,500,PASS,1.5,10,PASS,PASS,Karthik V.
MCR-0301,BCH-2022-0301,  Banana Chips ,Line A,2023-05-17 00:00:00,May-2023,Karthik V.,5724.0,10000,PASS,139.0,500,PASS,4.9,10,PASS,PASS,Meena R.
MCR-0302,BCH-2022-0302,Sweet Potato Chips,Line B,2023-05-18 00:00:00,May-2023,Divya N.,1646.0,10000,PASS,90.0,500,PASS,1.6,10,PASS,PASS,Suresh B.
MCR-0303,BCH-2022-0303,Masala Peanuts,Line C,2023-05-20 00:00:00,May-2023,Suresh B.,5360.0,10000,PASS,21.0,500,PASS,2.4,10,PASS,PASS,Ramesh K.
MCR-0304,BCH-2022-0304,Tapioca Crisps,Line D,2023-05-21 00:00:00,May-2023,Leena D.,5716.0,10000,PASS,395.0,500,PASS,5.7,10,PASS,PASS,Priya S.
MCR-0305,BCH-2022-0305,Jackfruit Chips,Line E,2023-05-22 00:00:00,May-2023,Sagar A.,7547.0,10000,PASS,274.0,500,PASS,4.2,10,PASS,PASS,Anand M.
MCR-0306,BCH-2022-0306,Okra Chips,Line F,2023-05-23 00:00:00,May-2023,Priya S.,3631.0,10000,PASS,72.0,500,PASS,4.5,10,PASS,PASS,Sagar A.
MCR-0307,BCH-2022-0307,Roasted Corn,Line A,2023-05-24 00:00:00,May-2023,Anand M.,19271.0,10000,FAIL,3605.0,500,FAIL,0.5,10,PASS,FAIL,Divya N.
MCR-0308,BCH-2022-0308,Chickpea Snacks,Line B,2023-05-25 00:00:00,May-2023,Meena R.,8291.0,10000,PASS,286.0,500,PASS,6.4,10,PASS,PASS,Karthik V.
MCR-0309,BCH-2022-0309,Banana Chips,Line C,2023-05-26 00:00:00,May-2023,Karthik V.,1182.0,10000,PASS,61.0,500,PASS,5.8,10,PASS,PASSS,Meena R.
MCR-0310,BCH-2022-0310,Sweet Potato Chips,Line D,2023-05-29 00:00:00,May-2023,Divya N.,2321.0,10000,PASS,3102.0,500,FAIL,3.5,10,PASS,FAIL,Suresh B.
MCR-0311,BCH-2022-0311,Masala Peanuts,Line E,2023-05-31 00:00:00,May-2023,Suresh B.,4262.0,10000,PASS,141.0,500,PASS,7.0,10,PASS,PASS,Ramesh K.
MCR-0312,BCH-2022-0312,Tapioca Crisps,Line F,2023-06-02 00:00:00,Jun-2023,Leena D.,4268.0,10000,PASS,483.0,500,PASS,1.6,10,PASS,PASS,Priya S.
MCR-0313,BCH-2022-0313,  Jackfruit Chips ,Line A,2023-06-05 00:00:00,Jun-2023,Sagar A.,,10000,PASS,232.0,500,PASS,88888.0,10,PASS,PASS,Anand M.
MCR-0314,BCH-2022-0314,Okra Chips,Line B,2023-06-07 00:00:00,Jun-2023,Priya S.,4307.0,10000,PASS,23.0,500,PASS,5.3,10,PASS,PASS,Sagar A.
MCR-0315,BCH-2022-0315,Roasted Corn,Line C,2023-06-08 00:00:00,Jun-2023,Anand M.,6961.0,10000,PASS,2727.0,500,FAIL,5.4,10,PASS,FAIL,Divya N.
MCR-0316,BCH-2022-0316,Chickpea Snacks,Line D,2023-06-09 00:00:00,Jun-2023,Meena R.,-999.0,10000,PASS,469.0,500,PASS,6.6,10,PASS,PASS,Karthik V.
MCR-0317,BCH-2022-0317,Banana Chips,Line E,2023-06-10 00:00:00,Jun-2023,Karthik V.,6115.0,10000,PASS,448.0,500,PASS,3.9,10,PASS,PAAS,Meena R.
MCR-0318,BCH-2022-0318,Sweet Potato Chips,Line F,2023-06-11 00:00:00,Jun-2023,Divya N.,4744.0,10000,PASS,2817.0,500,FAIL,,10,PASS,F-Line Error,Suresh B.
MCR-0319,BCH-2022-0319,Masala Peanuts,Line A,2023-06-14 00:00:00,Jun-2023,Suresh B.,3866.0,10000,PASS,2415.0,500,FAIL,,10,PASS,FAIL,Ramesh K.
MCR-0320,BCH-2022-0320,Tapioca Crisps,Line B,2023-06-15 00:00:00,Jun-2023,Leena D.,8134.0,10000,PASS,392.0,500,PASS,2.6,10,PASS,PASS,Priya S.
MCR-0321,BCH-2022-0321,Jackfruit Chips,Line C,2023-06-16 00:00:00,Jun-2023,Sagar A.,2995.0,10000,PASS,26.0,500,PASS,2.1,10,PASS,PASS,Anand M.
MCR-0322,BCH-2022-0322,Okra Chips,Line D,2023-06-17 00:00:00,Jun-2023,Priya S.,8236.0,10000,PASS,426.0,500,PASS,17.9,10,FAIL,FAIL,Sagar A.
MCR-0323,BCH-2022-0323,Roasted Corn,Line E,2023-06-18 00:00:00,Jun-2023,Anand M.,594.0,10000,PASS,203.0,500,PASS,0.9,10,PASS,PASS,Divya N.
MCR-0324,BCH-2022-0324,Chickpea Snacks,Line F,2023-06-19 00:00:00,Jun-2023,Meena R.,8252.0,10000,PASS,261.0,500,PASS,3.6,10,PASS,PASS,Karthik V.
MCR-0325,BCH-2022-0325,Banana Chips,Line A,2023-06-21 00:00:00,Jun-2023,Karthik V.,7860.0,10000,PASS,3515.0,500,FAIL,5.6,10,PASS,FAIL,Meena R.
MCR-0326,BCH-2022-0326,Sweet Potato Chips,Line B,2023-06-22 00:00:00,Jun-2023,Divya N.,12771.0,10000,FAIL,307.0,500,PASS,5.0,10,PASS,FAIL,Suresh B.
MCR-0327,BCH-2022-0327,  Masala Peanuts ,Line C,2023-06-24 00:00:00,Jun-2023,Suresh B.,1654.0,10000,PASS,,500,PASS,7.0,10,PASS,PASS,Ramesh K.
MCR-0328,BCH-2022-0328,Tapioca Crisps,Line D,2023-06-26 00:00:00,Jun-2023,Leena D.,8572.0,10000,PASS,178.0,500,PASS,26.5,10,FAIL,FAIL,Priya S.
MCR-0329,BCH-2022-0329,Jackfruit Chips,Line E,2023-06-27 00:00:00,Jun-2023,Sagar A.,2633.0,10000,PASS,49.0,500,PASS,4.3,10,PASS,PASS,Anand M.
MCR-0330,BCH-2022-0330,Okra Chips,Line F,2023-06-28 00:00:00,Jun-2023,Priya S.,-999.0,10000,PASS,139.0,500,PASS,,10,PASS,PASS,Sagar A.
MCR-0331,BCH-2022-0331,Roasted Corn,Line A,2023-06-29 00:00:00,Jun-2023,Anand M.,7029.0,10000,PASS,247.0,500,PASS,7.2,10,PASS,PASS,Divya N.
MCR-0332,BCH-2022-0332,  Chickpea Snacks ,Line B,2023-07-01 00:00:00,Jun-2023,Meena R.,9418.0,10000,PASS,195.0,500,PASS,2.1,10,PASS,PASSS,Karthik V.
MCR-0333,BCH-2022-0333,Banana Chips,Line C,2023-07-02 00:00:00,Jul-2023,Karthik V.,,10000,PASS,56.0,500,PASS,4.4,10,PASS,PASSS,Meena R.
MCR-0334,BCH-2022-0334,  Sweet Potato Chips ,Line D,2023-07-03 00:00:00,Jul-2023,Divya N.,5633.0,10000,PASS,373.0,500,PASS,2.5,10,PASS,PASS,Suresh B.
MCR-0335,BCH-2022-0335,  Masala Peanuts ,Line E,2023-07-04 00:00:00,Jul-2023,Suresh B.,,10000,PASS,468.0,500,PASS,6.9,10,PASS,PASS,Ramesh K.
MCR-0336,BCH-2022-0336,Tapioca Crisps,Line F,2023-07-09 00:00:00,Jul-2023,Leena D.,,10000,PASS,141.0,500,PASS,2.1,10,PASS,PASS,Priya S.
MCR-0337,BCH-2022-0337,Jackfruit Chips,Line A,2023-07-11 00:00:00,Jul-2023,Sagar A.,7780.0,10000,PASS,78.0,500,PASS,1.6,10,PASS,PASS,Anand M.
MCR-0338,BCH-2022-0338,Okra Chips,Line B,2023-07-12 00:00:00,Jul-2023,Priya S.,3525.0,10000,PASS,311.0,500,PASS,,10,PASS,P ASS,Sagar A.
MCR-0339,BCH-2022-0339,  Roasted Corn ,Line C,2023-07-14 00:00:00,Jul-2023,Anand M.,988.0,10000,PASS,334.0,500,PASS,2.0,10,PASS,PASS,Divya N.
MCR-0340,BCH-2022-0340,Chickpea Snacks,Line D,2023-07-16 00:00:00,Jul-2023,Meena R.,2079.0,10000,PASS,216.0,500,PASS,7.5,10,PASS,PASS,Karthik V.
MCR-0341,BCH-2022-0341,Banana Chips,Line E,2023-07-17 00:00:00,Jul-2023,Karthik V.,4648.0,10000,PASS,488.0,500,PASS,7.1,10,PASS,PASS,Meena R.
MCR-0342,BCH-2022-0342,Sweet Potato Chips,Line F,2023-07-20 00:00:00,Jul-2023,Divya N.,3083.0,10000,PASS,221.0,500,PASS,88888.0,10,PASS,PASS,Suresh B.
MCR-0343,BCH-2022-0343,Masala Peanuts,Line A,2023-07-21 00:00:00,Jul-2023,Suresh B.,1936.0,10000,PASS,8.0,500,PASS,4.1,10,PASS,PASS,Ramesh K.
MCR-0344,BCH-2022-0344,Tapioca Crisps,Line B,2023-07-23 00:00:00,Jul-2023,Leena D.,5418.0,10000,PASS,220.0,500,PASS,6.3,10,PASS,PASS,Priya S.
MCR-0345,BCH-2022-0345,Jackfruit Chips,Line C,2023-07-24 00:00:00,Jul-2023,Sagar A.,6300.0,10000,PASS,240.0,500,PASS,5.1,10,PASS,PASS,Anand M.
MCR-0346,BCH-2022-0346,Okra Chips,Line D,2023-07-25 00:00:00,Jul-2023,Priya S.,4983.0,10000,PASS,259.0,500,PASS,4.9,10,PASS,PASS,Sagar A.
MCR-0347,BCH-2022-0347,Roasted Corn,Line E,2023-07-26 00:00:00,Jul-2023,Anand M.,8316.0,10000,PASS,418.0,500,PASS,1.3,10,PASS,PASS,Divya N.
MCR-0348,BCH-2022-0348,Chickpea Snacks,Line F,2023-07-27 00:00:00,Jul-2023,Meena R.,,10000,PASS,222.0,500,PASS,2.2,10,PASS,PASS,Karthik V.
MCR-0349,BCH-2022-0349,Banana Chips,Line A,2023-07-29 00:00:00,Jul-2023,Karthik V.,8163.0,10000,PASS,2225.0,500,FAIL,3.8,10,PASS,FAIL,Meena R.
MCR-0350,BCH-2022-0350,Sweet Potato Chips,Line B,2023-07-30 00:00:00,Jul-2023,Divya N.,5960.0,10000,PASS,320.0,500,PASS,4.6,10,PASS,PASSS,Suresh B.
MCR-0351,BCH-2022-0351,Masala Peanuts,Line C,2023-07-31 00:00:00,Jul-2023,Suresh B.,3636.0,10000,PASS,233.0,500,PASS,1.0,10,PASS,PASS,Ramesh K.
MCR-0352,BCH-2022-0352,Tapioca Crisps,Line D,2023-08-01 00:00:00,Jul-2023,Leena D.,7068.0,10000,PASS,485.0,500,PASS,5.9,10,PASS,PASS,Priya S.
MCR-0353,BCH-2022-0353,Jackfruit Chips,Line E,2023-08-02 00:00:00,Aug-2023,Sagar A.,2858.0,10000,PASS,418.0,500,PASS,5.3,10,PASS,PASS,Anand M.
MCR-0354,BCH-2022-0354,Okra Chips,Line F,2023-08-03 00:00:00,Aug-2023,Priya S.,537.0,10000,PASS,271.0,500,PASS,5.5,10,PASS,P ASS,Sagar A.
MCR-0355,BCH-2022-0355,Roasted Corn,Line A,2023-08-04 00:00:00,Aug-2023,Anand M.,-999.0,10000,PASS,26.0,500,PASS,0.6,10,PASS,PASS,Divya N.
MCR-0356,BCH-2022-0356,Chickpea Snacks,Line B,2023-08-06 00:00:00,Aug-2023,Meena R.,375.0,10000,PASS,172.0,500,PASS,5.1,10,PASS,PASS,Karthik V.
MCR-0357,BCH-2022-0357,Banana Chips,Line C,2023-08-07 00:00:00,Aug-2023,Karthik V.,,10000,PASS,92.0,500,PASS,7.2,10,PASS,PASS,Meena R.
MCR-0358,BCH-2022-0358,Sweet Potato Chips,Line D,2023-08-08 00:00:00,Aug-2023,Divya N.,36169.0,10000,FAIL,3166.0,500,FAIL,,10,PASS,FAIL,Suresh B.
MCR-0359,BCH-2022-0359,Masala Peanuts,Line E,2023-08-09 00:00:00,Aug-2023,Suresh B.,6483.0,10000,PASS,356.0,500,PASS,,10,PASS,P ASS,Ramesh K.
MCR-0360,BCH-2022-0360,Tapioca Crisps,Line F,2023-08-11 00:00:00,Aug-2023,Leena D.,7315.0,10000,PASS,47.0,500,PASS,4.3,10,PASS,PASS,Priya S.
MCR-0361,BCH-2022-0361,Jackfruit Chips,Line A,2023-08-12 00:00:00,Aug-2023,Sagar A.,6630.0,10000,PASS,222.0,500,PASS,3.4,10,PASS,PASS,Anand M.
MCR-0362,BCH-2022-0362,Okra Chips,Line B,2023-08-13 00:00:00,Aug-2023,Priya S.,9757.0,10000,PASS,130.0,500,PASS,6.0,10,PASS,PASS,Sagar A.
MCR-0363,BCH-2022-0363,Roasted Corn,Line C,2023-08-14 00:00:00,Aug-2023,Anand M.,7149.0,10000,PASS,20.0,500,PASS,0.2,10,PASS,PASS,Divya N.
MCR-0364,BCH-2022-0364,Chickpea Snacks,Line D,2023-08-15 00:00:00,Aug-2023,Meena R.,9500.0,10000,PASS,63.0,500,PASS,2.2,10,PASS,PASS,Karthik V.
MCR-0365,BCH-2022-0365,Banana Chips,Line E,2023-08-16 00:00:00,Aug-2023,Karthik V.,1190.0,10000,PASS,230.0,500,PASS,4.3,10,PASS,PASS,Meena R.
MCR-0366,BCH-2022-0366,Sweet Potato Chips,Line F,2023-08-17 00:00:00,Aug-2023,Divya N.,6879.0,10000,PASS,292.0,500,PASS,6.7,10,PASS,PASS,Suresh B.
MCR-0367,BCH-2022-0367,  Masala Peanuts ,Line A,2023-08-18 00:00:00,Aug-2023,Suresh B.,6353.0,10000,PASS,219.0,500,PASS,3.6,10,PASS,PASS,Ramesh K.
MCR-0368,BCH-2022-0368,Tapioca Crisps,Line B,2023-08-19 00:00:00,Aug-2023,Leena D.,7663.0,10000,PASS,1006.0,500,FAIL,0.3,10,PASS,FAIL,Priya S.
MCR-0369,BCH-2022-0369,  Jackfruit Chips ,Line C,2023-08-20 00:00:00,Aug-2023,Sagar A.,6547.0,10000,PASS,206.0,500,PASS,3.6,10,PASS,pass ,Anand M.
MCR-0370,BCH-2022-0370,Okra Chips,Line D,2023-08-21 00:00:00,Aug-2023,Priya S.,2120.0,10000,PASS,358.0,500,PASS,6.3,10,PASS,PASS,Sagar A.
MCR-0371,BCH-2022-0371,  Roasted Corn ,Line E,2023-08-22 00:00:00,Aug-2023,Anand M.,9425.0,10000,PASS,205.0,500,PASS,2.6,10,PASS,PASS,Divya N.
MCR-0372,BCH-2022-0372,Chickpea Snacks,Line F,2023-08-23 00:00:00,Aug-2023,Meena R.,,10000,FAIL,272.0,500,PASS,6.6,10,PASS,FAILL,Karthik V.
MCR-0373,BCH-2022-0373,Banana Chips,Line A,2023-08-24 00:00:00,Aug-2023,Karthik V.,8365.0,10000,PASS,9.0,500,PASS,0.9,10,PASS,PASS,Meena R.
MCR-0374,BCH-2022-0374,Sweet Potato Chips,Line B,2023-08-26 00:00:00,Aug-2023,Divya N.,1167.0,10000,PASS,210.0,500,PASS,5.4,10,PASS,PASS,Suresh B.
MCR-0375,BCH-2022-0375,Masala Peanuts,Line C,2023-08-29 00:00:00,Aug-2023,Suresh B.,4836.0,10000,PASS,4843.0,500,FAIL,2.9,10,PASS,FAIL,Ramesh K.
MCR-0376,BCH-2022-0376,Tapioca Crisps,Line D,2023-09-01 00:00:00,Aug-2023,Leena D.,4142.0,10000,PASS,433.0,500,PASS,3.1,10,PASS,PASS,Priya S.
MCR-0377,BCH-2022-0377,Jackfruit Chips,Line E,2023-09-03 00:00:00,Sep-2023,Sagar A.,1931.0,10000,PASS,114.0,500,PASS,6.6,10,PASS,PASS,Anand M.
MCR-0378,BCH-2022-0378,Okra Chips,Line F,2023-09-04 00:00:00,Sep-2023,Priya S.,,10000,PASS,256.0,500,PASS,1.9,10,PASS,PASS,Sagar A.
MCR-0379,BCH-2022-0379,Roasted Corn,Line A,2023-09-05 00:00:00,Sep-2023,Anand M.,8646.0,10000,PASS,471.0,500,PASS,6.6,10,PASS,PASS,Divya N.
MCR-0380,BCH-2022-0380,Chickpea Snacks,Line B,2023-09-06 00:00:00,Sep-2023,Meena R.,9349.0,10000,PASS,168.0,500,PASS,2.2,10,PASS,PASS,Karthik V.
MCR-0381,BCH-2022-0381,Banana Chips,Line C,2023-09-07 00:00:00,Sep-2023,Karthik V.,8813.0,10000,PASS,409.0,500,PASS,3.3,10,PASS,PASS,Meena R.
MCR-0382,BCH-2022-0382,Sweet Potato Chips,Line D,2023-09-10 00:00:00,Sep-2023,Divya N.,1319.0,10000,PASS,124.0,500,PASS,4.4,10,PASS,PASS,Suresh B.
MCR-0383,BCH-2022-0383,Masala Peanuts,Line E,2023-09-13 00:00:00,Sep-2023,Suresh B.,1939.0,10000,PASS,58.0,500,PASS,7.2,10,PASS,PASS,Ramesh K.
MCR-0384,BCH-2022-0384,Tapioca Crisps,Line F,2023-09-14 00:00:00,Sep-2023,Leena D.,2592.0,10000,PASS,110.0,500,PASS,2.1,10,PASS,PASS,Priya S.
MCR-0385,BCH-2022-0385,Jackfruit Chips,Line A,2023-09-15 00:00:00,Sep-2023,Sagar A.,43833.0,10000,FAIL,306.0,500,PASS,7.4,10,PASS,F-Line Error,Anand M.
MCR-0386,BCH-2022-0386,Okra Chips,Line B,2023-09-16 00:00:00,Sep-2023,Priya S.,8192.0,10000,PASS,339.0,500,PASS,5.5,10,PASS,PASS,Sagar A.
MCR-0387,BCH-2022-0387,Roasted Corn,Line C,2023-09-21 00:00:00,Sep-2023,Anand M.,7954.0,10000,PASS,213.0,500,PASS,3.8,10,PASS,PASS,Divya N.
MCR-0388,BCH-2022-0388,  Chickpea Snacks ,Line D,2023-09-22 00:00:00,Sep-2023,Meena R.,2482.0,10000,PASS,127.0,500,PASS,4.6,10,PASS,PASS,Karthik V.
MCR-0389,BCH-2022-0389,Banana Chips,Line E,2023-09-23 00:00:00,Sep-2023,Karthik V.,1159.0,10000,PASS,62.0,500,PASS,1.1,10,PASS,PASS,Meena R.
MCR-0390,BCH-2022-0390,Sweet Potato Chips,Line F,2023-09-25 00:00:00,Sep-2023,Divya N.,7319.0,10000,PASS,198.0,500,PASS,0.7,10,PASS,PASS,Suresh B.
MCR-0391,BCH-2022-0391,  Masala Peanuts ,Line A,2023-09-28 00:00:00,Sep-2023,Suresh B.,1271.0,10000,PASS,52.0,500,PASS,0.8,10,PASS,PASS,Ramesh K.
MCR-0392,BCH-2022-0392,Tapioca Crisps,Line B,2023-09-30 00:00:00,Sep-2023,Leena D.,2819.0,10000,PASS,255.0,500,PASS,5.0,10,PASS,PASS,Priya S.
MCR-0393,BCH-2022-0393,Jackfruit Chips,Line C,2023-10-01 00:00:00,Sep-2023,Sagar A.,6903.0,10000,PASS,22.0,500,PASS,6.9,10,PASS,PASS,Anand M.
MCR-0394,BCH-2022-0394,Okra Chips,Line D,2023-10-02 00:00:00,Oct-2023,Priya S.,932.0,10000,PASS,113.0,500,PASS,4.3,10,PASS,PASS,Sagar A.
MCR-0395,BCH-2022-0395,Roasted Corn,Line E,2023-10-03 00:00:00,Oct-2023,Anand M.,1039.0,10000,PASS,53.0,500,PASS,1.6,10,PASS,PASS,Divya N.
MCR-0396,BCH-2022-0396,Chickpea Snacks,Line F,2023-10-04 00:00:00,Oct-2023,Meena R.,1451.0,10000,PASS,392.0,500,PASS,2.4,10,PASS,PASS,Karthik V.
MCR-0397,BCH-2022-0397,Banana Chips,Line A,2023-10-05 00:00:00,Oct-2023,Karthik V.,6870.0,10000,PASS,195.0,500,PASS,3.7,10,PASS,PASS,Meena R.
MCR-0398,BCH-2022-0398,Sweet Potato Chips,Line B,2023-10-06 00:00:00,Oct-2023,Divya N.,6059.0,10000,PASS,248.0,500,PASS,1.8,10,PASS,PASS,Suresh B.
MCR-0399,BCH-2022-0399,Masala Peanuts,Line C,2023-10-07 00:00:00,Oct-2023,Suresh B.,2718.0,10000,PASS,270.0,500,PASS,6.3,10,PASS,PASS,Ramesh K.
MCR-0400,BCH-2022-0400,Tapioca Crisps,Line D,2023-10-08 00:00:00,Oct-2023,Leena D.,57716.0,10000,FAIL,301.0,500,PASS,,10,PASS,FAILL,Priya S.
MCR-0401,BCH-2022-0401,  Jackfruit Chips ,Line E,2023-10-10 00:00:00,Oct-2023,Sagar A.,5156.0,10000,PASS,,500,PASS,7.0,10,PASS,PASS,Anand M.
MCR-0402,BCH-2022-0402,Okra Chips,Line F,2023-10-11 00:00:00,Oct-2023,Priya S.,721.0,10000,PASS,200.0,500,PASS,1.1,10,PASS,PASS,Sagar A.
MCR-0403,BCH-2022-0403,Roasted Corn,Line A,2023-10-12 00:00:00,Oct-2023,Anand M.,1661.0,10000,PASS,91.0,500,PASS,,10,PASS,P ASS,Divya N.
MCR-0404,BCH-2022-0404,Chickpea Snacks,Line B,2023-10-13 00:00:00,Oct-2023,Meena R.,2345.0,10000,PASS,39.0,500,PASS,4.0,10,PASS,PASS,Karthik V.
MCR-0405,BCH-2022-0405,Banana Chips,Line C,2023-10-14 00:00:00,Oct-2023,Karthik V.,813.0,10000,PASS,98.0,500,PASS,2.9,10,PASS,PASS,Meena R.
MCR-0406,BCH-2022-0406,Sweet Potato Chips,Line D,2023-10-15 00:00:00,Oct-2023,Divya N.,3423.0,10000,PASS,146.0,500,PASS,6.7,10,PASS,PASS,Suresh B.
MCR-0407,BCH-2022-0407,Masala Peanuts,Line E,2023-10-16 00:00:00,Oct-2023,Suresh B.,5575.0,10000,PASS,135.0,500,PASS,6.8,10,PASS,PASS,Ramesh K.
MCR-0408,BCH-2022-0408,Tapioca Crisps,Line F,2023-10-17 00:00:00,Oct-2023,Leena D.,,10000,PASS,12.0,500,PASS,2.3,10,PASS,PASS,Priya S.
MCR-0409,BCH-2022-0409,Jackfruit Chips,Line A,2023-10-20 00:00:00,Oct-2023,Sagar A.,7596.0,10000,PASS,4258.0,500,FAIL,6.2,10,PASS,FAIL,Anand M.
MCR-0410,BCH-2022-0410,Okra Chips,Line B,2023-10-21 00:00:00,Oct-2023,Priya S.,4560.0,10000,PASS,94.0,500,PASS,3.4,10,PASS,PASS,Sagar A.
MCR-0411,BCH-2022-0411,Roasted Corn,Line C,2023-10-22 00:00:00,Oct-2023,Anand M.,1099.0,10000,PASS,23.0,500,PASS,3.2,10,PASS,P ASS,Divya N.
MCR-0412,BCH-2022-0412,Chickpea Snacks,Line D,2023-10-27 00:00:00,Oct-2023,Meena R.,6012.0,10000,PASS,11.0,500,PASS,,10,PASS,PASS,Karthik V.
MCR-0413,BCH-2022-0413,Banana Chips,Line E,2023-10-28 00:00:00,Oct-2023,Karthik V.,3043.0,10000,PASS,386.0,500,PASS,3.9,10,PASS,PASS,Meena R.
MCR-0414,BCH-2022-0414,Sweet Potato Chips,Line F,2023-10-29 00:00:00,Oct-2023,Divya N.,687.0,10000,PASS,395.0,500,PASS,4.6,10,PASS,PASS,Suresh B.
MCR-0415,BCH-2022-0415,Masala Peanuts,Line A,2023-10-30 00:00:00,Oct-2023,Suresh B.,4966.0,10000,PASS,76.0,500,PASS,1.3,10,PASS,PASS,Ramesh K.
MCR-0416,BCH-2022-0416,Tapioca Crisps,Line B,2023-10-31 00:00:00,Oct-2023,Leena D.,8399.0,10000,PASS,254.0,500,PASS,2.8,10,PASS,PAAS,Priya S.
MCR-0417,BCH-2022-0417,Jackfruit Chips,Line C,2023-11-01 00:00:00,Oct-2023,Sagar A.,7456.0,10000,PASS,150.0,500,PASS,7.3,10,PASS,PASS,Anand M.
MCR-0418,BCH-2022-0418,Okra Chips,Line D,2023-11-03 00:00:00,Nov-2023,Priya S.,3791.0,10000,PASS,21.0,500,PASS,1.3,10,PASS,PASS,Sagar A.
MCR-0419,BCH-2022-0419,Roasted Corn,Line E,2023-11-04 00:00:00,Nov-2023,Anand M.,8029.0,10000,PASS,7.0,500,PASS,4.2,10,PASS,PASS,Divya N.
MCR-0420,BCH-2022-0420,Chickpea Snacks,Line F,2023-11-06 00:00:00,Nov-2023,Meena R.,6116.0,10000,PASS,141.0,500,PASS,5.6,10,PASS,PASS,Karthik V.
MCR-0421,BCH-2023-0421,Banana Chips,Line A,2023-11-09 00:00:00,Nov-2023,Karthik V.,11135.0,10000,FAIL,169.0,500,PASS,2.3,10,PASS,FAIL,Meena R.
MCR-0422,BCH-2023-0422,Sweet Potato Chips,Line B,2023-11-11 00:00:00,Nov-2023,Divya N.,2357.0,10000,PASS,282.0,500,PASS,1.9,10,PASS,PASS,Suresh B.
MCR-0423,BCH-2023-0423,Masala Peanuts,Line C,2023-11-12 00:00:00,Nov-2023,Suresh B.,6028.0,10000,PASS,398.0,500,PASS,4.6,10,PASS,PASS,Ramesh K.
MCR-0424,BCH-2023-0424,Tapioca Crisps,Line D,2023-11-14 00:00:00,Nov-2023,Leena D.,1332.0,10000,PASS,84.0,500,PASS,2.9,10,PASS,PASS,Priya S.
MCR-0425,BCH-2023-0425,Jackfruit Chips,Line E,2023-11-15 00:00:00,Nov-2023,Sagar A.,958.0,10000,PASS,126.0,500,PASS,1.0,10,PASS,PASS,Anand M.
MCR-0426,BCH-2023-0426,Okra Chips,Line F,2023-11-16 00:00:00,Nov-2023,Priya S.,3226.0,10000,PASS,272.0,500,PASS,4.2,10,PASS,pass ,Sagar A.
MCR-0427,BCH-2023-0427,  Roasted Corn ,Line A,2023-11-19 00:00:00,Nov-2023,Anand M.,1421.0,10000,PASS,58.0,500,PASS,2.6,10,PASS,PASS,Divya N.
MCR-0428,BCH-2023-0428,Chickpea Snacks,Line B,2023-11-20 00:00:00,Nov-2023,Meena R.,7182.0,10000,PASS,396.0,500,PASS,4.5,10,PASS,PASS,Karthik V.
MCR-0429,BCH-2023-0429,Banana Chips,Line C,2023-11-21 00:00:00,Nov-2023,Karthik V.,7267.0,10000,PASS,427.0,500,PASS,7.1,10,PASS,pass ,Meena R.
MCR-0430,BCH-2023-0430,Sweet Potato Chips,Line D,2023-11-22 00:00:00,Nov-2023,Divya N.,8237.0,10000,PASS,163.0,500,PASS,0.7,10,PASS,PASS,Suresh B.
MCR-0431,BCH-2023-0431,Masala Peanuts,Line E,2023-11-23 00:00:00,Nov-2023,Suresh B.,22443.0,10000,FAIL,337.0,500,PASS,2.5,10,PASS,FAIL,Ramesh K.
MCR-0432,BCH-2023-0432,Tapioca Crisps,Line F,2023-11-26 00:00:00,Nov-2023,Leena D.,2825.0,10000,PASS,55.0,500,PASS,3.7,10,PASS,PASS,Priya S.
MCR-0433,BCH-2023-0433,Jackfruit Chips,Line A,2023-11-28 00:00:00,Nov-2023,Sagar A.,7032.0,10000,PASS,62.0,500,PASS,3.3,10,PASS,PASS,Anand M.
MCR-0434,BCH-2023-0434,  Okra Chips ,Line B,2023-11-29 00:00:00,Nov-2023,Priya S.,3177.0,10000,PASS,427.0,500,PASS,4.8,10,PASS,PASS,Sagar A.
MCR-0435,BCH-2023-0435,Roasted Corn,Line C,2023-12-02 00:00:00,Dec-2023,Anand M.,7891.0,10000,PASS,248.0,500,PASS,6.1,10,PASS,PASS,Divya N.
MCR-0436,BCH-2023-0436,Chickpea Snacks,Line D,2023-12-05 00:00:00,Dec-2023,Meena R.,4178.0,10000,PASS,267.0,500,PASS,7.0,10,PASS,PASS,Karthik V.
MCR-0437,BCH-2023-0437,Banana Chips,Line E,2023-12-06 00:00:00,Dec-2023,Karthik V.,3685.0,10000,PASS,295.0,500,PASS,7.4,10,PASS,pass ,Meena R.
MCR-0438,BCH-2023-0438,Sweet Potato Chips,Line F,2023-12-07 00:00:00,Dec-2023,Divya N.,1238.0,10000,PASS,1773.0,500,FAIL,3.2,10,PASS,FAIL,Suresh B.
MCR-0439,BCH-2023-0439,Masala Peanuts,Line A,2023-12-10 00:00:00,Dec-2023,Suresh B.,17259.0,10000,FAIL,333.0,500,PASS,3.9,10,PASS,FAIL,Ramesh K.
MCR-0440,BCH-2023-0440,Tapioca Crisps,Line B,2023-12-11 00:00:00,Dec-2023,Leena D.,6425.0,10000,PASS,190.0,500,PASS,,10,PASS,PASS,Priya S.
MCR-0441,BCH-2023-0441,Jackfruit Chips,Line C,2023-12-12 00:00:00,Dec-2023,Sagar A.,7706.0,10000,PASS,181.0,500,PASS,4.1,10,PASS,PASS,Anand M.
MCR-0442,BCH-2023-0442,Okra Chips,Line D,2023-12-13 00:00:00,Dec-2023,Priya S.,3009.0,10000,PASS,80.0,500,PASS,3.1,10,PASS,PASS,Sagar A.
MCR-0443,BCH-2023-0443,Roasted Corn,Line E,2023-12-15 00:00:00,Dec-2023,Anand M.,224.0,10000,PASS,409.0,500,PASS,6.9,10,PASS,PASS,Divya N.
MCR-0444,BCH-2023-0444,Chickpea Snacks,Line F,2023-12-17 00:00:00,Dec-2023,Meena R.,3640.0,10000,PASS,426.0,500,PASS,2.5,10,PASS,PASS,Karthik V.
MCR-0445,BCH-2023-0445,Banana Chips,Line A,2023-12-18 00:00:00,Dec-2023,Karthik V.,1165.0,10000,PASS,375.0,500,PASS,7.0,10,PASS,PASS,Meena R.
MCR-0446,BCH-2023-0446,Sweet Potato Chips,Line B,2023-12-19 00:00:00,Dec-2023,Divya N.,49684.0,10000,FAIL,478.0,500,PASS,4.5,10,PASS,FAIL,Suresh B.
MCR-0447,BCH-2023-0447,Masala Peanuts,Line C,2023-12-20 00:00:00,Dec-2023,Suresh B.,1495.0,10000,PASS,,500,PASS,1.4,10,PASS,PASS,Ramesh K.
MCR-0448,BCH-2023-0448,Tapioca Crisps,Line D,2023-12-23 00:00:00,Dec-2023,Leena D.,5340.0,10000,PASS,367.0,500,PASS,0.6,10,PASS,PASS,Priya S.
MCR-0449,BCH-2023-0449,Jackfruit Chips,Line E,2023-12-24 00:00:00,Dec-2023,Sagar A.,7171.0,10000,PASS,52.0,500,PASS,1.9,10,PASS,PASS,Anand M.
MCR-0450,BCH-2023-0450,Okra Chips,Line F,2023-12-25 00:00:00,Dec-2023,Priya S.,646.0,10000,PASS,5.0,500,PASS,0.8,10,PASS,PASS,Sagar A.
MCR-0451,BCH-2023-0451,Roasted Corn,Line A,2024-01-01 00:00:00,Dec-2023,Anand M.,2476.0,10000,PASS,338.0,500,PASS,1.5,10,PASS,PASS,Divya N.
MCR-0452,BCH-2023-0452,Chickpea Snacks,Line B,2024-01-02 00:00:00,Jan-2024,Meena R.,3860.0,10000,PASS,319.0,500,PASS,0.5,10,PASS,PASS,Karthik V.
MCR-0453,BCH-2023-0453,Banana Chips,Line C,2024-01-03 00:00:00,Jan-2024,Karthik V.,6674.0,10000,PASS,245.0,500,PASS,2.9,10,PASS,PASS,Meena R.
MCR-0454,BCH-2023-0454,Sweet Potato Chips,Line D,2024-01-04 00:00:00,Jan-2024,Divya N.,1829.0,10000,PASS,164.0,500,PASS,3.0,10,PASS,PASS,Suresh B.
MCR-0455,BCH-2023-0455,Masala Peanuts,Line E,2024-01-05 00:00:00,Jan-2024,Suresh B.,1154.0,10000,PASS,200.0,500,PASS,1.0,10,PASS,PASS,Ramesh K.
MCR-0456,BCH-2023-0456,Tapioca Crisps,Line F,2024-01-06 00:00:00,Jan-2024,Leena D.,1849.0,10000,PASS,189.0,500,PASS,1.9,10,PASS,PASS,Priya S.
MCR-0457,BCH-2023-0457,Jackfruit Chips,Line A,2024-01-07 00:00:00,Jan-2024,Sagar A.,,10000,PASS,252.0,500,PASS,3.0,10,PASS,PASS,Anand M.
MCR-0458,BCH-2023-0458,Okra Chips,Line B,2024-01-08 00:00:00,Jan-2024,Priya S.,8162.0,10000,PASS,207.0,500,PASS,6.3,10,PASS,PASS,Sagar A.
MCR-0459,BCH-2023-0459,Roasted Corn,Line C,2024-01-09 00:00:00,Jan-2024,Anand M.,2122.0,10000,PASS,35.0,500,PASS,3.3,10,PASS,PASS,Divya N.
MCR-0460,BCH-2023-0460,Chickpea Snacks,Line D,2024-01-10 00:00:00,Jan-2024,Meena R.,2415.0,10000,PASS,4489.0,500,FAIL,1.4,10,PASS,FAIL,Karthik V.
MCR-0461,BCH-2023-0461,Banana Chips,Line E,2024-01-11 00:00:00,Jan-2024,Karthik V.,2617.0,10000,PASS,318.0,500,PASS,5.1,10,PASS,PASS,Meena R.
MCR-0462,BCH-2023-0462,Sweet Potato Chips,Line F,2024-01-12 00:00:00,Jan-2024,Divya N.,1001.0,10000,PASS,319.0,500,PASS,0.2,10,PASS,PASS,Suresh B.
MCR-0463,BCH-2023-0463,Masala Peanuts,Line A,2024-01-13 00:00:00,Jan-2024,Suresh B.,6088.0,10000,PASS,340.0,500,PASS,7.1,10,PASS,pass ,Ramesh K.
MCR-0464,BCH-2023-0464,Tapioca Crisps,Line B,2024-01-14 00:00:00,Jan-2024,Leena D.,2134.0,10000,PASS,424.0,500,PASS,2.9,10,PASS,PASS,Priya S.
MCR-0465,BCH-2023-0465,Jackfruit Chips,Line C,2024-01-19 00:00:00,Jan-2024,Sagar A.,822.0,10000,PASS,136.0,500,PASS,4.2,10,PASS,PASS,Anand M.
MCR-0466,BCH-2023-0466,Okra Chips,Line D,2024-01-21 00:00:00,Jan-2024,Priya S.,-999.0,10000,PASS,348.0,500,PASS,0.8,10,PASS,PASS,Sagar A.
MCR-0467,BCH-2023-0467,Roasted Corn,Line E,2024-01-22 00:00:00,Jan-2024,Anand M.,7782.0,10000,PASS,249.0,500,PASS,6.5,10,PASS,PASS,Divya N.
MCR-0468,BCH-2023-0468,Chickpea Snacks,Line F,2024-01-23 00:00:00,Jan-2024,Meena R.,6034.0,10000,PASS,232.0,500,PASS,2.3,10,PASS,PASS,Karthik V.
MCR-0469,BCH-2023-0469,Banana Chips,Line A,2024-01-25 00:00:00,Jan-2024,Karthik V.,7383.0,10000,PASS,137.0,500,PASS,0.6,10,PASS,PASS,Meena R.
MCR-0470,BCH-2023-0470,Sweet Potato Chips,Line B,2024-01-26 00:00:00,Jan-2024,Divya N.,8460.0,10000,PASS,315.0,500,PASS,2.5,10,PASS,PASS,Suresh B.
MCR-0471,BCH-2023-0471,Masala Peanuts,Line C,2024-01-27 00:00:00,Jan-2024,Suresh B.,,10000,PASS,92.0,500,PASS,3.0,10,PASS,PASS,Ramesh K.
MCR-0472,BCH-2023-0472,Tapioca Crisps,Line D,2024-01-28 00:00:00,Jan-2024,Leena D.,6156.0,10000,PASS,268.0,500,PASS,0.5,10,PASS,PASS,Priya S.
MCR-0473,BCH-2023-0473,Jackfruit Chips,Line E,2024-01-29 00:00:00,Jan-2024,Sagar A.,,10000,PASS,282.0,500,PASS,1.8,10,PASS,PASS,Anand M.
MCR-0474,BCH-2023-0474,  Okra Chips ,Line F,2024-01-30 00:00:00,Jan-2024,Priya S.,6862.0,10000,PASS,213.0,500,PASS,1.6,10,PASS,PASS,Sagar A.
MCR-0475,BCH-2023-0475,Roasted Corn,Line A,2024-01-31 00:00:00,Jan-2024,Anand M.,1920.0,10000,PASS,416.0,500,PASS,5.5,10,PASS,PASS,Divya N.
MCR-0476,BCH-2023-0476,Chickpea Snacks,Line B,2024-02-01 00:00:00,Jan-2024,Meena R.,1176.0,10000,PASS,260.0,500,PASS,,10,PASS,PASS,Karthik V.
MCR-0477,BCH-2023-0477,Banana Chips,Line C,2024-02-02 00:00:00,Feb-2024,Karthik V.,5230.0,10000,PASS,110.0,500,PASS,6.2,10,PASS,PASS,Meena R.
MCR-0478,BCH-2023-0478,Sweet Potato Chips,Line D,2024-02-03 00:00:00,Feb-2024,Divya N.,6285.0,10000,PASS,74.0,500,PASS,,10,PASS,PASS,Suresh B.
MCR-0479,BCH-2023-0479,Masala Peanuts,Line E,2024-02-04 00:00:00,Feb-2024,Suresh B.,9194.0,10000,PASS,1858.0,500,FAIL,4.0,10,PASS,FAIL,Ramesh K.
MCR-0480,BCH-2023-0480,Tapioca Crisps,Line F,2024-02-06 00:00:00,Feb-2024,Leena D.,4837.0,10000,PASS,395.0,500,PASS,3.5,10,PASS,PASS,Priya S.
MCR-0481,BCH-2023-0481,Jackfruit Chips,Line A,2024-02-09 00:00:00,Feb-2024,Sagar A.,2830.0,10000,PASS,391.0,500,PASS,5.9,10,PASS,PASS,Anand M.
MCR-0482,BCH-2023-0482,Okra Chips,Line B,2024-02-10 00:00:00,Feb-2024,Priya S.,1730.0,10000,PASS,369.0,500,PASS,6.5,10,PASS,PASS,Sagar A.
MCR-0483,BCH-2023-0483,Roasted Corn,Line C,2024-02-11 00:00:00,Feb-2024,Anand M.,6645.0,10000,PASS,215.0,500,PASS,1.6,10,PASS,PASS,Divya N.
MCR-0484,BCH-2023-0484,Chickpea Snacks,Line D,2024-02-13 00:00:00,Feb-2024,Meena R.,2680.0,10000,PASS,36.0,500,PASS,2.8,10,PASS,PASS,Karthik V.
MCR-0485,BCH-2023-0485,  Banana Chips ,Line E,2024-02-14 00:00:00,Feb-2024,Karthik V.,4358.0,10000,PASS,379.0,500,PASS,5.3,10,PASS,PASSS,Meena R.
MCR-0486,BCH-2023-0486,Sweet Potato Chips,Line F,2024-02-15 00:00:00,Feb-2024,Divya N.,6374.0,10000,PASS,336.0,500,PASS,6.7,10,PASS,PASS,Suresh B.
MCR-0487,BCH-2023-0487,Masala Peanuts,Line A,2024-02-20 00:00:00,Feb-2024,Suresh B.,,10000,PASS,215.0,500,PASS,2.2,10,PASS,P ASS,Ramesh K.
MCR-0488,BCH-2023-0488,Tapioca Crisps,Line B,2024-02-21 00:00:00,Feb-2024,Leena D.,845.0,10000,PASS,347.0,500,PASS,4.7,10,PASS,PASS,Priya S.
MCR-0489,BCH-2023-0489,Jackfruit Chips,Line C,2024-02-22 00:00:00,Feb-2024,Sagar A.,1718.0,10000,PASS,42.0,500,PASS,3.7,10,PASS,PASS,Anand M.
MCR-0490,BCH-2023-0490,  Okra Chips ,Line D,2024-02-23 00:00:00,Feb-2024,Priya S.,4129.0,10000,PASS,395.0,500,PASS,6.2,10,PASS,PAAS,Sagar A.
MCR-0491,BCH-2023-0491,Roasted Corn,Line E,2024-02-24 00:00:00,Feb-2024,Anand M.,4463.0,10000,PASS,248.0,500,PASS,3.7,10,PASS,PASS,Divya N.
MCR-0492,BCH-2023-0492,Chickpea Snacks,Line F,2024-02-25 00:00:00,Feb-2024,Meena R.,7261.0,10000,PASS,347.0,500,PASS,88888.0,10,PASS,PASS,Karthik V.
MCR-0493,BCH-2023-0493,Banana Chips,Line A,2024-02-26 00:00:00,Feb-2024,Karthik V.,8421.0,10000,PASS,1020.0,500,FAIL,7.1,10,PASS,FAIL,Meena R.
MCR-0494,BCH-2023-0494,Sweet Potato Chips,Line B,2024-03-02 00:00:00,Mar-2024,Divya N.,4537.0,10000,PASS,,500,PASS,5.1,10,PASS,PASS,Suresh B.
MCR-0495,BCH-2023-0495,Masala Peanuts,Line C,2024-03-03 00:00:00,Mar-2024,Suresh B.,5480.0,10000,PASS,5145.0,500,FAIL,0.7,10,PASS,FAIL,Ramesh K.
MCR-0496,BCH-2023-0496,Tapioca Crisps,Line D,2024-03-04 00:00:00,Mar-2024,Leena D.,617.0,10000,PASS,375.0,500,PASS,88888.0,10,PASS,pass ,Priya S.
MCR-0497,BCH-2023-0497,Jackfruit Chips,Line E,2024-03-05 00:00:00,Mar-2024,Sagar A.,7138.0,10000,PASS,,500,PASS,2.2,10,PASS,PASS,Anand M.
MCR-0498,BCH-2023-0498,Okra Chips,Line F,2024-03-07 00:00:00,Mar-2024,Priya S.,5382.0,10000,PASS,308.0,500,PASS,2.7,10,PASS,P ASS,Sagar A.
MCR-0499,BCH-2023-0499,Roasted Corn,Line A,2024-03-08 00:00:00,Mar-2024,Anand M.,5558.0,10000,PASS,186.0,500,PASS,0.7,10,PASS,PASS,Divya N.
MCR-0500,BCH-2023-0500,Chickpea Snacks,Line B,2024-03-09 00:00:00,Mar-2024,Meena R.,480.0,10000,PASS,6.0,500,PASS,4.3,10,PASS,pass ,Karthik V.
MCR-0501,BCH-2023-0501,Banana Chips,Line C,2024-03-12 00:00:00,Mar-2024,Karthik V.,5285.0,10000,PASS,429.0,500,PASS,7.1,10,PASS,PASS,Meena R.
MCR-0502,BCH-2023-0502,Sweet Potato Chips,Line D,2024-03-13 00:00:00,Mar-2024,Divya N.,1512.0,10000,PASS,421.0,500,PASS,6.4,10,PASS,PASS,Suresh B.
MCR-0503,BCH-2023-0503,Masala Peanuts,Line E,2024-03-15 00:00:00,Mar-2024,Suresh B.,7526.0,10000,PASS,,500,PASS,1.1,10,PASS,PAAS,Ramesh K.
MCR-0504,BCH-2023-0504,  Tapioca Crisps ,Line F,2024-03-16 00:00:00,Mar-2024,Leena D.,2797.0,10000,PASS,40.0,500,PASS,0.2,10,PASS,PASS,Priya S.
MCR-0505,BCH-2023-0505,Jackfruit Chips,Line A,2024-03-18 00:00:00,Mar-2024,Sagar A.,3156.0,10000,PASS,339.0,500,PASS,0.3,10,PASS,PASS,Anand M.
MCR-0506,BCH-2023-0506,Okra Chips,Line B,2024-03-19 00:00:00,Mar-2024,Priya S.,7301.0,10000,PASS,314.0,500,PASS,5.0,10,PASS,PASS,Sagar A.
MCR-0507,BCH-2023-0507,Roasted Corn,Line C,2024-03-21 00:00:00,Mar-2024,Anand M.,7306.0,10000,PASS,255.0,500,PASS,7.2,10,PASS,PASS,Divya N.
MCR-0508,BCH-2023-0508,Chickpea Snacks,Line D,2024-03-24 00:00:00,Mar-2024,Meena R.,28044.0,10000,FAIL,3323.0,500,FAIL,,10,PASS,FAIL,Karthik V.
MCR-0509,BCH-2023-0509,Banana Chips,Line E,2024-03-29 00:00:00,Mar-2024,Karthik V.,3533.0,10000,PASS,394.0,500,PASS,2.2,10,PASS,PASS,Meena R.
MCR-0510,BCH-2023-0510,Sweet Potato Chips,Line F,2024-04-03 00:00:00,Apr-2024,Divya N.,5848.0,10000,PASS,20.0,500,PASS,1.6,10,PASS,PASS,Suresh B.
MCR-0511,BCH-2023-0511,Masala Peanuts,Line A,2024-04-04 00:00:00,Apr-2024,Suresh B.,4852.0,10000,PASS,253.0,500,PASS,5.9,10,PASS,PASS,Ramesh K.
MCR-0512,BCH-2023-0512,Tapioca Crisps,Line B,2024-04-05 00:00:00,Apr-2024,Leena D.,2309.0,10000,PASS,223.0,500,PASS,6.3,10,PASS,PASS,Priya S.
MCR-0513,BCH-2023-0513,Jackfruit Chips,Line C,2024-04-08 00:00:00,Apr-2024,Sagar A.,6136.0,10000,PASS,337.0,500,PASS,0.5,10,PASS,PASS,Anand M.
MCR-0514,BCH-2023-0514,Okra Chips,Line D,2024-04-11 00:00:00,Apr-2024,Priya S.,3257.0,10000,PASS,409.0,500,PASS,4.2,10,PASS,PASS,Sagar A.
MCR-0515,BCH-2023-0515,Roasted Corn,Line E,2024-04-12 00:00:00,Apr-2024,Anand M.,,10000,PASS,336.0,500,PASS,6.3,10,PASS,PASS,Divya N.
MCR-0516,BCH-2023-0516,Chickpea Snacks,Line F,2024-04-13 00:00:00,Apr-2024,Meena R.,,10000,PASS,57.0,500,PASS,6.1,10,PASS,PASS,Karthik V.
MCR-0517,BCH-2023-0517,Banana Chips,Line A,2024-04-14 00:00:00,Apr-2024,Karthik V.,7587.0,10000,PASS,207.0,500,PASS,2.3,10,PASS,PASS,Meena R.
MCR-0518,BCH-2023-0518,Sweet Potato Chips,Line B,2024-04-15 00:00:00,Apr-2024,Divya N.,8144.0,10000,PASS,199.0,500,PASS,7.3,10,PASS,PASS,Suresh B.
MCR-0519,BCH-2023-0519,Masala Peanuts,Line C,2024-04-16 00:00:00,Apr-2024,Suresh B.,4026.0,10000,PASS,306.0,500,PASS,0.8,10,PASS,PASS,Ramesh K.
MCR-0520,BCH-2023-0520,Tapioca Crisps,Line D,2024-04-17 00:00:00,Apr-2024,Leena D.,1496.0,10000,PASS,38.0,500,PASS,6.3,10,PASS,PASS,Priya S.
MCR-0521,BCH-2023-0521,Jackfruit Chips,Line E,2024-04-18 00:00:00,Apr-2024,Sagar A.,4494.0,10000,PASS,323.0,500,PASS,2.7,10,PASS,PASS,Anand M.
MCR-0522,BCH-2023-0522,Okra Chips,Line F,2024-04-19 00:00:00,Apr-2024,Priya S.,562.0,10000,PASS,236.0,500,PASS,6.3,10,PASS,PASS,Sagar A.
MCR-0523,BCH-2023-0523,Roasted Corn,Line A,2024-04-22 00:00:00,Apr-2024,Anand M.,6509.0,10000,PASS,71.0,500,PASS,4.9,10,PASS,PAAS,Divya N.
MCR-0524,BCH-2023-0524,Chickpea Snacks,Line B,2024-04-23 00:00:00,Apr-2024,Meena R.,1391.0,10000,PASS,87.0,500,PASS,6.9,10,PASS,PASS,Karthik V.
MCR-0525,BCH-2023-0525,Banana Chips,Line C,2024-04-24 00:00:00,Apr-2024,Karthik V.,5010.0,10000,PASS,414.0,500,PASS,0.7,10,PASS,PASS,Meena R.
MCR-0526,BCH-2023-0526,  Sweet Potato Chips ,Line D,2024-04-25 00:00:00,Apr-2024,Divya N.,930.0,10000,PASS,390.0,500,PASS,2.7,10,PASS,PASS,Suresh B.
MCR-0527,BCH-2023-0527,  Masala Peanuts ,Line E,2024-04-26 00:00:00,Apr-2024,Suresh B.,382.0,10000,PASS,387.0,500,PASS,3.0,10,PASS,PASS,Ramesh K.
MCR-0528,BCH-2023-0528,Tapioca Crisps,Line F,2024-04-27 00:00:00,Apr-2024,Leena D.,2958.0,10000,PASS,217.0,500,PASS,0.4,10,PASS,PASS,Priya S.
MCR-0529,BCH-2023-0529,Jackfruit Chips,Line A,2024-04-28 00:00:00,Apr-2024,Sagar A.,1325.0,10000,PASS,322.0,500,PASS,6.8,10,PASS,PASSS,Anand M.
MCR-0530,BCH-2023-0530,Okra Chips,Line B,2024-04-29 00:00:00,Apr-2024,Priya S.,6011.0,10000,PASS,205.0,500,PASS,4.1,10,PASS,PASS,Sagar A.
MCR-0531,BCH-2023-0531,Roasted Corn,Line C,2024-04-30 00:00:00,Apr-2024,Anand M.,3523.0,10000,PASS,,500,PASS,6.7,10,PASS,PAAS,Divya N.
MCR-0532,BCH-2023-0532,Chickpea Snacks,Line D,2024-05-02 00:00:00,May-2024,Meena R.,7933.0,10000,PASS,191.0,500,PASS,3.0,10,PASS,PASS,Karthik V.
MCR-0533,BCH-2023-0533,Banana Chips,Line E,2024-05-03 00:00:00,May-2024,Karthik V.,3839.0,10000,PASS,303.0,500,PASS,0.3,10,PASS,PASS,Meena R.
MCR-0534,BCH-2023-0534,Sweet Potato Chips,Line F,2024-05-04 00:00:00,May-2024,Divya N.,-999.0,10000,PASS,155.0,500,PASS,2.4,10,PASS,pass ,Suresh B.
MCR-0535,BCH-2023-0535,Masala Peanuts,Line A,2024-05-05 00:00:00,May-2024,Suresh B.,4569.0,10000,PASS,195.0,500,PASS,3.9,10,PASS,PASS,Ramesh K.
MCR-0536,BCH-2023-0536,Tapioca Crisps,Line B,2024-05-08 00:00:00,May-2024,Leena D.,8063.0,10000,PASS,337.0,500,PASS,4.0,10,PASS,PASS,Priya S.
MCR-0537,BCH-2023-0537,Jackfruit Chips,Line C,2024-05-09 00:00:00,May-2024,Sagar A.,3264.0,10000,PASS,210.0,500,PASS,7.2,10,PASS,PASS,Anand M.
MCR-0538,BCH-2023-0538,Okra Chips,Line D,2024-05-11 00:00:00,May-2024,Priya S.,4882.0,10000,PASS,413.0,500,PASS,6.8,10,PASS,PASS,Sagar A.
MCR-0539,BCH-2023-0539,Roasted Corn,Line E,2024-05-13 00:00:00,May-2024,Anand M.,19062.0,10000,FAIL,1744.0,500,FAIL,4.0,10,PASS,FAIL,Divya N.
MCR-0540,BCH-2023-0540,  Chickpea Snacks ,Line F,2024-05-14 00:00:00,May-2024,Meena R.,3466.0,10000,PASS,319.0,500,PASS,1.1,10,PASS,PASS,Karthik V.
MCR-0541,BCH-2023-0541,Banana Chips,Line A,2024-05-15 00:00:00,May-2024,Karthik V.,6889.0,10000,PASS,203.0,500,PASS,4.4,10,PASS,PASS,Meena R.
MCR-0542,BCH-2023-0542,Sweet Potato Chips,Line B,2024-05-16 00:00:00,May-2024,Divya N.,4697.0,10000,PASS,54.0,500,PASS,1.7,10,PASS,PASS,Suresh B.
MCR-0543,BCH-2023-0543,  Masala Peanuts ,Line C,2024-05-17 00:00:00,May-2024,Suresh B.,2439.0,10000,PASS,101.0,500,PASS,5.9,10,PASS,PASS,Ramesh K.
MCR-0544,BCH-2023-0544,Tapioca Crisps,Line D,2024-05-18 00:00:00,May-2024,Leena D.,3343.0,10000,PASS,294.0,500,PASS,1.7,10,PASS,PASS,Priya S.
MCR-0545,BCH-2023-0545,Jackfruit Chips,Line E,2024-05-21 00:00:00,May-2024,Sagar A.,-999.0,10000,PASS,,500,PASS,1.0,10,PASS,PAAS,Anand M.
MCR-0546,BCH-2023-0546,Okra Chips,Line F,2024-05-22 00:00:00,May-2024,Priya S.,445.0,10000,PASS,165.0,500,PASS,2.4,10,PASS,PASS,Sagar A.
MCR-0547,BCH-2023-0547,Roasted Corn,Line A,2024-05-23 00:00:00,May-2024,Anand M.,1607.0,10000,PASS,169.0,500,PASS,3.5,10,PASS,PASS,Divya N.
MCR-0548,BCH-2023-0548,Chickpea Snacks,Line B,2024-05-24 00:00:00,May-2024,Meena R.,3384.0,10000,PASS,300.0,500,PASS,0.9,10,PASS,PASS,Karthik V.
MCR-0549,BCH-2023-0549,Banana Chips,Line C,2024-05-25 00:00:00,May-2024,Karthik V.,5275.0,10000,PASS,268.0,500,PASS,3.4,10,PASS,PASS,Meena R.
MCR-0550,BCH-2023-0550,Sweet Potato Chips,Line D,2024-05-26 00:00:00,May-2024,Divya N.,8410.0,10000,PASS,,500,PASS,0.1,10,PASS,PASS,Suresh B.
MCR-0551,BCH-2023-0551,  Masala Peanuts ,Line E,2024-05-27 00:00:00,May-2024,Suresh B.,33515.0,10000,FAIL,322.0,500,PASS,3.8,10,PASS,FAIL,Ramesh K.
MCR-0552,BCH-2023-0552,Tapioca Crisps,Line F,2024-05-29 00:00:00,May-2024,Leena D.,5121.0,10000,PASS,363.0,500,PASS,6.2,10,PASS,PASS,Priya S.
MCR-0553,BCH-2023-0553,Jackfruit Chips,Line A,2024-05-30 00:00:00,May-2024,Sagar A.,3651.0,10000,PASS,424.0,500,PASS,2.5,10,PASS,PASS,Anand M.
MCR-0554,BCH-2023-0554,Okra Chips,Line B,2024-06-01 00:00:00,May-2024,Priya S.,3039.0,10000,PASS,14.0,500,PASS,88888.0,10,PASS,PASS,Sagar A.
MCR-0555,BCH-2023-0555,Roasted Corn,Line C,2024-06-02 00:00:00,Jun-2024,Anand M.,19311.0,10000,FAIL,1460.0,500,FAIL,0.5,10,PASS,FAIL,Divya N.
MCR-0556,BCH-2023-0556,Chickpea Snacks,Line D,2024-06-03 00:00:00,Jun-2024,Meena R.,2509.0,10000,PASS,1763.0,500,FAIL,1.8,10,PASS,FAIL,Karthik V.
MCR-0557,BCH-2023-0557,Banana Chips,Line E,2024-06-04 00:00:00,Jun-2024,Karthik V.,5129.0,10000,PASS,487.0,500,PASS,3.6,10,PASS,PASS,Meena R.
MCR-0558,BCH-2023-0558,Sweet Potato Chips,Line F,2024-06-05 00:00:00,Jun-2024,Divya N.,,10000,PASS,36.0,500,PASS,0.6,10,PASS,PASSS,Suresh B.
MCR-0559,BCH-2023-0559,Masala Peanuts,Line A,2024-06-08 00:00:00,Jun-2024,Suresh B.,6219.0,10000,PASS,4303.0,500,FAIL,4.2,10,PASS,FAIL,Ramesh K.
MCR-0560,BCH-2023-0560,Tapioca Crisps,Line B,2024-06-09 00:00:00,Jun-2024,Leena D.,-999.0,10000,PASS,2931.0,500,FAIL,5.3,10,PASS,FAIL,Priya S.
MCR-0561,BCH-2023-0561,Jackfruit Chips,Line C,2024-06-10 00:00:00,Jun-2024,Sagar A.,46552.0,10000,FAIL,5039.0,500,FAIL,7.8,10,PASS,FAIL,Anand M.
MCR-0562,BCH-2023-0562,  Okra Chips ,Line D,2024-06-11 00:00:00,Jun-2024,Priya S.,748.0,10000,PASS,254.0,500,PASS,23.9,10,FAIL,FAIL,Sagar A.
MCR-0563,BCH-2023-0563,Roasted Corn,Line E,2024-06-12 00:00:00,Jun-2024,Anand M.,26254.0,10000,FAIL,663.0,500,FAIL,1.8,10,PASS,FAIL,Divya N.
MCR-0564,BCH-2023-0564,Chickpea Snacks,Line F,2024-06-17 00:00:00,Jun-2024,Meena R.,,10000,PASS,,500,PASS,5.0,10,PASS,pass ,Karthik V.
MCR-0565,BCH-2023-0565,Banana Chips,Line A,2024-06-18 00:00:00,Jun-2024,Karthik V.,52326.0,10000,FAIL,239.0,500,PASS,0.2,10,PASS,FAIL,Meena R.
MCR-0566,BCH-2023-0566,Sweet Potato Chips,Line B,2024-06-19 00:00:00,Jun-2024,Divya N.,299.0,10000,PASS,357.0,500,PASS,2.5,10,PASS,PASS,Suresh B.
MCR-0567,BCH-2023-0567,Masala Peanuts,Line C,2024-06-20 00:00:00,Jun-2024,Suresh B.,8359.0,10000,PASS,73.0,500,PASS,,10,PASS,PASS,Ramesh K.
MCR-0568,BCH-2023-0568,Tapioca Crisps,Line D,2024-06-22 00:00:00,Jun-2024,Leena D.,35015.0,10000,FAIL,1132.0,500,FAIL,0.5,10,PASS,FAILL,Priya S.
MCR-0569,BCH-2023-0569,Jackfruit Chips,Line E,2024-06-29 00:00:00,Jun-2024,Sagar A.,9611.0,10000,PASS,64.0,500,PASS,6.1,10,PASS,PASS,Anand M.
MCR-0570,BCH-2023-0570,Okra Chips,Line F,2024-07-04 00:00:00,Jul-2024,Priya S.,5018.0,10000,PASS,436.0,500,PASS,6.4,10,PASS,PASS,Sagar A.
MCR-0571,BCH-2023-0571,Roasted Corn,Line A,2024-07-07 00:00:00,Jul-2024,Anand M.,4731.0,10000,PASS,102.0,500,PASS,2.3,10,PASS,PASS,Divya N.
MCR-0572,BCH-2023-0572,Chickpea Snacks,Line B,2024-07-08 00:00:00,Jul-2024,Meena R.,4335.0,10000,PASS,280.0,500,PASS,5.7,10,PASS,PASS,Karthik V.
MCR-0573,BCH-2023-0573,Banana Chips,Line C,2024-07-11 00:00:00,Jul-2024,Karthik V.,5258.0,10000,PASS,284.0,500,PASS,1.0,10,PASS,PASS,Meena R.
MCR-0574,BCH-2023-0574,Sweet Potato Chips,Line D,2024-07-16 00:00:00,Jul-2024,Divya N.,989.0,10000,PASS,152.0,500,PASS,7.3,10,PASS,PASS,Suresh B.
MCR-0575,BCH-2023-0575,Masala Peanuts,Line E,2024-07-17 00:00:00,Jul-2024,Suresh B.,5971.0,10000,PASS,105.0,500,PASS,3.0,10,PASS,pass ,Ramesh K.
MCR-0576,BCH-2023-0576,Tapioca Crisps,Line F,2024-07-18 00:00:00,Jul-2024,Leena D.,17481.0,10000,FAIL,443.0,500,PASS,1.5,10,PASS,FAILL,Priya S.
MCR-0577,BCH-2023-0577,Jackfruit Chips,Line A,2024-07-19 00:00:00,Jul-2024,Sagar A.,444.0,10000,PASS,,500,PASS,2.0,10,PASS,PASS,Anand M.
MCR-0578,BCH-2023-0578,Okra Chips,Line B,2024-07-20 00:00:00,Jul-2024,Priya S.,5866.0,10000,PASS,10.0,500,PASS,4.0,10,PASS,PASS,Sagar A.
MCR-0579,BCH-2023-0579,Roasted Corn,Line C,2024-07-23 00:00:00,Jul-2024,Anand M.,3055.0,10000,PASS,35.0,500,PASS,5.8,10,PASS,PASS,Divya N.
MCR-0580,BCH-2023-0580,Chickpea Snacks,Line D,2024-07-25 00:00:00,Jul-2024,Meena R.,7031.0,10000,PASS,462.0,500,PASS,2.2,10,PASS,PASS,Karthik V.
MCR-0581,BCH-2023-0581,Banana Chips,Line E,2024-07-26 00:00:00,Jul-2024,Karthik V.,6258.0,10000,PASS,79.0,500,PASS,4.3,10,PASS,PAAS,Meena R.
MCR-0582,BCH-2023-0582,Sweet Potato Chips,Line F,2024-07-28 00:00:00,Jul-2024,Divya N.,8340.0,10000,PASS,92.0,500,PASS,9.5,10,PASS,PASS,Suresh B.
MCR-0583,BCH-2023-0583,Masala Peanuts,Line A,2024-07-30 00:00:00,Jul-2024,Suresh B.,2916.0,10000,PASS,180.0,500,PASS,0.9,10,PASS,PASS,Ramesh K.
MCR-0584,BCH-2023-0584,Tapioca Crisps,Line B,2024-08-01 00:00:00,Jul-2024,Leena D.,4021.0,10000,PASS,325.0,500,PASS,7.4,10,PASS,PASS,Priya S.
MCR-0585,BCH-2023-0585,Jackfruit Chips,Line C,2024-08-02 00:00:00,Aug-2024,Sagar A.,3423.0,10000,PASS,439.0,500,PASS,4.4,10,PASS,pass ,Anand M.
MCR-0586,BCH-2023-0586,Okra Chips,Line D,2024-08-03 00:00:00,Aug-2024,Priya S.,320.0,10000,PASS,396.0,500,PASS,0.4,10,PASS,PASS,Sagar A.
MCR-0587,BCH-2023-0587,Roasted Corn,Line E,2024-08-04 00:00:00,Aug-2024,Anand M.,40537.0,10000,FAIL,3341.0,500,FAIL,6.9,10,PASS,FAIL,Divya N.
MCR-0588,BCH-2023-0588,Chickpea Snacks,Line F,2024-08-05 00:00:00,Aug-2024,Meena R.,7688.0,10000,PASS,16.0,500,PASS,,10,PASS,PASS,Karthik V.
MCR-0589,BCH-2023-0589,Banana Chips,Line A,2024-08-07 00:00:00,Aug-2024,Karthik V.,6270.0,10000,PASS,903.0,500,FAIL,4.5,10,PASS,FAIL,Meena R.
MCR-0590,BCH-2023-0590,Sweet Potato Chips,Line B,2024-08-10 00:00:00,Aug-2024,Divya N.,7829.0,10000,PASS,268.0,500,PASS,0.4,10,PASS,PASS,Suresh B.
MCR-0591,BCH-2023-0591,  Masala Peanuts ,Line C,2024-08-11 00:00:00,Aug-2024,Suresh B.,29261.0,10000,FAIL,2578.0,500,FAIL,4.6,10,PASS,FAIL,Ramesh K.
MCR-0592,BCH-2023-0592,Tapioca Crisps,Line D,2024-08-12 00:00:00,Aug-2024,Leena D.,6693.0,10000,PASS,86.0,500,PASS,12.6,10,FAIL,FAIL,Priya S.
MCR-0593,BCH-2023-0593,Jackfruit Chips,Line E,2024-08-14 00:00:00,Aug-2024,Sagar A.,3162.0,10000,PASS,271.0,500,PASS,3.4,10,PASS,PASS,Anand M.
MCR-0594,BCH-2023-0594,Okra Chips,Line F,2024-08-17 00:00:00,Aug-2024,Priya S.,5594.0,10000,PASS,363.0,500,PASS,6.2,10,PASS,PASS,Sagar A.
MCR-0595,BCH-2023-0595,Roasted Corn,Line A,2024-08-18 00:00:00,Aug-2024,Anand M.,5908.0,10000,PASS,334.0,500,PASS,6.4,10,PASS,PASSS,Divya N.
MCR-0596,BCH-2023-0596,Chickpea Snacks,Line B,2024-08-23 00:00:00,Aug-2024,Meena R.,8568.0,10000,PASS,235.0,500,PASS,2.3,10,PASS,PASS,Karthik V.
MCR-0597,BCH-2023-0597,Banana Chips,Line C,2024-08-24 00:00:00,Aug-2024,Karthik V.,5566.0,10000,PASS,2900.0,500,FAIL,2.8,10,PASS,FAIL,Meena R.
MCR-0598,BCH-2023-0598,Sweet Potato Chips,Line D,2024-08-25 00:00:00,Aug-2024,Divya N.,-999.0,10000,PASS,68.0,500,PASS,1.7,10,PASS,P ASS,Suresh B.
MCR-0599,BCH-2023-0599,Masala Peanuts,Line E,2024-08-28 00:00:00,Aug-2024,Suresh B.,4838.0,10000,PASS,301.0,500,PASS,,10,PASS,P ASS,Ramesh K.
MCR-0600,BCH-2023-0600,  Tapioca Crisps ,Line F,2024-09-02 00:00:00,Sep-2024,Leena D.,,10000,FAIL,351.0,500,PASS,1.5,10,PASS,FAIL,Priya S.
MCR-0601,BCH-2023-0601,  Jackfruit Chips ,Line A,2024-09-03 00:00:00,Sep-2024,Sagar A.,17882.0,10000,FAIL,352.0,500,PASS,4.3,10,PASS,F-Line Error,Anand M.
MCR-0602,BCH-2023-0602,Okra Chips,Line B,2024-09-05 00:00:00,Sep-2024,Priya S.,5522.0,10000,PASS,101.0,500,PASS,6.3,10,PASS,PASS,Sagar A.
MCR-0603,BCH-2023-0603,Roasted Corn,Line C,2024-09-10 00:00:00,Sep-2024,Anand M.,5565.0,10000,PASS,310.0,500,PASS,5.1,10,PASS,PASS,Divya N.
MCR-0604,BCH-2023-0604,Chickpea Snacks,Line D,2024-09-11 00:00:00,Sep-2024,Meena R.,2924.0,10000,PASS,210.0,500,PASS,4.3,10,PASS,PASS,Karthik V.
MCR-0605,BCH-2023-0605,Banana Chips,Line E,2024-09-12 00:00:00,Sep-2024,Karthik V.,7032.0,10000,PASS,398.0,500,PASS,2.7,10,PASS,PASS,Meena R.
MCR-0606,BCH-2023-0606,Sweet Potato Chips,Line F,2024-09-13 00:00:00,Sep-2024,Divya N.,2769.0,10000,PASS,120.0,500,PASS,6.2,10,PASS,PASS,Suresh B.
MCR-0607,BCH-2023-0607,Masala Peanuts,Line A,2024-09-14 00:00:00,Sep-2024,Suresh B.,-999.0,10000,PASS,390.0,500,PASS,0.2,10,PASS,pass ,Ramesh K.
MCR-0608,BCH-2023-0608,Tapioca Crisps,Line B,2024-09-15 00:00:00,Sep-2024,Leena D.,2344.0,10000,PASS,307.0,500,PASS,,10,PASS,PASS,Priya S.
MCR-0609,BCH-2023-0609,  Jackfruit Chips ,Line C,2024-09-16 00:00:00,Sep-2024,Sagar A.,4652.0,10000,PASS,312.0,500,PASS,5.0,10,PASS,PASS,Anand M.
MCR-0610,BCH-2023-0610,Okra Chips,Line D,2024-09-17 00:00:00,Sep-2024,Priya S.,9222.0,10000,PASS,490.0,500,PASS,3.8,10,PASS,PASS,Sagar A.
MCR-0611,BCH-2023-0611,Roasted Corn,Line E,2024-09-18 00:00:00,Sep-2024,Anand M.,,10000,PASS,481.0,500,PASS,2.3,10,PASS,PASSS,Divya N.
MCR-0612,BCH-2023-0612,Chickpea Snacks,Line F,2024-09-20 00:00:00,Sep-2024,Meena R.,6664.0,10000,PASS,370.0,500,PASS,5.7,10,PASS,PASS,Karthik V.
MCR-0613,BCH-2023-0613,Banana Chips,Line A,2024-09-21 00:00:00,Sep-2024,Karthik V.,360.0,10000,PASS,46.0,500,PASS,2.9,10,PASS,PAAS,Meena R.
MCR-0614,BCH-2023-0614,Sweet Potato Chips,Line B,2024-09-26 00:00:00,Sep-2024,Divya N.,635.0,10000,PASS,338.0,500,PASS,2.2,10,PASS,PASS,Suresh B.
MCR-0615,BCH-2023-0615,Masala Peanuts,Line C,2024-10-03 00:00:00,Oct-2024,Suresh B.,1897.0,10000,PASS,207.0,500,PASS,0.4,10,PASS,PASS,Ramesh K.
MCR-0616,BCH-2023-0616,Tapioca Crisps,Line D,2024-10-04 00:00:00,Oct-2024,Leena D.,7916.0,10000,PASS,47.0,500,PASS,7.5,10,PASS,PASS,Priya S.
MCR-0617,BCH-2023-0617,Jackfruit Chips,Line E,2024-10-05 00:00:00,Oct-2024,Sagar A.,6998.0,10000,PASS,,500,PASS,2.9,10,PASS,PASS,Anand M.
MCR-0618,BCH-2023-0618,Okra Chips,Line F,2024-10-06 00:00:00,Oct-2024,Priya S.,8215.0,10000,PASS,349.0,500,PASS,,10,PASS,PASS,Sagar A.
MCR-0619,BCH-2023-0619,Roasted Corn,Line A,2024-10-07 00:00:00,Oct-2024,Anand M.,527.0,10000,PASS,119.0,500,PASS,12.8,10,FAIL,fail,Divya N.
MCR-0620,BCH-2023-0620,Chickpea Snacks,Line B,2024-10-08 00:00:00,Oct-2024,Meena R.,6283.0,10000,PASS,118.0,500,PASS,4.2,10,PASS,PASS,Karthik V.
MCR-0621,BCH-2023-0621,Banana Chips,Line C,2024-10-09 00:00:00,Oct-2024,Karthik V.,3565.0,10000,PASS,323.0,500,PASS,6.5,10,PASS,PASS,Meena R.
MCR-0622,BCH-2023-0622,Sweet Potato Chips,Line D,2024-10-11 00:00:00,Oct-2024,Divya N.,2396.0,10000,PASS,64.0,500,PASS,5.9,10,PASS,PASS,Suresh B.
MCR-0623,BCH-2023-0623,Masala Peanuts,Line E,2024-10-12 00:00:00,Oct-2024,Suresh B.,2682.0,10000,PASS,320.0,500,PASS,0.2,10,PASS,PASS,Ramesh K.
MCR-0624,BCH-2023-0624,Tapioca Crisps,Line F,2024-10-15 00:00:00,Oct-2024,Leena D.,219.0,10000,PASS,303.0,500,PASS,2.1,10,PASS,PASS,Priya S.
MCR-0625,BCH-2023-0625,  Jackfruit Chips ,Line A,2024-10-16 00:00:00,Oct-2024,Sagar A.,5977.0,10000,PASS,317.0,500,PASS,0.9,10,PASS,PASS,Anand M.
MCR-0626,BCH-2023-0626,Okra Chips,Line B,2024-10-17 00:00:00,Oct-2024,Priya S.,968.0,10000,PASS,348.0,500,PASS,2.6,10,PASS,PASS,Sagar A.
MCR-0627,BCH-2023-0627,Roasted Corn,Line C,2024-10-20 00:00:00,Oct-2024,Anand M.,7514.0,10000,PASS,120.0,500,PASS,1.6,10,PASS,PASS,Divya N.
MCR-0628,BCH-2023-0628,Chickpea Snacks,Line D,2024-10-21 00:00:00,Oct-2024,Meena R.,6245.0,10000,PASS,48.0,500,PASS,7.0,10,PASS,PASS,Karthik V.
MCR-0629,BCH-2023-0629,Banana Chips,Line E,2024-10-22 00:00:00,Oct-2024,Karthik V.,,10000,PASS,99.0,500,PASS,5.8,10,PASS,PASS,Meena R.
MCR-0630,BCH-2023-0630,Sweet Potato Chips,Line F,2024-10-23 00:00:00,Oct-2024,Divya N.,2063.0,10000,PASS,376.0,500,PASS,6.5,10,PASS,PASS,Suresh B.
MCR-0631,BCH-2023-0631,  Masala Peanuts ,Line A,2024-10-24 00:00:00,Oct-2024,Suresh B.,-999.0,10000,PASS,139.0,500,PASS,7.0,10,PASS,pass ,Ramesh K.
MCR-0632,BCH-2023-0632,Tapioca Crisps,Line B,2024-10-25 00:00:00,Oct-2024,Leena D.,3209.0,10000,PASS,335.0,500,PASS,28.5,10,FAIL,FAIL,Priya S.
MCR-0633,BCH-2023-0633,Jackfruit Chips,Line C,2024-10-27 00:00:00,Oct-2024,Sagar A.,2698.0,10000,PASS,148.0,500,PASS,7.4,10,PASS,PASS,Anand M.
MCR-0634,BCH-2023-0634,Okra Chips,Line D,2024-10-29 00:00:00,Oct-2024,Priya S.,3345.0,10000,PASS,235.0,500,PASS,0.3,10,PASS,PASS,Sagar A.
MCR-0635,BCH-2023-0635,Roasted Corn,Line E,2024-10-30 00:00:00,Oct-2024,Anand M.,2821.0,10000,PASS,363.0,500,PASS,5.0,10,PASS,PASS,Divya N.
MCR-0636,BCH-2023-0636,Chickpea Snacks,Line F,2024-10-31 00:00:00,Oct-2024,Meena R.,4098.0,10000,PASS,740.0,500,FAIL,0.2,10,PASS,FAIL,Karthik V.
MCR-0637,BCH-2023-0637,Banana Chips,Line A,2024-11-01 00:00:00,Oct-2024,Karthik V.,2819.0,10000,PASS,,500,PASS,3.4,10,PASS,PASS,Meena R.
MCR-0638,BCH-2023-0638,  Sweet Potato Chips ,Line B,2024-11-03 00:00:00,Nov-2024,Divya N.,2226.0,10000,PASS,90.0,500,PASS,4.9,10,PASS,PASS,Suresh B.
MCR-0639,BCH-2023-0639,Masala Peanuts,Line C,2024-11-05 00:00:00,Nov-2024,Suresh B.,5169.0,10000,PASS,43.0,500,PASS,6.3,10,PASS,PAAS,Ramesh K.
MCR-0640,BCH-2023-0640,Tapioca Crisps,Line D,2024-11-06 00:00:00,Nov-2024,Leena D.,7682.0,10000,PASS,126.0,500,PASS,88888.0,10,PASS,PASS,Priya S.
MCR-0641,BCH-2023-0641,Jackfruit Chips,Line E,2024-11-07 00:00:00,Nov-2024,Sagar A.,,10000,PASS,71.0,500,PASS,88888.0,10,PASS,PASS,Anand M.
MCR-0642,BCH-2023-0642,Okra Chips,Line F,2024-11-09 00:00:00,Nov-2024,Priya S.,1148.0,10000,PASS,314.0,500,PASS,0.8,10,PASS,PASS,Sagar A.
MCR-0643,BCH-2023-0643,  Roasted Corn ,Line A,2024-11-10 00:00:00,Nov-2024,Anand M.,7623.0,10000,PASS,181.0,500,PASS,7.2,10,PASS,PASS,Divya N.
MCR-0644,BCH-2023-0644,Chickpea Snacks,Line B,2024-11-11 00:00:00,Nov-2024,Meena R.,4416.0,10000,PASS,40.0,500,PASS,0.8,10,PASS,PASS,Karthik V.
MCR-0645,BCH-2023-0645,Banana Chips,Line C,2024-11-12 00:00:00,Nov-2024,Karthik V.,5607.0,10000,PASS,221.0,500,PASS,4.6,10,PASS,PASS,Meena R.
MCR-0646,BCH-2023-0646,Sweet Potato Chips,Line D,2024-11-17 00:00:00,Nov-2024,Divya N.,6599.0,10000,PASS,25.0,500,PASS,5.5,10,PASS,P ASS,Suresh B.
MCR-0647,BCH-2023-0647,Masala Peanuts,Line E,2024-11-18 00:00:00,Nov-2024,Suresh B.,3571.0,10000,PASS,166.0,500,PASS,2.1,10,PASS,PASS,Ramesh K.
MCR-0648,BCH-2023-0648,Tapioca Crisps,Line F,2024-11-20 00:00:00,Nov-2024,Leena D.,2397.0,10000,PASS,96.0,500,PASS,1.3,10,PASS,PASS,Priya S.
MCR-0649,BCH-2023-0649,Jackfruit Chips,Line A,2024-11-21 00:00:00,Nov-2024,Sagar A.,-999.0,10000,PASS,2770.0,500,FAIL,7.1,10,PASS,F-Line Error,Anand M.
MCR-0650,BCH-2023-0650,Okra Chips,Line B,2024-11-22 00:00:00,Nov-2024,Priya S.,597.0,10000,PASS,385.0,500,PASS,6.8,10,PASS,PASS,Sagar A.
MCR-0651,BCH-2023-0651,Roasted Corn,Line C,2024-11-24 00:00:00,Nov-2024,Anand M.,6612.0,10000,PASS,51.0,500,PASS,7.1,10,PASS,PASS,Divya N.
MCR-0652,BCH-2023-0652,Chickpea Snacks,Line D,2024-11-27 00:00:00,Nov-2024,Meena R.,7891.0,10000,PASS,,500,PASS,6.3,10,PASS,PASS,Karthik V.
MCR-0653,BCH-2023-0653,Banana Chips,Line E,2024-11-28 00:00:00,Nov-2024,Karthik V.,1690.0,10000,PASS,182.0,500,PASS,0.9,10,PASS,PASS,Meena R.
MCR-0654,BCH-2023-0654,  Sweet Potato Chips ,Line F,2024-11-29 00:00:00,Nov-2024,Divya N.,6573.0,10000,PASS,,500,PASS,5.2,10,PASS,PASS,Suresh B.
MCR-0655,BCH-2023-0655,Masala Peanuts,Line A,2024-12-02 00:00:00,Dec-2024,Suresh B.,50556.0,10000,FAIL,442.0,500,PASS,2.6,10,PASS,FAIL,Ramesh K.
MCR-0656,BCH-2023-0656,Tapioca Crisps,Line B,2024-12-05 00:00:00,Dec-2024,Leena D.,14646.0,10000,FAIL,9.0,500,PASS,6.4,10,PASS,FAIL,Priya S.
MCR-0657,BCH-2023-0657,Jackfruit Chips,Line C,2024-12-12 00:00:00,Dec-2024,Sagar A.,4553.0,10000,PASS,131.0,500,PASS,2.8,10,PASS,PASS,Anand M.
MCR-0658,BCH-2023-0658,Okra Chips,Line D,2024-12-17 00:00:00,Dec-2024,Priya S.,37918.0,10000,FAIL,1002.0,500,FAIL,3.7,10,PASS,FAIL,Sagar A.
MCR-0659,BCH-2023-0659,Roasted Corn,Line E,2024-12-22 00:00:00,Dec-2024,Anand M.,6352.0,10000,PASS,36.0,500,PASS,4.9,10,PASS,PASS,Divya N.
MCR-0660,BCH-2023-0660,Chickpea Snacks,Line F,2024-12-24 00:00:00,Dec-2024,Meena R.,621.0,10000,PASS,379.0,500,PASS,11.8,10,FAIL,FAIL,Karthik V.
MCR-0661,BCH-2023-0661,  Banana Chips ,Line A,2024-12-25 00:00:00,Dec-2024,Karthik V.,1804.0,10000,PASS,425.0,500,PASS,0.9,10,PASS,PASS,Meena R.
MCR-0662,BCH-2023-0662,Sweet Potato Chips,Line B,2024-12-26 00:00:00,Dec-2024,Divya N.,5538.0,10000,PASS,217.0,500,PASS,,10,PASS,PASS,Suresh B.
MCR-0663,BCH-2023-0663,Masala Peanuts,Line C,2024-12-28 00:00:00,Dec-2024,Suresh B.,23589.0,10000,FAIL,235.0,500,PASS,6.8,10,PASS,FAIL,Ramesh K.
MCR-0664,BCH-2023-0664,Tapioca Crisps,Line D,2024-12-29 00:00:00,Dec-2024,Leena D.,5968.0,10000,PASS,234.0,500,PASS,0.2,10,PASS,PASS,Priya S.
MCR-0665,BCH-2023-0665,Jackfruit Chips,Line E,2024-12-30 00:00:00,Dec-2024,Sagar A.,1838.0,10000,PASS,91.0,500,PASS,5.1,10,PASS,PASS,Anand M.
MCR-0666,BCH-2023-0666,Okra Chips,Line F,2024-12-31 00:00:00,Dec-2024,Priya S.,380.0,10000,PASS,22.0,500,PASS,4.1,10,PASS,PASS,Sagar A.
MCR-0667,BCH-2023-0667,Roasted Corn,Line A,2025-01-07 00:00:00,Jan-2025,Anand M.,1126.0,10000,PASS,177.0,500,PASS,4.3,10,PASS,PASS,Divya N.
MCR-0668,BCH-2023-0668,Chickpea Snacks,Line B,2025-01-08 00:00:00,Jan-2025,Meena R.,5334.0,10000,PASS,182.0,500,PASS,3.1,10,PASS,PAAS,Karthik V.
MCR-0669,BCH-2023-0669,Banana Chips,Line C,2025-01-10 00:00:00,Jan-2025,Karthik V.,8550.0,10000,PASS,5092.0,500,FAIL,1.3,10,PASS,FAIL,Meena R.
MCR-0670,BCH-2023-0670,Sweet Potato Chips,Line D,2025-01-11 00:00:00,Jan-2025,Divya N.,6531.0,10000,PASS,32.0,500,PASS,5.9,10,PASS,pass ,Suresh B.
MCR-0671,BCH-2023-0671,Masala Peanuts,Line E,2025-01-12 00:00:00,Jan-2025,Suresh B.,41290.0,10000,FAIL,354.0,500,PASS,5.9,10,PASS,FAIL,Ramesh K.
MCR-0672,BCH-2023-0672,Tapioca Crisps,Line F,2025-01-13 00:00:00,Jan-2025,Leena D.,5712.0,10000,PASS,,500,PASS,6.0,10,PASS,PASS,Priya S.
MCR-0673,BCH-2023-0673,Jackfruit Chips,Line A,2025-01-14 00:00:00,Jan-2025,Sagar A.,27756.0,10000,FAIL,378.0,500,PASS,6.1,10,PASS,FAIL,Anand M.
MCR-0674,BCH-2023-0674,Okra Chips,Line B,2025-01-19 00:00:00,Jan-2025,Priya S.,5163.0,10000,PASS,142.0,500,PASS,2.8,10,PASS,PASS,Sagar A.
MCR-0675,BCH-2023-0675,Roasted Corn,Line C,2025-01-20 00:00:00,Jan-2025,Anand M.,-999.0,10000,FAIL,5787.0,500,FAIL,6.5,10,PASS,FAIL,Divya N.
MCR-0676,BCH-2023-0676,Chickpea Snacks,Line D,2025-01-21 00:00:00,Jan-2025,Meena R.,2144.0,10000,PASS,323.0,500,PASS,7.2,10,PASS,PASS,Karthik V.
MCR-0677,BCH-2023-0677,Banana Chips,Line E,2025-01-23 00:00:00,Jan-2025,Karthik V.,1636.0,10000,PASS,84.0,500,PASS,2.4,10,PASS,PASS,Meena R.
MCR-0678,BCH-2023-0678,  Sweet Potato Chips ,Line F,2025-01-24 00:00:00,Jan-2025,Divya N.,33320.0,10000,FAIL,391.0,500,PASS,1.8,10,PASS,FAIL,Suresh B.
MCR-0679,BCH-2023-0679,Masala Peanuts,Line A,2025-01-25 00:00:00,Jan-2025,Suresh B.,5303.0,10000,PASS,32.0,500,PASS,4.8,10,PASS,PASS,Ramesh K.
MCR-0680,BCH-2023-0680,  Tapioca Crisps ,Line B,2025-01-27 00:00:00,Jan-2025,Leena D.,6461.0,10000,PASS,93.0,500,PASS,5.1,10,PASS,P ASS,Priya S.
MCR-0681,BCH-2023-0681,Jackfruit Chips,Line C,2025-01-28 00:00:00,Jan-2025,Sagar A.,3265.0,10000,PASS,232.0,500,PASS,3.7,10,PASS,PASS,Anand M.
MCR-0682,BCH-2023-0682,Okra Chips,Line D,2025-01-29 00:00:00,Jan-2025,Priya S.,3083.0,10000,PASS,70.0,500,PASS,4.8,10,PASS,PASS,Sagar A.
MCR-0683,BCH-2023-0683,Roasted Corn,Line E,2025-01-31 00:00:00,Jan-2025,Anand M.,534.0,10000,PASS,3061.0,500,FAIL,2.1,10,PASS,fail,Divya N.
MCR-0684,BCH-2023-0684,Chickpea Snacks,Line F,2025-02-02 00:00:00,Feb-2025,Meena R.,3769.0,10000,PASS,326.0,500,PASS,5.0,10,PASS,PASS,Karthik V.
MCR-0685,BCH-2023-0685,Banana Chips,Line A,2025-02-03 00:00:00,Feb-2025,Karthik V.,933.0,10000,PASS,191.0,500,PASS,0.9,10,PASS,PASS,Meena R.
MCR-0686,BCH-2023-0686,Sweet Potato Chips,Line B,2025-02-04 00:00:00,Feb-2025,Divya N.,580.0,10000,PASS,196.0,500,PASS,3.2,10,PASS,pass ,Suresh B.
MCR-0687,BCH-2023-0687,Masala Peanuts,Line C,2025-02-05 00:00:00,Feb-2025,Suresh B.,1793.0,10000,PASS,194.0,500,PASS,2.1,10,PASS,PASS,Ramesh K.
MCR-0688,BCH-2023-0688,Tapioca Crisps,Line D,2025-02-06 00:00:00,Feb-2025,Leena D.,3746.0,10000,PASS,202.0,500,PASS,3.5,10,PASS,PASS,Priya S.
MCR-0689,BCH-2023-0689,Jackfruit Chips,Line E,2025-02-07 00:00:00,Feb-2025,Sagar A.,772.0,10000,PASS,222.0,500,PASS,3.0,10,PASS,PASS,Anand M.
MCR-0690,BCH-2023-0690,Okra Chips,Line F,2025-02-08 00:00:00,Feb-2025,Priya S.,2710.0,10000,PASS,87.0,500,PASS,7.3,10,PASS,PASS,Sagar A.
MCR-0691,BCH-2023-0691,Roasted Corn,Line A,2025-02-11 00:00:00,Feb-2025,Anand M.,1786.0,10000,PASS,156.0,500,PASS,88888.0,10,PASS,PAAS,Divya N.
MCR-0692,BCH-2023-0692,Chickpea Snacks,Line B,2025-02-12 00:00:00,Feb-2025,Meena R.,7654.0,10000,PASS,71.0,500,PASS,4.7,10,PASS,PASS,Karthik V.
MCR-0693,BCH-2023-0693,Banana Chips,Line C,2025-02-13 00:00:00,Feb-2025,Karthik V.,1725.0,10000,PASS,369.0,500,PASS,4.4,10,PASS,PASS,Meena R.
MCR-0694,BCH-2023-0694,Sweet Potato Chips,Line D,2025-02-14 00:00:00,Feb-2025,Divya N.,1266.0,10000,PASS,401.0,500,PASS,0.3,10,PASS,pass ,Suresh B.
MCR-0695,BCH-2023-0695,Masala Peanuts,Line E,2025-02-15 00:00:00,Feb-2025,Suresh B.,6924.0,10000,PASS,226.0,500,PASS,3.9,10,PASS,PASS,Ramesh K.
MCR-0696,BCH-2023-0696,Tapioca Crisps,Line F,2025-02-16 00:00:00,Feb-2025,Leena D.,6202.0,10000,PASS,314.0,500,PASS,6.0,10,PASS,PASS,Priya S.
MCR-0697,BCH-2023-0697,Jackfruit Chips,Line A,2025-02-17 00:00:00,Feb-2025,Sagar A.,49676.0,10000,FAIL,274.0,500,PASS,3.1,10,PASS,F-Line Error,Anand M.
MCR-0698,BCH-2023-0698,Okra Chips,Line B,2025-02-18 00:00:00,Feb-2025,Priya S.,8038.0,10000,PASS,355.0,500,PASS,5.9,10,PASS,PAAS,Sagar A.
MCR-0699,BCH-2023-0699,Roasted Corn,Line C,2025-02-19 00:00:00,Feb-2025,Anand M.,5379.0,10000,PASS,17.0,500,PASS,3.1,10,PASS,PASS,Divya N.
MCR-0700,BCH-2023-0700,Chickpea Snacks,Line D,2025-02-20 00:00:00,Feb-2025,Meena R.,1908.0,10000,PASS,26.0,500,PASS,3.0,10,PASS,PASS,Karthik V.
MCR-0701,BCH-2023-0701,Banana Chips,Line E,2025-02-21 00:00:00,Feb-2025,Karthik V.,8327.0,10000,PASS,196.0,500,PASS,5.8,10,PASS,PASS,Meena R.
MCR-0702,BCH-2023-0702,Sweet Potato Chips,Line F,2025-02-22 00:00:00,Feb-2025,Divya N.,7171.0,10000,PASS,274.0,500,PASS,1.0,10,PASS,PASS,Suresh B.
MCR-0703,BCH-2023-0703,Masala Peanuts,Line A,2025-02-24 00:00:00,Feb-2025,Suresh B.,3756.0,10000,PASS,334.0,500,PASS,2.6,10,PASS,PASS,Ramesh K.
MCR-0704,BCH-2023-0704,  Tapioca Crisps ,Line B,2025-03-01 00:00:00,Feb-2025,Leena D.,479.0,10000,PASS,367.0,500,PASS,6.9,10,PASS,PASS,Priya S.
MCR-0705,BCH-2023-0705,  Jackfruit Chips ,Line C,2025-03-02 00:00:00,Mar-2025,Sagar A.,2189.0,10000,PASS,315.0,500,PASS,6.7,10,PASS,PASS,Anand M.
MCR-0706,BCH-2023-0706,Okra Chips,Line D,2025-03-03 00:00:00,Mar-2025,Priya S.,5800.0,10000,PASS,83.0,500,PASS,0.6,10,PASS,PASS,Sagar A.
MCR-0707,BCH-2023-0707,  Roasted Corn ,Line E,2025-03-04 00:00:00,Mar-2025,Anand M.,7694.0,10000,PASS,136.0,500,PASS,2.0,10,PASS,PASS,Divya N.
MCR-0708,BCH-2023-0708,Chickpea Snacks,Line F,2025-03-05 00:00:00,Mar-2025,Meena R.,1584.0,10000,PASS,83.0,500,PASS,0.5,10,PASS,PASS,Karthik V.
MCR-0709,BCH-2023-0709,Banana Chips,Line A,2025-03-08 00:00:00,Mar-2025,Karthik V.,2855.0,10000,PASS,329.0,500,PASS,7.4,10,PASS,PASS,Meena R.
MCR-0710,BCH-2023-0710,  Sweet Potato Chips ,Line B,2025-03-09 00:00:00,Mar-2025,Divya N.,1694.0,10000,PASS,130.0,500,PASS,4.1,10,PASS,PASS,Suresh B.
MCR-0711,BCH-2023-0711,Masala Peanuts,Line C,2025-03-10 00:00:00,Mar-2025,Suresh B.,2892.0,10000,PASS,385.0,500,PASS,1.7,10,PASS,PASS,Ramesh K.
MCR-0712,BCH-2023-0712,Tapioca Crisps,Line D,2025-03-17 00:00:00,Mar-2025,Leena D.,47018.0,10000,FAIL,2732.0,500,FAIL,1.1,10,PASS,FAIL,Priya S.
MCR-0713,BCH-2023-0713,Jackfruit Chips,Line E,2025-03-19 00:00:00,Mar-2025,Sagar A.,5120.0,10000,PASS,49.0,500,PASS,3.1,10,PASS,PASS,Anand M.
MCR-0714,BCH-2023-0714,Okra Chips,Line F,2025-03-24 00:00:00,Mar-2025,Priya S.,13188.0,10000,FAIL,243.0,500,PASS,8.5,10,PASS,FAIL,Sagar A.
MCR-0715,BCH-2023-0715,Roasted Corn,Line A,2025-03-25 00:00:00,Mar-2025,Anand M.,4815.0,10000,PASS,397.0,500,PASS,2.3,10,PASS,PAAS,Divya N.
MCR-0716,BCH-2023-0716,Chickpea Snacks,Line B,2025-03-26 00:00:00,Mar-2025,Meena R.,5954.0,10000,PASS,353.0,500,PASS,4.9,10,PASS,PASS,Karthik V.
MCR-0717,BCH-2023-0717,Banana Chips,Line C,2025-03-27 00:00:00,Mar-2025,Karthik V.,-999.0,10000,PASS,71.0,500,PASS,6.9,10,PASS,PASS,Meena R.
MCR-0718,BCH-2023-0718,Sweet Potato Chips,Line D,2025-03-28 00:00:00,Mar-2025,Divya N.,3905.0,10000,PASS,118.0,500,PASS,,10,PASS,PASS,Suresh B.
MCR-0719,BCH-2023-0719,Masala Peanuts,Line E,2025-03-29 00:00:00,Mar-2025,Suresh B.,2164.0,10000,PASS,138.0,500,PASS,5.3,10,PASS,PASSS,Ramesh K.
MCR-0720,BCH-2023-0720,Tapioca Crisps,Line F,2025-03-30 00:00:00,Mar-2025,Leena D.,1893.0,10000,PASS,,500,PASS,1.7,10,PASS,PASS,Priya S.
MCR-0721,BCH-2023-0721,Jackfruit Chips,Line A,2025-03-31 00:00:00,Mar-2025,Sagar A.,5566.0,10000,PASS,,500,PASS,2.1,10,PASS,PASS,Anand M.
MCR-0722,BCH-2023-0722,Okra Chips,Line B,2025-04-01 00:00:00,Mar-2025,Priya S.,6381.0,10000,PASS,79.0,500,PASS,2.9,10,PASS,PASS,Sagar A.
MCR-0723,BCH-2023-0723,Roasted Corn,Line C,2025-04-06 00:00:00,Apr-2025,Anand M.,6027.0,10000,PASS,176.0,500,PASS,7.3,10,PASS,PASS,Divya N.
MCR-0724,BCH-2023-0724,  Chickpea Snacks ,Line D,2025-04-07 00:00:00,Apr-2025,Meena R.,7888.0,10000,PASS,184.0,500,PASS,,10,PASS,PASS,Karthik V.
MCR-0725,BCH-2023-0725,Banana Chips,Line E,2025-04-08 00:00:00,Apr-2025,Karthik V.,351.0,10000,PASS,328.0,500,PASS,2.7,10,PASS,PASS,Meena R.
MCR-0726,BCH-2023-0726,Sweet Potato Chips,Line F,2025-04-09 00:00:00,Apr-2025,Divya N.,8468.0,10000,PASS,295.0,500,PASS,5.9,10,PASS,PASS,Suresh B.
MCR-0727,BCH-2023-0727,Masala Peanuts,Line A,2025-04-10 00:00:00,Apr-2025,Suresh B.,4525.0,10000,PASS,34.0,500,PASS,2.4,10,PASS,PASS,Ramesh K.
MCR-0728,BCH-2023-0728,Tapioca Crisps,Line B,2025-04-13 00:00:00,Apr-2025,Leena D.,491.0,10000,PASS,8.0,500,PASS,4.2,10,PASS,PASS,Priya S.
MCR-0729,BCH-2023-0729,Jackfruit Chips,Line C,2025-04-14 00:00:00,Apr-2025,Sagar A.,6129.0,10000,PASS,5.0,500,PASS,4.4,10,PASS,PASS,Anand M.
MCR-0730,BCH-2023-0730,Okra Chips,Line D,2025-04-15 00:00:00,Apr-2025,Priya S.,1943.0,10000,PASS,265.0,500,PASS,3.0,10,PASS,PASS,Sagar A.
MCR-0731,BCH-2023-0731,  Roasted Corn ,Line E,2025-04-16 00:00:00,Apr-2025,Anand M.,3187.0,10000,PASS,12.0,500,PASS,1.2,10,PASS,PASS,Divya N.
MCR-0732,BCH-2023-0732,Chickpea Snacks,Line F,2025-04-17 00:00:00,Apr-2025,Meena R.,1802.0,10000,PASS,320.0,500,PASS,5.7,10,PASS,PASSS,Karthik V.
MCR-0733,BCH-2023-0733,Banana Chips,Line A,2025-04-18 00:00:00,Apr-2025,Karthik V.,1846.0,10000,PASS,370.0,500,PASS,2.9,10,PASS,PASS,Meena R.
MCR-0734,BCH-2023-0734,Sweet Potato Chips,Line B,2025-04-20 00:00:00,Apr-2025,Divya N.,4504.0,10000,PASS,323.0,500,PASS,4.6,10,PASS,PASS,Suresh B.
MCR-0735,BCH-2023-0735,Masala Peanuts,Line C,2025-04-21 00:00:00,Apr-2025,Suresh B.,7556.0,10000,PASS,104.0,500,PASS,1.3,10,PASS,PASS,Ramesh K.
MCR-0736,BCH-2023-0736,Tapioca Crisps,Line D,2025-04-22 00:00:00,Apr-2025,Leena D.,52192.0,10000,FAIL,198.0,500,PASS,4.8,10,PASS,fail,Priya S.
MCR-0737,BCH-2023-0737,Jackfruit Chips,Line E,2025-04-24 00:00:00,Apr-2025,Sagar A.,37230.0,10000,FAIL,3534.0,500,FAIL,0.6,10,PASS,fail,Anand M.
MCR-0738,BCH-2023-0738,Okra Chips,Line F,2025-04-27 00:00:00,Apr-2025,Priya S.,6922.0,10000,PASS,273.0,500,PASS,6.5,10,PASS,PASS,Sagar A.
MCR-0739,BCH-2023-0739,Roasted Corn,Line A,2025-04-28 00:00:00,Apr-2025,Anand M.,3300.0,10000,PASS,30.0,500,PASS,6.1,10,PASS,PASS,Divya N.
MCR-0740,BCH-2023-0740,Chickpea Snacks,Line B,2025-04-30 00:00:00,Apr-2025,Meena R.,5306.0,10000,PASS,331.0,500,PASS,2.3,10,PASS,PASSS,Karthik V.
MCR-0741,BCH-2023-0741,Banana Chips,Line C,2025-05-01 00:00:00,Apr-2025,Karthik V.,4130.0,10000,PASS,429.0,500,PASS,1.9,10,PASS,PASS,Meena R.
MCR-0742,BCH-2023-0742,Sweet Potato Chips,Line D,2025-05-02 00:00:00,May-2025,Divya N.,4440.0,10000,PASS,35.0,500,PASS,3.8,10,PASS,PASS,Suresh B.
MCR-0743,BCH-2023-0743,Masala Peanuts,Line E,2025-05-03 00:00:00,May-2025,Suresh B.,3378.0,10000,PASS,203.0,500,PASS,1.1,10,PASS,PASS,Ramesh K.
MCR-0744,BCH-2023-0744,  Tapioca Crisps ,Line F,2025-05-04 00:00:00,May-2025,Leena D.,325.0,10000,PASS,193.0,500,PASS,6.0,10,PASS,PASS,Priya S.
MCR-0745,BCH-2023-0745,Jackfruit Chips,Line A,2025-05-06 00:00:00,May-2025,Sagar A.,3838.0,10000,PASS,202.0,500,PASS,1.9,10,PASS,PAAS,Anand M.
MCR-0746,BCH-2023-0746,Okra Chips,Line B,2025-05-08 00:00:00,May-2025,Priya S.,1251.0,10000,PASS,134.0,500,PASS,88888.0,10,PASS,PASS,Sagar A.
MCR-0747,BCH-2023-0747,Roasted Corn,Line C,2025-05-13 00:00:00,May-2025,Anand M.,6695.0,10000,PASS,364.0,500,PASS,1.8,10,PASS,PASS,Divya N.
MCR-0748,BCH-2023-0748,Chickpea Snacks,Line D,2025-05-15 00:00:00,May-2025,Meena R.,2328.0,10000,PASS,236.0,500,PASS,4.9,10,PASS,PASS,Karthik V.
MCR-0749,BCH-2023-0749,Banana Chips,Line E,2025-05-16 00:00:00,May-2025,Karthik V.,1731.0,10000,PASS,315.0,500,PASS,1.2,10,PASS,PASS,Meena R.
MCR-0750,BCH-2023-0750,Sweet Potato Chips,Line F,2025-05-17 00:00:00,May-2025,Divya N.,5011.0,10000,PASS,81.0,500,PASS,6.0,10,PASS,PASSS,Suresh B.
MCR-0751,BCH-2023-0751,Masala Peanuts,Line A,2025-05-18 00:00:00,May-2025,Suresh B.,-999.0,10000,PASS,246.0,500,PASS,5.2,10,PASS,PASS,Ramesh K.
MCR-0752,BCH-2023-0752,Tapioca Crisps,Line B,2025-05-23 00:00:00,May-2025,Leena D.,7562.0,10000,PASS,275.0,500,PASS,5.5,10,PASS,PASS,Priya S.
MCR-0753,BCH-2023-0753,Jackfruit Chips,Line C,2025-05-24 00:00:00,May-2025,Sagar A.,8293.0,10000,PASS,307.0,500,PASS,1.2,10,PASS,PASS,Anand M.
MCR-0754,BCH-2023-0754,Okra Chips,Line D,2025-05-25 00:00:00,May-2025,Priya S.,5638.0,10000,PASS,405.0,500,PASS,7.2,10,PASS,PASS,Sagar A.
MCR-0755,BCH-2023-0755,Roasted Corn,Line E,2025-05-26 00:00:00,May-2025,Anand M.,2020.0,10000,PASS,218.0,500,PASS,0.6,10,PASS,PASS,Divya N.
MCR-0756,BCH-2023-0756,  Chickpea Snacks ,Line F,2025-05-27 00:00:00,May-2025,Meena R.,6302.0,10000,PASS,294.0,500,PASS,6.4,10,PASS,PASS,Karthik V.
MCR-0757,BCH-2023-0757,Banana Chips,Line A,2025-05-30 00:00:00,May-2025,Karthik V.,764.0,10000,PASS,101.0,500,PASS,3.0,10,PASS,PAAS,Meena R.
MCR-0758,BCH-2023-0758,Sweet Potato Chips,Line B,2025-05-31 00:00:00,May-2025,Divya N.,2584.0,10000,PASS,80.0,500,PASS,0.9,10,PASS,PASS,Suresh B.
MCR-0759,BCH-2023-0759,Masala Peanuts,Line C,2025-06-01 00:00:00,May-2025,Suresh B.,1786.0,10000,PASS,407.0,500,PASS,1.2,10,PASS,PASS,Ramesh K.
MCR-0760,BCH-2023-0760,Tapioca Crisps,Line D,2025-06-02 00:00:00,Jun-2025,Leena D.,1529.0,10000,PASS,1475.0,500,FAIL,6.4,10,PASS,FAIL,Priya S.
MCR-0761,BCH-2023-0761,Jackfruit Chips,Line E,2025-06-03 00:00:00,Jun-2025,Sagar A.,39631.0,10000,FAIL,,500,PASS,6.0,10,PASS,FAIL,Anand M.
MCR-0762,BCH-2023-0762,Okra Chips,Line F,2025-06-04 00:00:00,Jun-2025,Priya S.,8358.0,10000,PASS,105.0,500,PASS,3.1,10,PASS,PASS,Sagar A.
MCR-0763,BCH-2023-0763,Roasted Corn,Line A,2025-06-05 00:00:00,Jun-2025,Anand M.,8666.0,10000,PASS,421.0,500,PASS,2.4,10,PASS,pass ,Divya N.
MCR-0764,BCH-2023-0764,Chickpea Snacks,Line B,2025-06-08 00:00:00,Jun-2025,Meena R.,1010.0,10000,PASS,101.0,500,PASS,,10,PASS,PASS,Karthik V.
MCR-0765,BCH-2023-0765,Banana Chips,Line C,2025-06-10 00:00:00,Jun-2025,Karthik V.,,10000,PASS,153.0,500,PASS,3.4,10,PASS,PASS,Meena R.
MCR-0766,BCH-2023-0766,Sweet Potato Chips,Line D,2025-06-12 00:00:00,Jun-2025,Divya N.,2586.0,10000,PASS,364.0,500,PASS,2.9,10,PASS,PASS,Suresh B.
MCR-0767,BCH-2023-0767,Masala Peanuts,Line E,2025-06-14 00:00:00,Jun-2025,Suresh B.,6292.0,10000,PASS,180.0,500,PASS,3.9,10,PASS,PASS,Ramesh K.
MCR-0768,BCH-2023-0768,Tapioca Crisps,Line F,2025-06-15 00:00:00,Jun-2025,Leena D.,886.0,10000,PASS,284.0,500,PASS,1.7,10,PASS,PASS,Priya S.
MCR-0769,BCH-2023-0769,  Jackfruit Chips ,Line A,2025-06-17 00:00:00,Jun-2025,Sagar A.,7280.0,10000,PASS,,500,PASS,1.0,10,PASS,PASS,Anand M.
MCR-0770,BCH-2023-0770,  Okra Chips ,Line B,2025-06-18 00:00:00,Jun-2025,Priya S.,3044.0,10000,PASS,139.0,500,PASS,6.2,10,PASS,PASS,Sagar A.
MCR-0771,BCH-2023-0771,Roasted Corn,Line C,2025-06-19 00:00:00,Jun-2025,Anand M.,7699.0,10000,PASS,113.0,500,PASS,2.3,10,PASS,PASS,Divya N.
MCR-0772,BCH-2023-0772,Chickpea Snacks,Line D,2025-06-20 00:00:00,Jun-2025,Meena R.,35913.0,10000,FAIL,355.0,500,PASS,,10,PASS,FAIL,Karthik V.
MCR-0773,BCH-2023-0773,Banana Chips,Line E,2025-06-23 00:00:00,Jun-2025,Karthik V.,1512.0,10000,PASS,282.0,500,PASS,4.6,10,PASS,PASS,Meena R.
MCR-0774,BCH-2023-0774,Sweet Potato Chips,Line F,2025-06-26 00:00:00,Jun-2025,Divya N.,8687.0,10000,PASS,98.0,500,PASS,5.8,10,PASS,PASS,Suresh B.
MCR-0775,BCH-2023-0775,Masala Peanuts,Line A,2025-06-27 00:00:00,Jun-2025,Suresh B.,4951.0,10000,PASS,310.0,500,PASS,2.0,10,PASS,PASS,Ramesh K.
MCR-0776,BCH-2023-0776,Tapioca Crisps,Line B,2025-07-04 00:00:00,Jul-2025,Leena D.,5817.0,10000,PASS,323.0,500,PASS,4.6,10,PASS,PASS,Priya S.
MCR-0777,BCH-2023-0777,Jackfruit Chips,Line C,2025-07-05 00:00:00,Jul-2025,Sagar A.,5072.0,10000,PASS,104.0,500,PASS,5.6,10,PASS,PASS,Anand M.
MCR-0778,BCH-2023-0778,Okra Chips,Line D,2025-07-07 00:00:00,Jul-2025,Priya S.,3616.0,10000,PASS,2437.0,500,FAIL,3.1,10,PASS,FAIL,Sagar A.
MCR-0779,BCH-2023-0779,Roasted Corn,Line E,2025-07-10 00:00:00,Jul-2025,Anand M.,7541.0,10000,PASS,134.0,500,PASS,2.2,10,PASS,PASS,Divya N.
MCR-0780,BCH-2023-0780,Chickpea Snacks,Line F,2025-07-11 00:00:00,Jul-2025,Meena R.,6461.0,10000,PASS,251.0,500,PASS,1.1,10,PASS,pass ,Karthik V.
MCR-0781,BCH-2023-0781,Banana Chips,Line A,2025-07-12 00:00:00,Jul-2025,Karthik V.,4766.0,10000,PASS,461.0,500,PASS,7.4,10,PASS,PASS,Meena R.
MCR-0782,BCH-2023-0782,Sweet Potato Chips,Line B,2025-07-14 00:00:00,Jul-2025,Divya N.,5566.0,10000,PASS,278.0,500,PASS,2.9,10,PASS,PASS,Suresh B.
MCR-0783,BCH-2023-0783,Masala Peanuts,Line C,2025-07-16 00:00:00,Jul-2025,Suresh B.,1171.0,10000,PASS,475.0,500,PASS,3.4,10,PASS,PASS,Ramesh K.
MCR-0784,BCH-2023-0784,Tapioca Crisps,Line D,2025-07-17 00:00:00,Jul-2025,Leena D.,6535.0,10000,PASS,296.0,500,PASS,6.2,10,PASS,PASS,Priya S.
MCR-0785,BCH-2023-0785,Jackfruit Chips,Line E,2025-07-19 00:00:00,Jul-2025,Sagar A.,1675.0,10000,PASS,453.0,500,PASS,2.9,10,PASS,PASS,Anand M.
MCR-0786,BCH-2023-0786,Okra Chips,Line F,2025-07-20 00:00:00,Jul-2025,Priya S.,7333.0,10000,PASS,473.0,500,PASS,0.3,10,PASS,PASS,Sagar A.
MCR-0787,BCH-2023-0787,Roasted Corn,Line A,2025-07-23 00:00:00,Jul-2025,Anand M.,1894.0,10000,PASS,294.0,500,PASS,6.8,10,PASS,PASS,Divya N.
MCR-0788,BCH-2023-0788,Chickpea Snacks,Line B,2025-07-24 00:00:00,Jul-2025,Meena R.,4616.0,10000,PASS,106.0,500,PASS,0.2,10,PASS,PASS,Karthik V.
MCR-0789,BCH-2023-0789,  Banana Chips ,Line C,2025-07-25 00:00:00,Jul-2025,Karthik V.,-999.0,10000,PASS,100.0,500,PASS,2.5,10,PASS,PAAS,Meena R.
MCR-0790,BCH-2023-0790,Sweet Potato Chips,Line D,2025-07-26 00:00:00,Jul-2025,Divya N.,22242.0,10000,FAIL,107.0,500,PASS,1.8,10,PASS,FAIL,Suresh B.
MCR-0791,BCH-2023-0791,  Masala Peanuts ,Line E,2025-07-28 00:00:00,Jul-2025,Suresh B.,37592.0,10000,FAIL,446.0,500,PASS,6.8,10,PASS,FAIL,Ramesh K.
MCR-0792,BCH-2023-0792,Tapioca Crisps,Line F,2025-07-29 00:00:00,Jul-2025,Leena D.,9072.0,10000,PASS,84.0,500,PASS,5.3,10,PASS,PASS,Priya S.
MCR-0793,BCH-2023-0793,  Jackfruit Chips ,Line A,2025-08-01 00:00:00,Jul-2025,Sagar A.,912.0,10000,PASS,34.0,500,PASS,5.7,10,PASS,PASS,Anand M.
MCR-0794,BCH-2023-0794,Okra Chips,Line B,2025-08-02 00:00:00,Aug-2025,Priya S.,5953.0,10000,PASS,226.0,500,PASS,4.4,10,PASS,PASS,Sagar A.
MCR-0795,BCH-2023-0795,Roasted Corn,Line C,2025-08-03 00:00:00,Aug-2025,Anand M.,,10000,PASS,315.0,500,PASS,7.0,10,PASS,PASS,Divya N.
MCR-0796,BCH-2023-0796,Chickpea Snacks,Line D,2025-08-04 00:00:00,Aug-2025,Meena R.,5059.0,10000,PASS,389.0,500,PASS,5.8,10,PASS,PAAS,Karthik V.
MCR-0797,BCH-2023-0797,Banana Chips,Line E,2025-08-05 00:00:00,Aug-2025,Karthik V.,4298.0,10000,PASS,28.0,500,PASS,5.4,10,PASS,pass ,Meena R.
MCR-0798,BCH-2023-0798,Sweet Potato Chips,Line F,2025-08-06 00:00:00,Aug-2025,Divya N.,1637.0,10000,PASS,148.0,500,PASS,1.6,10,PASS,PASS,Suresh B.
MCR-0799,BCH-2023-0799,Masala Peanuts,Line A,2025-08-11 00:00:00,Aug-2025,Suresh B.,2345.0,10000,PASS,450.0,500,PASS,1.3,10,PASS,PAAS,Ramesh K.
MCR-0800,BCH-2023-0800,Tapioca Crisps,Line B,2025-08-12 00:00:00,Aug-2025,Leena D.,7740.0,10000,PASS,192.0,500,PASS,6.0,10,PASS,pass ,Priya S.
MCR-0801,BCH-2023-0801,  Jackfruit Chips ,Line C,2025-08-15 00:00:00,Aug-2025,Sagar A.,5159.0,10000,PASS,54.0,500,PASS,6.7,10,PASS,PASS,Anand M.
MCR-0802,BCH-2023-0802,Okra Chips,Line D,2025-08-17 00:00:00,Aug-2025,Priya S.,7741.0,10000,PASS,318.0,500,PASS,2.1,10,PASS,PASS,Sagar A.
MCR-0803,BCH-2023-0803,  Roasted Corn ,Line E,2025-08-19 00:00:00,Aug-2025,Anand M.,3836.0,10000,PASS,251.0,500,PASS,6.4,10,PASS,PASS,Divya N.
MCR-0804,BCH-2023-0804,Chickpea Snacks,Line F,2025-08-20 00:00:00,Aug-2025,Meena R.,7897.0,10000,PASS,359.0,500,PASS,4.1,10,PASS,PASS,Karthik V.
MCR-0805,BCH-2023-0805,Banana Chips,Line A,2025-08-22 00:00:00,Aug-2025,Karthik V.,267.0,10000,PASS,243.0,500,PASS,0.7,10,PASS,PASS,Meena R.
MCR-0806,BCH-2023-0806,Sweet Potato Chips,Line B,2025-08-23 00:00:00,Aug-2025,Divya N.,1729.0,10000,PASS,13.0,500,PASS,4.6,10,PASS,PASS,Suresh B.
MCR-0807,BCH-2023-0807,Masala Peanuts,Line C,2025-08-30 00:00:00,Aug-2025,Suresh B.,5087.0,10000,PASS,69.0,500,PASS,3.9,10,PASS,P ASS,Ramesh K.
MCR-0808,BCH-2023-0808,Tapioca Crisps,Line D,2025-08-31 00:00:00,Aug-2025,Leena D.,8655.0,10000,PASS,410.0,500,PASS,6.6,10,PASS,PASS,Priya S.
MCR-0809,BCH-2023-0809,Jackfruit Chips,Line E,2025-09-01 00:00:00,Aug-2025,Sagar A.,42937.0,10000,FAIL,132.0,500,PASS,6.8,10,PASS,FAIL,Anand M.
MCR-0810,BCH-2023-0810,Okra Chips,Line F,2025-09-02 00:00:00,Sep-2025,Priya S.,2409.0,10000,PASS,425.0,500,PASS,6.3,10,PASS,PASS,Sagar A.
MCR-0811,BCH-2023-0811,Roasted Corn,Line A,2025-09-03 00:00:00,Sep-2025,Anand M.,6842.0,10000,PASS,128.0,500,PASS,17.6,10,FAIL,FAIL,Divya N.
MCR-0812,BCH-2023-0812,Chickpea Snacks,Line B,2025-09-04 00:00:00,Sep-2025,Meena R.,9068.0,10000,PASS,313.0,500,PASS,7.3,10,PASS,PASS,Karthik V.
MCR-0813,BCH-2023-0813,Banana Chips,Line C,2025-09-06 00:00:00,Sep-2025,Karthik V.,5530.0,10000,PASS,305.0,500,PASS,3.8,10,PASS,PASS,Meena R.
MCR-0814,BCH-2023-0814,Sweet Potato Chips,Line D,2025-09-08 00:00:00,Sep-2025,Divya N.,8248.0,10000,PASS,16.0,500,PASS,,10,PASS,PASS,Suresh B.
MCR-0815,BCH-2023-0815,Masala Peanuts,Line E,2025-09-09 00:00:00,Sep-2025,Suresh B.,8547.0,10000,PASS,481.0,500,PASS,7.1,10,PASS,PASS,Ramesh K.
MCR-0816,BCH-2023-0816,Tapioca Crisps,Line F,2025-09-11 00:00:00,Sep-2025,Leena D.,7680.0,10000,PASS,150.0,500,PASS,1.2,10,PASS,PASS,Priya S.
MCR-0817,BCH-2023-0817,Jackfruit Chips,Line A,2025-09-13 00:00:00,Sep-2025,Sagar A.,44312.0,10000,FAIL,416.0,500,PASS,8.1,10,PASS,FAIL,Anand M.
MCR-0818,BCH-2023-0818,Okra Chips,Line B,2025-09-15 00:00:00,Sep-2025,Priya S.,29305.0,10000,FAIL,340.0,500,PASS,,10,PASS,FAIL,Sagar A.
MCR-0819,BCH-2023-0819,Roasted Corn,Line C,2025-09-16 00:00:00,Sep-2025,Anand M.,4850.0,10000,PASS,354.0,500,PASS,0.7,10,PASS,PASS,Divya N.
MCR-0820,BCH-2023-0820,Chickpea Snacks,Line D,2025-09-17 00:00:00,Sep-2025,Meena R.,17475.0,10000,FAIL,1927.0,500,FAIL,6.5,10,PASS,FAIL,Karthik V.
MCR-0821,BCH-2023-0821,Banana Chips,Line E,2025-09-18 00:00:00,Sep-2025,Karthik V.,8379.0,10000,PASS,233.0,500,PASS,2.3,10,PASS,PASS,Meena R.
MCR-0822,BCH-2023-0822,Sweet Potato Chips,Line F,2025-09-20 00:00:00,Sep-2025,Divya N.,,10000,PASS,167.0,500,PASS,2.9,10,PASS,PASS,Suresh B.
MCR-0823,BCH-2023-0823,Masala Peanuts,Line A,2025-09-21 00:00:00,Sep-2025,Suresh B.,9350.0,10000,PASS,471.0,500,PASS,5.1,10,PASS,PASS,Ramesh K.
MCR-0824,BCH-2023-0824,Tapioca Crisps,Line B,2025-09-22 00:00:00,Sep-2025,Leena D.,7771.0,10000,PASS,338.0,500,PASS,3.1,10,PASS,PASS,Priya S.
MCR-0825,BCH-2023-0825,Jackfruit Chips,Line C,2025-09-23 00:00:00,Sep-2025,Sagar A.,8732.0,10000,PASS,460.0,500,PASS,4.7,10,PASS,PASS,Anand M.
MCR-0826,BCH-2023-0826,Okra Chips,Line D,2025-09-24 00:00:00,Sep-2025,Priya S.,5175.0,10000,PASS,481.0,500,PASS,7.3,10,PASS,PASS,Sagar A.
MCR-0827,BCH-2023-0827,Roasted Corn,Line E,2025-09-25 00:00:00,Sep-2025,Anand M.,15411.0,10000,FAIL,181.0,500,PASS,7.8,10,PASS,FAIL,Divya N.
MCR-0828,BCH-2023-0828,Chickpea Snacks,Line F,2025-09-26 00:00:00,Sep-2025,Meena R.,8417.0,10000,PASS,70.0,500,PASS,5.1,10,PASS,PASS,Karthik V.
MCR-0829,BCH-2023-0829,Banana Chips,Line A,2025-09-27 00:00:00,Sep-2025,Karthik V.,790.0,10000,PASS,45.0,500,PASS,2.3,10,PASS,PASS,Meena R.
MCR-0830,BCH-2023-0830,Sweet Potato Chips,Line B,2025-09-29 00:00:00,Sep-2025,Divya N.,6324.0,10000,PASS,55.0,500,PASS,0.2,10,PASS,P ASS,Suresh B.
MCR-0831,BCH-2023-0831,  Masala Peanuts ,Line C,2025-10-01 00:00:00,Sep-2025,Suresh B.,737.0,10000,PASS,,500,PASS,4.5,10,PASS,PASS,Ramesh K.
MCR-0832,BCH-2023-0832,  Tapioca Crisps ,Line D,2025-10-02 00:00:00,Oct-2025,Leena D.,5427.0,10000,PASS,56.0,500,PASS,5.1,10,PASS,PAAS,Priya S.
MCR-0833,BCH-2023-0833,  Jackfruit Chips ,Line E,2025-10-04 00:00:00,Oct-2025,Sagar A.,2213.0,10000,PASS,187.0,500,PASS,5.9,10,PASS,PASS,Anand M.
MCR-0834,BCH-2023-0834,  Okra Chips ,Line F,2025-10-11 00:00:00,Oct-2025,Priya S.,2623.0,10000,PASS,289.0,500,PASS,2.7,10,PASS,PASS,Sagar A.
MCR-0835,BCH-2023-0835,Roasted Corn,Line A,2025-10-13 00:00:00,Oct-2025,Anand M.,539.0,10000,PASS,270.0,500,PASS,2.0,10,PASS,pass ,Divya N.
MCR-0836,BCH-2023-0836,Chickpea Snacks,Line B,2025-10-14 00:00:00,Oct-2025,Meena R.,2728.0,10000,PASS,136.0,500,PASS,2.1,10,PASS,PASS,Karthik V.
MCR-0837,BCH-2023-0837,Banana Chips,Line C,2025-10-16 00:00:00,Oct-2025,Karthik V.,3554.0,10000,PASS,3495.0,500,FAIL,2.5,10,PASS,FAIL,Meena R.
MCR-0838,BCH-2023-0838,Sweet Potato Chips,Line D,2025-10-18 00:00:00,Oct-2025,Divya N.,5799.0,10000,PASS,295.0,500,PASS,2.3,10,PASS,PASS,Suresh B.
MCR-0839,BCH-2023-0839,Masala Peanuts,Line E,2025-10-19 00:00:00,Oct-2025,Suresh B.,14069.0,10000,FAIL,426.0,500,PASS,5.6,10,PASS,FAIL,Ramesh K.
MCR-0840,BCH-2023-0840,Tapioca Crisps,Line F,2025-10-26 00:00:00,Oct-2025,Leena D.,6817.0,10000,PASS,143.0,500,PASS,6.3,10,PASS,PASS,Priya S.
MCR-0841,BCH-2024-0841,Jackfruit Chips,Line A,2025-10-27 00:00:00,Oct-2025,Sagar A.,,10000,PASS,404.0,500,PASS,1.0,10,PASS,PASS,Anand M.
MCR-0842,BCH-2024-0842,Okra Chips,Line B,2025-10-28 00:00:00,Oct-2025,Priya S.,3935.0,10000,PASS,365.0,500,PASS,4.8,10,PASS,PASS,Sagar A.
MCR-0843,BCH-2024-0843,Roasted Corn,Line C,2025-10-29 00:00:00,Oct-2025,Anand M.,451.0,10000,PASS,214.0,500,PASS,2.0,10,PASS,PASS,Divya N.
MCR-0844,BCH-2024-0844,Chickpea Snacks,Line D,2025-10-31 00:00:00,Oct-2025,Meena R.,609.0,10000,PASS,318.0,500,PASS,5.3,10,PASS,P ASS,Karthik V.
MCR-0845,BCH-2024-0845,Banana Chips,Line E,2025-11-01 00:00:00,Oct-2025,Karthik V.,7990.0,10000,PASS,90.0,500,PASS,7.4,10,PASS,PASS,Meena R.
MCR-0846,BCH-2024-0846,  Sweet Potato Chips ,Line F,2025-11-02 00:00:00,Nov-2025,Divya N.,5285.0,10000,PASS,314.0,500,PASS,7.3,10,PASS,PASS,Suresh B.
MCR-0847,BCH-2024-0847,Masala Peanuts,Line A,2025-11-03 00:00:00,Nov-2025,Suresh B.,30886.0,10000,FAIL,263.0,500,PASS,6.9,10,PASS,FAIL,Ramesh K.
MCR-0848,BCH-2024-0848,Tapioca Crisps,Line B,2025-11-04 00:00:00,Nov-2025,Leena D.,-999.0,10000,PASS,244.0,500,PASS,0.5,10,PASS,PASS,Priya S.
MCR-0849,BCH-2024-0849,  Jackfruit Chips ,Line C,2025-11-05 00:00:00,Nov-2025,Sagar A.,7857.0,10000,PASS,189.0,500,PASS,0.8,10,PASS,PASS,Anand M.
MCR-0850,BCH-2024-0850,Okra Chips,Line D,2025-11-08 00:00:00,Nov-2025,Priya S.,6165.0,10000,PASS,81.0,500,PASS,0.7,10,PASS,PASS,Sagar A.
MCR-0851,BCH-2024-0851,  Roasted Corn ,Line E,2025-11-09 00:00:00,Nov-2025,Anand M.,4405.0,10000,PASS,307.0,500,PASS,5.4,10,PASS,PASS,Divya N.
MCR-0852,BCH-2024-0852,Chickpea Snacks,Line F,2025-11-12 00:00:00,Nov-2025,Meena R.,1587.0,10000,PASS,302.0,500,PASS,6.3,10,PASS,PASS,Karthik V.
MCR-0853,BCH-2024-0853,Banana Chips,Line A,2025-11-14 00:00:00,Nov-2025,Karthik V.,7466.0,10000,PASS,186.0,500,PASS,2.4,10,PASS,PASS,Meena R.
MCR-0854,BCH-2024-0854,Sweet Potato Chips,Line B,2025-11-15 00:00:00,Nov-2025,Divya N.,4670.0,10000,PASS,256.0,500,PASS,5.0,10,PASS,PASS,Suresh B.
MCR-0855,BCH-2024-0855,Masala Peanuts,Line C,2025-11-16 00:00:00,Nov-2025,Suresh B.,7053.0,10000,PASS,68.0,500,PASS,1.3,10,PASS,pass ,Ramesh K.
MCR-0856,BCH-2024-0856,Tapioca Crisps,Line D,2025-11-18 00:00:00,Nov-2025,Leena D.,954.0,10000,PASS,279.0,500,PASS,40.8,10,FAIL,FAIL,Priya S.
MCR-0857,BCH-2024-0857,Jackfruit Chips,Line E,2025-11-20 00:00:00,Nov-2025,Sagar A.,,10000,PASS,261.0,500,PASS,7.0,10,PASS,PASS,Anand M.
MCR-0858,BCH-2024-0858,Okra Chips,Line F,2025-11-21 00:00:00,Nov-2025,Priya S.,6905.0,10000,PASS,42.0,500,PASS,6.0,10,PASS,PASS,Sagar A.
MCR-0859,BCH-2024-0859,Roasted Corn,Line A,2025-11-22 00:00:00,Nov-2025,Anand M.,4986.0,10000,PASS,50.0,500,PASS,4.9,10,PASS,PASS,Divya N.
MCR-0860,BCH-2024-0860,  Chickpea Snacks ,Line B,2025-11-24 00:00:00,Nov-2025,Meena R.,3259.0,10000,PASS,265.0,500,PASS,3.9,10,PASS,PASS,Karthik V.
MCR-0861,BCH-2024-0861,Banana Chips,Line C,2025-11-25 00:00:00,Nov-2025,Karthik V.,50833.0,10000,FAIL,150.0,500,PASS,4.2,10,PASS,FAIL,Meena R.
MCR-0862,BCH-2024-0862,Sweet Potato Chips,Line D,2025-11-26 00:00:00,Nov-2025,Divya N.,266.0,10000,PASS,263.0,500,PASS,5.9,10,PASS,PASS,Suresh B.
MCR-0863,BCH-2024-0863,Masala Peanuts,Line E,2025-11-27 00:00:00,Nov-2025,Suresh B.,3798.0,10000,PASS,114.0,500,PASS,4.3,10,PASS,PASS,Ramesh K.
MCR-0864,BCH-2024-0864,Tapioca Crisps,Line F,2025-11-28 00:00:00,Nov-2025,Leena D.,6784.0,10000,PASS,147.0,500,PASS,25.6,10,FAIL,FAIL,Priya S.
MCR-0865,BCH-2024-0865,Jackfruit Chips,Line A,2025-11-30 00:00:00,Nov-2025,Sagar A.,4996.0,10000,PASS,138.0,500,PASS,3.6,10,PASS,PASS,Anand M.
MCR-0866,BCH-2024-0866,Okra Chips,Line B,2025-12-01 00:00:00,Nov-2025,Priya S.,5307.0,10000,PASS,193.0,500,PASS,1.8,10,PASS,PASS,Sagar A.
MCR-0867,BCH-2024-0867,Roasted Corn,Line C,2025-12-02 00:00:00,Dec-2025,Anand M.,5522.0,10000,PASS,305.0,500,PASS,0.4,10,PASS,PASS,Divya N.
MCR-0868,BCH-2024-0868,Chickpea Snacks,Line D,2025-12-07 00:00:00,Dec-2025,Meena R.,5973.0,10000,PASS,181.0,500,PASS,5.3,10,PASS,PASS,Karthik V.
MCR-0869,BCH-2024-0869,Banana Chips,Line E,2025-12-08 00:00:00,Dec-2025,Karthik V.,1938.0,10000,PASS,315.0,500,PASS,2.6,10,PASS,PASS,Meena R.
MCR-0870,BCH-2024-0870,Sweet Potato Chips,Line F,2025-12-09 00:00:00,Dec-2025,Divya N.,3127.0,10000,PASS,284.0,500,PASS,3.6,10,PASS,PASS,Suresh B.
MCR-0871,BCH-2024-0871,Masala Peanuts,Line A,2025-12-11 00:00:00,Dec-2025,Suresh B.,2163.0,10000,PASS,424.0,500,PASS,2.1,10,PASS,PASS,Ramesh K.
MCR-0872,BCH-2024-0872,Tapioca Crisps,Line B,2025-12-12 00:00:00,Dec-2025,Leena D.,4555.0,10000,PASS,380.0,500,PASS,3.3,10,PASS,PASS,Priya S.
MCR-0873,BCH-2024-0873,Jackfruit Chips,Line C,2025-12-13 00:00:00,Dec-2025,Sagar A.,8386.0,10000,PASS,277.0,500,PASS,3.5,10,PASS,PASS,Anand M.
MCR-0874,BCH-2024-0874,Okra Chips,Line D,2025-12-14 00:00:00,Dec-2025,Priya S.,40883.0,10000,FAIL,3631.0,500,FAIL,7.2,10,PASS,FAIL,Sagar A.
MCR-0875,BCH-2024-0875,  Roasted Corn ,Line E,2025-12-16 00:00:00,Dec-2025,Anand M.,,10000,PASS,260.0,500,PASS,0.9,10,PASS,PASS,Divya N.
MCR-0876,BCH-2024-0876,Chickpea Snacks,Line F,2025-12-17 00:00:00,Dec-2025,Meena R.,7205.0,10000,PASS,180.0,500,PASS,5.3,10,PASS,PASS,Karthik V.
MCR-0877,BCH-2024-0877,Banana Chips,Line A,2025-12-18 00:00:00,Dec-2025,Karthik V.,7464.0,10000,PASS,254.0,500,PASS,1.1,10,PASS,PASS,Meena R.
MCR-0878,BCH-2024-0878,Sweet Potato Chips,Line B,2025-12-19 00:00:00,Dec-2025,Divya N.,2416.0,10000,PASS,119.0,500,PASS,6.2,10,PASS,PASS,Suresh B.
MCR-0879,BCH-2024-0879,Masala Peanuts,Line C,2025-12-20 00:00:00,Dec-2025,Suresh B.,,10000,PASS,397.0,500,PASS,1.7,10,PASS,P ASS,Ramesh K.
MCR-0880,BCH-2024-0880,Tapioca Crisps,Line D,2025-12-25 00:00:00,Dec-2025,Leena D.,3959.0,10000,PASS,266.0,500,PASS,1.8,10,PASS,PASS,Priya S.
MCR-0881,BCH-2024-0881,Jackfruit Chips,Line E,2025-12-26 00:00:00,Dec-2025,Sagar A.,7722.0,10000,PASS,142.0,500,PASS,6.4,10,PASS,PASS,Anand M.
MCR-0882,BCH-2024-0882,Okra Chips,Line F,2025-12-27 00:00:00,Dec-2025,Priya S.,8266.0,10000,PASS,,500,PASS,7.5,10,PASS,PASS,Sagar A.
MCR-0883,BCH-2024-0883,Roasted Corn,Line A,2025-12-28 00:00:00,Dec-2025,Anand M.,-999.0,10000,FAIL,3785.0,500,FAIL,,10,PASS,FAIL,Divya N.
MCR-0884,BCH-2024-0884,Chickpea Snacks,Line B,2025-12-30 00:00:00,Dec-2025,Meena R.,5594.0,10000,PASS,271.0,500,PASS,4.8,10,PASS,PASS,Karthik V.
MCR-0885,BCH-2024-0885,Banana Chips,Line C,2025-12-31 00:00:00,Dec-2025,Karthik V.,1870.0,10000,PASS,372.0,500,PASS,,10,PASS,PASS,Meena R.
MCR-0886,BCH-2024-0886,Sweet Potato Chips,Line D,2026-01-01 00:00:00,Dec-2025,Divya N.,8056.0,10000,PASS,349.0,500,PASS,4.3,10,PASS,PASS,Suresh B.
MCR-0887,BCH-2024-0887,Masala Peanuts,Line E,2026-01-02 00:00:00,Jan-2026,Suresh B.,1373.0,10000,PASS,100.0,500,PASS,4.2,10,PASS,PASS,Ramesh K.
MCR-0888,BCH-2024-0888,Tapioca Crisps,Line F,2026-01-03 00:00:00,Jan-2026,Leena D.,4724.0,10000,PASS,237.0,500,PASS,3.3,10,PASS,PASS,Priya S.
MCR-0889,BCH-2024-0889,Jackfruit Chips,Line A,2026-01-04 00:00:00,Jan-2026,Sagar A.,3641.0,10000,PASS,130.0,500,PASS,,10,PASS,PASS,Anand M.
MCR-0890,BCH-2024-0890,Okra Chips,Line B,2026-01-05 00:00:00,Jan-2026,Priya S.,-999.0,10000,PASS,114.0,500,PASS,1.3,10,PASS,PASS,Sagar A.
MCR-0891,BCH-2024-0891,Roasted Corn,Line C,2026-01-07 00:00:00,Jan-2026,Anand M.,3609.0,10000,PASS,110.0,500,PASS,2.0,10,PASS,pass ,Divya N.
MCR-0892,BCH-2024-0892,  Chickpea Snacks ,Line D,2026-01-08 00:00:00,Jan-2026,Meena R.,1845.0,10000,PASS,234.0,500,PASS,6.7,10,PASS,PASS,Karthik V.
MCR-0893,BCH-2024-0893,Banana Chips,Line E,2026-01-09 00:00:00,Jan-2026,Karthik V.,14198.0,10000,FAIL,1623.0,500,FAIL,1.7,10,PASS,FAIL,Meena R.
MCR-0894,BCH-2024-0894,Sweet Potato Chips,Line F,2026-01-12 00:00:00,Jan-2026,Divya N.,6704.0,10000,PASS,30.0,500,PASS,3.5,10,PASS,P ASS,Suresh B.
MCR-0895,BCH-2024-0895,Masala Peanuts,Line A,2026-01-13 00:00:00,Jan-2026,Suresh B.,6661.0,10000,PASS,203.0,500,PASS,2.1,10,PASS,PASS,Ramesh K.
MCR-0896,BCH-2024-0896,Tapioca Crisps,Line B,2026-01-14 00:00:00,Jan-2026,Leena D.,2270.0,10000,PASS,253.0,500,PASS,2.1,10,PASS,PAAS,Priya S.
MCR-0897,BCH-2024-0897,Jackfruit Chips,Line C,2026-01-15 00:00:00,Jan-2026,Sagar A.,7195.0,10000,PASS,384.0,500,PASS,2.2,10,PASS,PAAS,Anand M.
MCR-0898,BCH-2024-0898,Okra Chips,Line D,2026-01-18 00:00:00,Jan-2026,Priya S.,49348.0,10000,FAIL,287.0,500,PASS,8.2,10,PASS,FAIL,Sagar A.
MCR-0899,BCH-2024-0899,Roasted Corn,Line E,2026-01-20 00:00:00,Jan-2026,Anand M.,,10000,PASS,233.0,500,PASS,4.8,10,PASS,PASS,Divya N.
MCR-0900,BCH-2024-0900,Chickpea Snacks,Line F,2026-01-21 00:00:00,Jan-2026,Meena R.,864.0,10000,PASS,28.0,500,PASS,5.0,10,PASS,PASSS,Karthik V.
MCR-0901,BCH-2024-0901,Banana Chips,Line A,2026-01-23 00:00:00,Jan-2026,Karthik V.,5236.0,10000,PASS,393.0,500,PASS,1.6,10,PASS,PASS,Meena R.
MCR-0902,BCH-2024-0902,Sweet Potato Chips,Line B,2026-01-24 00:00:00,Jan-2026,Divya N.,,10000,PASS,358.0,500,PASS,18.5,10,FAIL,FAIL,Suresh B.
MCR-0903,BCH-2024-0903,Masala Peanuts,Line C,2026-01-26 00:00:00,Jan-2026,Suresh B.,7266.0,10000,PASS,393.0,500,PASS,2.9,10,PASS,PASS,Ramesh K.
MCR-0904,BCH-2024-0904,Tapioca Crisps,Line D,2026-01-27 00:00:00,Jan-2026,Leena D.,5456.0,10000,PASS,1251.0,500,FAIL,7.8,10,PASS,FAIL,Priya S.
MCR-0905,BCH-2024-0905,Jackfruit Chips,Line E,2026-01-30 00:00:00,Jan-2026,Sagar A.,5537.0,10000,PASS,35.0,500,PASS,2.6,10,PASS,PASS,Anand M.
MCR-0906,BCH-2024-0906,Okra Chips,Line F,2026-02-04 00:00:00,Feb-2026,Priya S.,1312.0,10000,PASS,681.0,500,FAIL,4.5,10,PASS,FAIL,Sagar A.
MCR-0907,BCH-2024-0907,Roasted Corn,Line A,2026-02-07 00:00:00,Feb-2026,Anand M.,1002.0,10000,PASS,61.0,500,PASS,5.9,10,PASS,PAAS,Divya N.
MCR-0908,BCH-2024-0908,Chickpea Snacks,Line B,2026-02-09 00:00:00,Feb-2026,Meena R.,7249.0,10000,PASS,329.0,500,PASS,4.8,10,PASS,PASS,Karthik V.
MCR-0909,BCH-2024-0909,Banana Chips,Line C,2026-02-11 00:00:00,Feb-2026,Karthik V.,2934.0,10000,PASS,80.0,500,PASS,0.6,10,PASS,PASS,Meena R.
MCR-0910,BCH-2024-0910,Sweet Potato Chips,Line D,2026-02-12 00:00:00,Feb-2026,Divya N.,1059.0,10000,PASS,89.0,500,PASS,,10,PASS,PASS,Suresh B.
MCR-0911,BCH-2024-0911,Masala Peanuts,Line E,2026-02-13 00:00:00,Feb-2026,Suresh B.,3641.0,10000,PASS,310.0,500,PASS,1.1,10,PASS,PASS,Ramesh K.
MCR-0912,BCH-2024-0912,Tapioca Crisps,Line F,2026-02-14 00:00:00,Feb-2026,Leena D.,4016.0,10000,PASS,367.0,500,PASS,2.8,10,PASS,PASS,Priya S.
MCR-0913,BCH-2024-0913,Jackfruit Chips,Line A,2026-02-15 00:00:00,Feb-2026,Sagar A.,6378.0,10000,PASS,343.0,500,PASS,,10,PASS,PASS,Anand M.
MCR-0914,BCH-2024-0914,  Okra Chips ,Line B,2026-02-16 00:00:00,Feb-2026,Priya S.,5200.0,10000,PASS,313.0,500,PASS,3.0,10,PASS,PASS,Sagar A.
MCR-0915,BCH-2024-0915,Roasted Corn,Line C,2026-02-18 00:00:00,Feb-2026,Anand M.,973.0,10000,PASS,81.0,500,PASS,2.8,10,PASS,PASS,Divya N.
MCR-0916,BCH-2024-0916,Chickpea Snacks,Line D,2026-02-19 00:00:00,Feb-2026,Meena R.,2512.0,10000,PASS,243.0,500,PASS,4.7,10,PASS,PASS,Karthik V.
MCR-0917,BCH-2024-0917,Banana Chips,Line E,2026-02-20 00:00:00,Feb-2026,Karthik V.,5984.0,10000,PASS,326.0,500,PASS,3.7,10,PASS,PASSS,Meena R.
MCR-0918,BCH-2024-0918,Sweet Potato Chips,Line F,2026-02-21 00:00:00,Feb-2026,Divya N.,3946.0,10000,PASS,319.0,500,PASS,7.0,10,PASS,PASS,Suresh B.
MCR-0919,BCH-2024-0919,Masala Peanuts,Line A,2026-02-22 00:00:00,Feb-2026,Suresh B.,46617.0,10000,FAIL,701.0,500,FAIL,6.1,10,PASS,FAIL,Ramesh K.
MCR-0920,BCH-2024-0920,Tapioca Crisps,Line B,2026-02-23 00:00:00,Feb-2026,Leena D.,17851.0,10000,FAIL,372.0,500,PASS,,10,PASS,FAIL,Priya S.
MCR-0921,BCH-2024-0921,Jackfruit Chips,Line C,2026-02-24 00:00:00,Feb-2026,Sagar A.,25986.0,10000,FAIL,329.0,500,PASS,4.1,10,PASS,FAIL,Anand M.
MCR-0922,BCH-2024-0922,Okra Chips,Line D,2026-02-25 00:00:00,Feb-2026,Priya S.,7350.0,10000,PASS,3606.0,500,FAIL,6.1,10,PASS,fail,Sagar A.
MCR-0923,BCH-2024-0923,Roasted Corn,Line E,2026-02-26 00:00:00,Feb-2026,Anand M.,42341.0,10000,FAIL,169.0,500,PASS,7.3,10,PASS,FAIL,Divya N.
MCR-0924,BCH-2024-0924,Chickpea Snacks,Line F,2026-02-27 00:00:00,Feb-2026,Meena R.,4145.0,10000,PASS,287.0,500,PASS,,10,PASS,PASS,Karthik V.
MCR-0925,BCH-2024-0925,Banana Chips,Line A,2026-03-01 00:00:00,Feb-2026,Karthik V.,4567.0,10000,PASS,269.0,500,PASS,88888.0,10,PASS,PASS,Meena R.
MCR-0926,BCH-2024-0926,Sweet Potato Chips,Line B,2026-03-03 00:00:00,Mar-2026,Divya N.,,10000,PASS,164.0,500,PASS,3.8,10,PASS,PASS,Suresh B.
MCR-0927,BCH-2024-0927,  Masala Peanuts ,Line C,2026-03-04 00:00:00,Mar-2026,Suresh B.,7529.0,10000,PASS,285.0,500,PASS,3.0,10,PASS,pass ,Ramesh K.
MCR-0928,BCH-2024-0928,Tapioca Crisps,Line D,2026-03-05 00:00:00,Mar-2026,Leena D.,2734.0,10000,PASS,147.0,500,PASS,5.0,10,PASS,PASS,Priya S.
MCR-0929,BCH-2024-0929,Jackfruit Chips,Line E,2026-03-06 00:00:00,Mar-2026,Sagar A.,3812.0,10000,PASS,146.0,500,PASS,5.7,10,PASS,P ASS,Anand M.
MCR-0930,BCH-2024-0930,Okra Chips,Line F,2026-03-07 00:00:00,Mar-2026,Priya S.,1738.0,10000,PASS,97.0,500,PASS,2.5,10,PASS,PASS,Sagar A.
MCR-0931,BCH-2024-0931,Roasted Corn,Line A,2026-03-08 00:00:00,Mar-2026,Anand M.,2920.0,10000,PASS,53.0,500,PASS,5.7,10,PASS,PASS,Divya N.
MCR-0932,BCH-2024-0932,Chickpea Snacks,Line B,2026-03-09 00:00:00,Mar-2026,Meena R.,19522.0,10000,FAIL,308.0,500,PASS,7.1,10,PASS,FAIL,Karthik V.
MCR-0933,BCH-2024-0933,Banana Chips,Line C,2026-03-11 00:00:00,Mar-2026,Karthik V.,1648.0,10000,PASS,,500,PASS,4.2,10,PASS,PASS,Meena R.
MCR-0934,BCH-2024-0934,Sweet Potato Chips,Line D,2026-03-12 00:00:00,Mar-2026,Divya N.,1551.0,10000,PASS,166.0,500,PASS,3.9,10,PASS,PASS,Suresh B.
MCR-0935,BCH-2024-0935,Masala Peanuts,Line E,2026-03-19 00:00:00,Mar-2026,Suresh B.,3942.0,10000,PASS,1246.0,500,FAIL,0.2,10,PASS,FAIL,Ramesh K.
MCR-0936,BCH-2024-0936,Tapioca Crisps,Line F,2026-03-20 00:00:00,Mar-2026,Leena D.,7970.0,10000,PASS,422.0,500,PASS,7.5,10,PASS,PAAS,Priya S.
MCR-0937,BCH-2024-0937,Jackfruit Chips,Line A,2026-03-22 00:00:00,Mar-2026,Sagar A.,,10000,PASS,332.0,500,PASS,3.5,10,PASS,PASS,Anand M.
MCR-0938,BCH-2024-0938,Okra Chips,Line B,2026-03-23 00:00:00,Mar-2026,Priya S.,1378.0,10000,PASS,255.0,500,PASS,3.7,10,PASS,PASS,Sagar A.
MCR-0939,BCH-2024-0939,Roasted Corn,Line C,2026-03-24 00:00:00,Mar-2026,Anand M.,7775.0,10000,PASS,3924.0,500,FAIL,6.8,10,PASS,FAIL,Divya N.
MCR-0940,BCH-2024-0940,Chickpea Snacks,Line D,2026-03-25 00:00:00,Mar-2026,Meena R.,6947.0,10000,PASS,123.0,500,PASS,7.3,10,PASS,PASS,Karthik V.
MCR-0941,BCH-2024-0941,Banana Chips,Line E,2026-03-26 00:00:00,Mar-2026,Karthik V.,2001.0,10000,PASS,398.0,500,PASS,1.2,10,PASS,PASS,Meena R.
MCR-0942,BCH-2024-0942,Sweet Potato Chips,Line F,2026-03-27 00:00:00,Mar-2026,Divya N.,6697.0,10000,PASS,165.0,500,PASS,7.0,10,PASS,pass ,Suresh B.
MCR-0943,BCH-2024-0943,Masala Peanuts,Line A,2026-03-28 00:00:00,Mar-2026,Suresh B.,6274.0,10000,PASS,273.0,500,PASS,3.9,10,PASS,PASS,Ramesh K.
MCR-0944,BCH-2024-0944,Tapioca Crisps,Line B,2026-04-04 00:00:00,Apr-2026,Leena D.,3785.0,10000,PASS,239.0,500,PASS,1.3,10,PASS,PAAS,Priya S.
MCR-0945,BCH-2024-0945,  Jackfruit Chips ,Line C,2026-04-05 00:00:00,Apr-2026,Sagar A.,5523.0,10000,PASS,204.0,500,PASS,4.9,10,PASS,PASS,Anand M.
MCR-0946,BCH-2024-0946,Okra Chips,Line D,2026-04-06 00:00:00,Apr-2026,Priya S.,,10000,PASS,338.0,500,PASS,3.2,10,PASS,PASS,Sagar A.
MCR-0947,BCH-2024-0947,Roasted Corn,Line E,2026-04-07 00:00:00,Apr-2026,Anand M.,7996.0,10000,PASS,76.0,500,PASS,6.8,10,PASS,PASS,Divya N.
MCR-0948,BCH-2024-0948,Chickpea Snacks,Line F,2026-04-08 00:00:00,Apr-2026,Meena R.,6521.0,10000,PASS,231.0,500,PASS,3.7,10,PASS,pass ,Karthik V.
MCR-0949,BCH-2024-0949,Banana Chips,Line A,2026-04-09 00:00:00,Apr-2026,Karthik V.,3443.0,10000,PASS,162.0,500,PASS,7.1,10,PASS,PASS,Meena R.
MCR-0950,BCH-2024-0950,Sweet Potato Chips,Line B,2026-04-11 00:00:00,Apr-2026,Divya N.,6869.0,10000,PASS,249.0,500,PASS,6.3,10,PASS,PASS,Suresh B.
MCR-0951,BCH-2024-0951,Masala Peanuts,Line C,2026-04-14 00:00:00,Apr-2026,Suresh B.,2321.0,10000,PASS,104.0,500,PASS,1.5,10,PASS,pass ,Ramesh K.
MCR-0952,BCH-2024-0952,Tapioca Crisps,Line D,2026-04-15 00:00:00,Apr-2026,Leena D.,7852.0,10000,PASS,188.0,500,PASS,4.9,10,PASS,PASS,Priya S.
MCR-0953,BCH-2024-0953,Jackfruit Chips,Line E,2026-04-16 00:00:00,Apr-2026,Sagar A.,1452.0,10000,PASS,310.0,500,PASS,5.3,10,PASS,P ASS,Anand M.
MCR-0954,BCH-2024-0954,Okra Chips,Line F,2026-04-17 00:00:00,Apr-2026,Priya S.,3700.0,10000,PASS,,500,PASS,5.4,10,PASS,PASS,Sagar A.
MCR-0955,BCH-2024-0955,Roasted Corn,Line A,2026-04-20 00:00:00,Apr-2026,Anand M.,2466.0,10000,PASS,357.0,500,PASS,0.7,10,PASS,PASS,Divya N.
MCR-0956,BCH-2024-0956,  Chickpea Snacks ,Line B,2026-04-21 00:00:00,Apr-2026,Meena R.,2722.0,10000,PASS,329.0,500,PASS,4.1,10,PASS,PASS,Karthik V.
MCR-0957,BCH-2024-0957,Banana Chips,Line C,2026-04-22 00:00:00,Apr-2026,Karthik V.,352.0,10000,PASS,259.0,500,PASS,3.5,10,PASS,PASS,Meena R.
MCR-0958,BCH-2024-0958,  Sweet Potato Chips ,Line D,2026-04-27 00:00:00,Apr-2026,Divya N.,,10000,PASS,354.0,500,PASS,4.4,10,PASS,PASS,Suresh B.
MCR-0959,BCH-2024-0959,Masala Peanuts,Line E,2026-04-28 00:00:00,Apr-2026,Suresh B.,2824.0,10000,PASS,313.0,500,PASS,5.0,10,PASS,PASS,Ramesh K.
MCR-0960,BCH-2024-0960,Tapioca Crisps,Line F,2026-04-29 00:00:00,Apr-2026,Leena D.,7895.0,10000,PASS,341.0,500,PASS,0.4,10,PASS,PASS,Priya S.
MCR-0961,BCH-2024-0961,  Jackfruit Chips ,Line A,2026-04-30 00:00:00,Apr-2026,Sagar A.,9167.0,10000,PASS,3271.0,500,FAIL,1.3,10,PASS,FAIL,Anand M.
MCR-0962,BCH-2024-0962,Okra Chips,Line B,2026-05-01 00:00:00,Apr-2026,Priya S.,3390.0,10000,PASS,257.0,500,PASS,1.8,10,PASS,PASS,Sagar A.
MCR-0963,BCH-2024-0963,Roasted Corn,Line C,2026-05-06 00:00:00,May-2026,Anand M.,7425.0,10000,PASS,,500,PASS,0.9,10,PASS,PASS,Divya N.
MCR-0964,BCH-2024-0964,Chickpea Snacks,Line D,2026-05-07 00:00:00,May-2026,Meena R.,2250.0,10000,PASS,239.0,500,PASS,5.4,10,PASS,PASS,Karthik V.
MCR-0965,BCH-2024-0965,Banana Chips,Line E,2026-05-08 00:00:00,May-2026,Karthik V.,4249.0,10000,PASS,256.0,500,PASS,6.7,10,PASS,PASS,Meena R.
MCR-0966,BCH-2024-0966,Sweet Potato Chips,Line F,2026-05-09 00:00:00,May-2026,Divya N.,205.0,10000,PASS,429.0,500,PASS,1.9,10,PASS,PASS,Suresh B.
MCR-0967,BCH-2024-0967,Masala Peanuts,Line A,2026-05-11 00:00:00,May-2026,Suresh B.,3418.0,10000,PASS,297.0,500,PASS,2.8,10,PASS,PASS,Ramesh K.
MCR-0968,BCH-2024-0968,  Tapioca Crisps ,Line B,2026-05-13 00:00:00,May-2026,Leena D.,25183.0,10000,FAIL,373.0,500,PASS,5.8,10,PASS,FAIL,Priya S.
MCR-0969,BCH-2024-0969,Jackfruit Chips,Line C,2026-05-15 00:00:00,May-2026,Sagar A.,720.0,10000,PASS,247.0,500,PASS,2.4,10,PASS,PASS,Anand M.
MCR-0970,BCH-2024-0970,Okra Chips,Line D,2026-05-16 00:00:00,May-2026,Priya S.,7555.0,10000,PASS,64.0,500,PASS,1.2,10,PASS,PASS,Sagar A.
MCR-0971,BCH-2024-0971,Roasted Corn,Line E,2026-05-18 00:00:00,May-2026,Anand M.,6574.0,10000,PASS,308.0,500,PASS,,10,PASS,PASS,Divya N.
MCR-0972,BCH-2024-0972,Chickpea Snacks,Line F,2026-05-19 00:00:00,May-2026,Meena R.,7116.0,10000,PASS,232.0,500,PASS,0.2,10,PASS,PASS,Karthik V.
MCR-0973,BCH-2024-0973,Banana Chips,Line A,2026-05-20 00:00:00,May-2026,Karthik V.,38127.0,10000,FAIL,279.0,500,PASS,5.3,10,PASS,FAIL,Meena R.
MCR-0974,BCH-2024-0974,Sweet Potato Chips,Line B,2026-05-21 00:00:00,May-2026,Divya N.,1882.0,10000,PASS,1895.0,500,FAIL,5.0,10,PASS,FAIL,Suresh B.
MCR-0975,BCH-2024-0975,Masala Peanuts,Line C,2026-05-22 00:00:00,May-2026,Suresh B.,,10000,PASS,,500,PASS,1.5,10,PASS,PAAS,Ramesh K.
MCR-0976,BCH-2024-0976,Tapioca Crisps,Line D,2026-05-23 00:00:00,May-2026,Leena D.,4663.0,10000,PASS,173.0,500,PASS,5.8,10,PASS,PASS,Priya S.
MCR-0977,BCH-2024-0977,Jackfruit Chips,Line E,2026-05-24 00:00:00,May-2026,Sagar A.,1507.0,10000,PASS,376.0,500,PASS,2.0,10,PASS,PASS,Anand M.
MCR-0978,BCH-2024-0978,Okra Chips,Line F,2026-05-25 00:00:00,May-2026,Priya S.,2510.0,10000,PASS,287.0,500,PASS,2.0,10,PASS,PASS,Sagar A.
MCR-0979,BCH-2024-0979,Roasted Corn,Line A,2026-05-27 00:00:00,May-2026,Anand M.,2802.0,10000,PASS,134.0,500,PASS,1.3,10,PASS,PASS,Divya N.
MCR-0980,BCH-2024-0980,Chickpea Snacks,Line B,2026-05-28 00:00:00,May-2026,Meena R.,1501.0,10000,PASS,369.0,500,PASS,4.0,10,PASS,PASS,Karthik V.
MCR-0981,BCH-2024-0981,Banana Chips,Line C,2026-05-29 00:00:00,May-2026,Karthik V.,5828.0,10000,PASS,134.0,500,PASS,3.1,10,PASS,PASS,Meena R.
MCR-0982,BCH-2024-0982,Sweet Potato Chips,Line D,2026-05-30 00:00:00,May-2026,Divya N.,7308.0,10000,PASS,,500,PASS,6.7,10,PASS,PASS,Suresh B.
MCR-0983,BCH-2024-0983,Masala Peanuts,Line E,2026-05-31 00:00:00,May-2026,Suresh B.,2477.0,10000,PASS,387.0,500,PASS,4.1,10,PASS,PASS,Ramesh K.
MCR-0984,BCH-2024-0984,Tapioca Crisps,Line F,2026-06-01 00:00:00,May-2026,Leena D.,5743.0,10000,PASS,16.0,500,PASS,0.9,10,PASS,PASS,Priya S.
MCR-0985,BCH-2024-0985,Jackfruit Chips,Line A,2026-06-03 00:00:00,Jun-2026,Sagar A.,4144.0,10000,PASS,2140.0,500,FAIL,4.7,10,PASS,FAIL,Anand M.
MCR-0986,BCH-2024-0986,Okra Chips,Line B,2026-06-04 00:00:00,Jun-2026,Priya S.,7241.0,10000,PASS,439.0,500,PASS,3.0,10,PASS,PAAS,Sagar A.
MCR-0987,BCH-2024-0987,Roasted Corn,Line C,2026-06-05 00:00:00,Jun-2026,Anand M.,2114.0,10000,PASS,246.0,500,PASS,7.5,10,PASS,PASSS,Divya N.
MCR-0988,BCH-2024-0988,Chickpea Snacks,Line D,2026-06-07 00:00:00,Jun-2026,Meena R.,4742.0,10000,PASS,2556.0,500,FAIL,0.7,10,PASS,FAIL,Karthik V.
MCR-0989,BCH-2024-0989,Banana Chips,Line E,2026-06-10 00:00:00,Jun-2026,Karthik V.,28205.0,10000,FAIL,61.0,500,PASS,,10,PASS,FAIL,Meena R.
MCR-0990,BCH-2024-0990,Sweet Potato Chips,Line F,2026-06-11 00:00:00,Jun-2026,Divya N.,8359.0,10000,PASS,304.0,500,PASS,5.7,10,PASS,PASS,Suresh B.
MCR-0991,BCH-2024-0991,Masala Peanuts,Line A,2026-06-12 00:00:00,Jun-2026,Suresh B.,701.0,10000,PASS,445.0,500,PASS,1.3,10,PASS,PASS,Ramesh K.
MCR-0992,BCH-2024-0992,Tapioca Crisps,Line B,2026-06-13 00:00:00,Jun-2026,Leena D.,9005.0,10000,PASS,,500,PASS,0.4,10,PASS,PASS,Priya S.
MCR-0993,BCH-2024-0993,Jackfruit Chips,Line C,2026-06-14 00:00:00,Jun-2026,Sagar A.,3450.0,10000,PASS,53.0,500,PASS,7.4,10,PASS,PASS,Anand M.
MCR-0994,BCH-2024-0994,Okra Chips,Line D,2026-06-15 00:00:00,Jun-2026,Priya S.,41014.0,10000,FAIL,420.0,500,PASS,5.9,10,PASS,FAIL,Sagar A.
MCR-0995,BCH-2024-0995,Roasted Corn,Line E,2026-06-16 00:00:00,Jun-2026,Anand M.,3848.0,10000,PASS,208.0,500,PASS,2.5,10,PASS,PASS,Divya N.
MCR-0996,BCH-2024-0996,Chickpea Snacks,Line F,2026-06-19 00:00:00,Jun-2026,Meena R.,1365.0,10000,PASS,70.0,500,PASS,4.7,10,PASS,PASS,Karthik V.
MCR-0997,BCH-2024-0997,Banana Chips,Line A,2026-06-26 00:00:00,Jun-2026,Karthik V.,6329.0,10000,PASS,335.0,500,PASS,7.0,10,PASS,PASS,Meena R.
MCR-0998,BCH-2024-0998,Sweet Potato Chips,Line B,2026-06-27 00:00:00,Jun-2026,Divya N.,7053.0,10000,PASS,368.0,500,PASS,7.4,10,PASS,PASS,Suresh B.
MCR-0999,BCH-2024-0999,Masala Peanuts,Line C,2026-06-29 00:00:00,Jun-2026,Suresh B.,6116.0,10000,PASS,412.0,500,PASS,6.6,10,PASS,PASS,Ramesh K.
MCR-1000,BCH-2024-1000,Tapioca Crisps,Line D,2026-06-30 00:00:00,Jun-2026,Leena D.,49208.0,10000,FAIL,3703.0,500,FAIL,6.3,10,PASS,FAIL,Priya S.
MCR-1001,BCH-2024-1001,Jackfruit Chips,Line E,2026-07-01 00:00:00,Jun-2026,Sagar A.,621.0,10000,PASS,368.0,500,PASS,1.2,10,PASS,PASS,Anand M.
MCR-1002,BCH-2024-1002,Okra Chips,Line F,2026-07-04 00:00:00,Jul-2026,Priya S.,6732.0,10000,PASS,475.0,500,PASS,7.4,10,PASS,PASS,Sagar A.
MCR-1003,BCH-2024-1003,Roasted Corn,Line A,2026-07-05 00:00:00,Jul-2026,Anand M.,13374.0,10000,FAIL,819.0,500,FAIL,7.5,10,PASS,FAIL,Divya N.
MCR-1004,BCH-2024-1004,Chickpea Snacks,Line B,2026-07-06 00:00:00,Jul-2026,Meena R.,3338.0,10000,PASS,319.0,500,PASS,,10,PASS,PASS,Karthik V.
MCR-1005,BCH-2024-1005,Banana Chips,Line C,2026-07-07 00:00:00,Jul-2026,Karthik V.,6304.0,10000,PASS,224.0,500,PASS,7.3,10,PASS,PASS,Meena R.
MCR-1006,BCH-2024-1006,Sweet Potato Chips,Line D,2026-07-08 00:00:00,Jul-2026,Divya N.,16390.0,10000,FAIL,4944.0,500,FAIL,0.6,10,PASS,FAIL,Suresh B.
MCR-1007,BCH-2024-1007,Masala Peanuts,Line E,2026-07-13 00:00:00,Jul-2026,Suresh B.,8377.0,10000,PASS,68.0,500,PASS,1.8,10,PASS,PASS,Ramesh K.
MCR-1008,BCH-2024-1008,Tapioca Crisps,Line F,2026-07-14 00:00:00,Jul-2026,Leena D.,4933.0,10000,PASS,412.0,500,PASS,6.2,10,PASS,PASS,Priya S.
MCR-1009,BCH-2024-1009,Jackfruit Chips,Line A,2026-07-15 00:00:00,Jul-2026,Sagar A.,5997.0,10000,PASS,65.0,500,PASS,7.5,10,PASS,PASS,Anand M.
MCR-1010,BCH-2024-1010,Okra Chips,Line B,2026-07-16 00:00:00,Jul-2026,Priya S.,6902.0,10000,PASS,351.0,500,PASS,4.9,10,PASS,PASS,Sagar A.
MCR-1011,BCH-2024-1011,Roasted Corn,Line C,2026-07-17 00:00:00,Jul-2026,Anand M.,5224.0,10000,PASS,21.0,500,PASS,5.8,10,PASS,PASS,Divya N.
MCR-1012,BCH-2024-1012,Chickpea Snacks,Line D,2026-07-18 00:00:00,Jul-2026,Meena R.,6085.0,10000,PASS,369.0,500,PASS,6.5,10,PASS,PASS,Karthik V.
MCR-1013,BCH-2024-1013,Banana Chips,Line E,2026-07-19 00:00:00,Jul-2026,Karthik V.,3829.0,10000,PASS,467.0,500,PASS,5.2,10,PASS,PASS,Meena R.
MCR-1014,BCH-2024-1014,Sweet Potato Chips,Line F,2026-07-20 00:00:00,Jul-2026,Divya N.,,10000,PASS,3074.0,500,FAIL,2.3,10,PASS,FAIL,Suresh B.
MCR-1015,BCH-2024-1015,Masala Peanuts,Line A,2026-07-23 00:00:00,Jul-2026,Suresh B.,3395.0,10000,PASS,479.0,500,PASS,4.0,10,PASS,PASS,Ramesh K.
MCR-1016,BCH-2024-1016,Tapioca Crisps,Line B,2026-07-24 00:00:00,Jul-2026,Leena D.,9390.0,10000,PASS,60.0,500,PASS,2.4,10,PASS,PASS,Priya S.
MCR-1017,BCH-2024-1017,Jackfruit Chips,Line C,2026-07-25 00:00:00,Jul-2026,Sagar A.,5674.0,10000,PASS,1245.0,500,FAIL,5.0,10,PASS,FAIL,Anand M.
MCR-1018,BCH-2024-1018,Okra Chips,Line D,2026-07-28 00:00:00,Jul-2026,Priya S.,7185.0,10000,PASS,370.0,500,PASS,6.5,10,PASS,PASS,Sagar A.
MCR-1019,BCH-2024-1019,Roasted Corn,Line E,2026-08-02 00:00:00,Aug-2026,Anand M.,18614.0,10000,FAIL,178.0,500,PASS,6.3,10,PASS,FAIL,Divya N.
MCR-1020,BCH-2024-1020,Chickpea Snacks,Line F,2026-08-04 00:00:00,Aug-2026,Meena R.,,10000,PASS,67.0,500,PASS,2.2,10,PASS,PASS,Karthik V.
MCR-1021,BCH-2024-1021,Banana Chips,Line A,2026-08-11 00:00:00,Aug-2026,Karthik V.,2684.0,10000,PASS,207.0,500,PASS,1.9,10,PASS,PASS,Meena R.
MCR-1022,BCH-2024-1022,Sweet Potato Chips,Line B,2026-08-12 00:00:00,Aug-2026,Divya N.,4830.0,10000,PASS,104.0,500,PASS,5.6,10,PASS,PASS,Suresh B.
MCR-1023,BCH-2024-1023,  Masala Peanuts ,Line C,2026-08-14 00:00:00,Aug-2026,Suresh B.,-999.0,10000,FAIL,278.0,500,PASS,1.4,10,PASS,fail,Ramesh K.
MCR-1024,BCH-2024-1024,Tapioca Crisps,Line D,2026-08-15 00:00:00,Aug-2026,Leena D.,3154.0,10000,PASS,1754.0,500,FAIL,6.9,10,PASS,FAIL,Priya S.
MCR-1025,BCH-2024-1025,Jackfruit Chips,Line E,2026-08-16 00:00:00,Aug-2026,Sagar A.,6501.0,10000,PASS,380.0,500,PASS,4.0,10,PASS,PASSS,Anand M.
MCR-1026,BCH-2024-1026,Okra Chips,Line F,2026-08-17 00:00:00,Aug-2026,Priya S.,385.0,10000,PASS,451.0,500,PASS,0.4,10,PASS,PASS,Sagar A.
MCR-1027,BCH-2024-1027,  Roasted Corn ,Line A,2026-08-19 00:00:00,Aug-2026,Anand M.,1503.0,10000,PASS,387.0,500,PASS,6.5,10,PASS,PASS,Divya N.
MCR-1028,BCH-2024-1028,Chickpea Snacks,Line B,2026-08-20 00:00:00,Aug-2026,Meena R.,533.0,10000,PASS,371.0,500,PASS,3.9,10,PASS,PASS,Karthik V.
MCR-1029,BCH-2024-1029,Banana Chips,Line C,2026-08-21 00:00:00,Aug-2026,Karthik V.,2858.0,10000,PASS,116.0,500,PASS,6.7,10,PASS,PASSS,Meena R.
MCR-1030,BCH-2024-1030,  Sweet Potato Chips ,Line D,2026-08-23 00:00:00,Aug-2026,Divya N.,6198.0,10000,PASS,437.0,500,PASS,1.0,10,PASS,PASS,Suresh B.
MCR-1031,BCH-2024-1031,  Masala Peanuts ,Line E,2026-08-24 00:00:00,Aug-2026,Suresh B.,,10000,PASS,231.0,500,PASS,4.0,10,PASS,PASS,Ramesh K.
MCR-1032,BCH-2024-1032,Tapioca Crisps,Line F,2026-08-27 00:00:00,Aug-2026,Leena D.,5238.0,10000,PASS,442.0,500,PASS,3.3,10,PASS,PASS,Priya S.
MCR-1033,BCH-2024-1033,Jackfruit Chips,Line A,2026-09-03 00:00:00,Sep-2026,Sagar A.,40789.0,10000,FAIL,469.0,500,PASS,1.6,10,PASS,FAIL,Anand M.
MCR-1034,BCH-2024-1034,Okra Chips,Line B,2026-09-04 00:00:00,Sep-2026,Priya S.,7921.0,10000,PASS,,500,PASS,6.2,10,PASS,PASS,Sagar A.
MCR-1035,BCH-2024-1035,  Roasted Corn ,Line C,2026-09-06 00:00:00,Sep-2026,Anand M.,3311.0,10000,PASS,302.0,500,PASS,1.7,10,PASS,PAAS,Divya N.
MCR-1036,BCH-2024-1036,Chickpea Snacks,Line D,2026-09-07 00:00:00,Sep-2026,Meena R.,262.0,10000,PASS,55.0,500,PASS,6.3,10,PASS,PASS,Karthik V.
MCR-1037,BCH-2024-1037,Banana Chips,Line E,2026-09-09 00:00:00,Sep-2026,Karthik V.,-999.0,10000,PASS,367.0,500,PASS,4.9,10,PASS,PASS,Meena R.
MCR-1038,BCH-2024-1038,Sweet Potato Chips,Line F,2026-09-10 00:00:00,Sep-2026,Divya N.,6710.0,10000,PASS,1654.0,500,FAIL,6.5,10,PASS,FAIL,Suresh B.
MCR-1039,BCH-2024-1039,Masala Peanuts,Line A,2026-09-12 00:00:00,Sep-2026,Suresh B.,1684.0,10000,PASS,214.0,500,PASS,3.6,10,PASS,PASS,Ramesh K.
MCR-1040,BCH-2024-1040,Tapioca Crisps,Line B,2026-09-13 00:00:00,Sep-2026,Leena D.,519.0,10000,PASS,231.0,500,PASS,3.1,10,PASS,PASS,Priya S.
MCR-1041,BCH-2024-1041,Jackfruit Chips,Line C,2026-09-14 00:00:00,Sep-2026,Sagar A.,45434.0,10000,FAIL,995.0,500,FAIL,2.5,10,PASS,FAIL,Anand M.
MCR-1042,BCH-2024-1042,Okra Chips,Line D,2026-09-16 00:00:00,Sep-2026,Priya S.,2460.0,10000,PASS,293.0,500,PASS,4.6,10,PASS,PASS,Sagar A.
MCR-1043,BCH-2024-1043,Roasted Corn,Line E,2026-09-17 00:00:00,Sep-2026,Anand M.,6586.0,10000,PASS,475.0,500,PASS,3.7,10,PASS,PASS,Divya N.
MCR-1044,BCH-2024-1044,Chickpea Snacks,Line F,2026-09-18 00:00:00,Sep-2026,Meena R.,5337.0,10000,PASS,126.0,500,PASS,7.1,10,PASS,PASS,Karthik V.
MCR-1045,BCH-2024-1045,Banana Chips,Line A,2026-09-19 00:00:00,Sep-2026,Karthik V.,5604.0,10000,PASS,,500,PASS,6.1,10,PASS,PASS,Meena R.
MCR-1046,BCH-2024-1046,Sweet Potato Chips,Line B,2026-09-20 00:00:00,Sep-2026,Divya N.,30833.0,10000,FAIL,,500,PASS,2.1,10,PASS,FAIL,Suresh B.
MCR-1047,BCH-2024-1047,Masala Peanuts,Line C,2026-09-21 00:00:00,Sep-2026,Suresh B.,-999.0,10000,PASS,3131.0,500,FAIL,0.7,10,PASS,FAIL,Ramesh K.
MCR-1048,BCH-2024-1048,Tapioca Crisps,Line D,2026-09-22 00:00:00,Sep-2026,Leena D.,,10000,PASS,,500,PASS,4.7,10,PASS,PASS,Priya S.
MCR-1049,BCH-2024-1049,Jackfruit Chips,Line E,2026-09-23 00:00:00,Sep-2026,Sagar A.,6447.0,10000,PASS,146.0,500,PASS,88888.0,10,PASS,PASS,Anand M.
MCR-1050,BCH-2024-1050,Okra Chips,Line F,2026-09-24 00:00:00,Sep-2026,Priya S.,,10000,PASS,102.0,500,PASS,0.9,10,PASS,PASS,Sagar A.
MCR-1051,BCH-2024-1051,Roasted Corn,Line A,2026-10-01 00:00:00,Sep-2026,Anand M.,4411.0,10000,PASS,17.0,500,PASS,2.5,10,PASS,PASS,Divya N.
MCR-1052,BCH-2024-1052,  Chickpea Snacks ,Line B,2026-10-02 00:00:00,Oct-2026,Meena R.,7467.0,10000,PASS,272.0,500,PASS,1.2,10,PASS,PASS,Karthik V.
MCR-1053,BCH-2024-1053,Banana Chips,Line C,2026-10-03 00:00:00,Oct-2026,Karthik V.,6995.0,10000,PASS,184.0,500,PASS,1.2,10,PASS,PASS,Meena R.
MCR-1054,BCH-2024-1054,  Sweet Potato Chips ,Line D,2026-10-08 00:00:00,Oct-2026,Divya N.,5603.0,10000,PASS,48.0,500,PASS,1.9,10,PASS,pass ,Suresh B.
MCR-1055,BCH-2024-1055,Masala Peanuts,Line E,2026-10-09 00:00:00,Oct-2026,Suresh B.,-999.0,10000,PASS,293.0,500,PASS,6.2,10,PASS,PASS,Ramesh K.
MCR-1056,BCH-2024-1056,  Tapioca Crisps ,Line F,2026-10-10 00:00:00,Oct-2026,Leena D.,2209.0,10000,PASS,102.0,500,PASS,4.9,10,PASS,PASS,Priya S.
MCR-1057,BCH-2024-1057,Jackfruit Chips,Line A,2026-10-11 00:00:00,Oct-2026,Sagar A.,1895.0,10000,PASS,355.0,500,PASS,3.6,10,PASS,PASS,Anand M.
MCR-1058,BCH-2024-1058,  Okra Chips ,Line B,2026-10-12 00:00:00,Oct-2026,Priya S.,7902.0,10000,PASS,281.0,500,PASS,0.5,10,PASS,PASS,Sagar A.
MCR-1059,BCH-2024-1059,Roasted Corn,Line C,2026-10-15 00:00:00,Oct-2026,Anand M.,2992.0,10000,PASS,3510.0,500,FAIL,8.2,10,PASS,FAIL,Divya N.
MCR-1060,BCH-2024-1060,Chickpea Snacks,Line D,2026-10-16 00:00:00,Oct-2026,Meena R.,2960.0,10000,PASS,428.0,500,PASS,1.7,10,PASS,PASS,Karthik V.
MCR-1061,BCH-2024-1061,Banana Chips,Line E,2026-10-17 00:00:00,Oct-2026,Karthik V.,367.0,10000,PASS,2986.0,500,FAIL,3.8,10,PASS,FAIL,Meena R.
MCR-1062,BCH-2024-1062,Sweet Potato Chips,Line F,2026-10-20 00:00:00,Oct-2026,Divya N.,-999.0,10000,PASS,311.0,500,PASS,0.8,10,PASS,PASS,Suresh B.
MCR-1063,BCH-2024-1063,Masala Peanuts,Line A,2026-10-23 00:00:00,Oct-2026,Suresh B.,8255.0,10000,PASS,282.0,500,PASS,3.5,10,PASS,PASS,Ramesh K.
MCR-1064,BCH-2024-1064,Tapioca Crisps,Line B,2026-10-24 00:00:00,Oct-2026,Leena D.,4018.0,10000,PASS,240.0,500,PASS,4.1,10,PASS,PASS,Priya S.
MCR-1065,BCH-2024-1065,Jackfruit Chips,Line C,2026-10-25 00:00:00,Oct-2026,Sagar A.,2086.0,10000,PASS,205.0,500,PASS,2.0,10,PASS,PASS,Anand M.
MCR-1066,BCH-2024-1066,Okra Chips,Line D,2026-10-30 00:00:00,Oct-2026,Priya S.,1087.0,10000,PASS,16.0,500,PASS,5.8,10,PASS,PASS,Sagar A.
MCR-1067,BCH-2024-1067,Roasted Corn,Line E,2026-11-02 00:00:00,Nov-2026,Anand M.,2908.0,10000,PASS,251.0,500,PASS,3.0,10,PASS,PASS,Divya N.
MCR-1068,BCH-2024-1068,Chickpea Snacks,Line F,2026-11-03 00:00:00,Nov-2026,Meena R.,3996.0,10000,PASS,2902.0,500,FAIL,7.0,10,PASS,FAIL,Karthik V.
MCR-1069,BCH-2024-1069,Banana Chips,Line A,2026-11-08 00:00:00,Nov-2026,Karthik V.,8329.0,10000,PASS,69.0,500,PASS,6.1,10,PASS,PASS,Meena R.
MCR-1070,BCH-2024-1070,Sweet Potato Chips,Line B,2026-11-09 00:00:00,Nov-2026,Divya N.,2598.0,10000,PASS,99.0,500,PASS,7.1,10,PASS,PASS,Suresh B.
MCR-1071,BCH-2024-1071,Masala Peanuts,Line C,2026-11-10 00:00:00,Nov-2026,Suresh B.,4809.0,10000,PASS,96.0,500,PASS,6.5,10,PASS,PASS,Ramesh K.
MCR-1072,BCH-2024-1072,Tapioca Crisps,Line D,2026-11-12 00:00:00,Nov-2026,Leena D.,277.0,10000,PASS,361.0,500,PASS,0.2,10,PASS,PASS,Priya S.
MCR-1073,BCH-2024-1073,Jackfruit Chips,Line E,2026-11-14 00:00:00,Nov-2026,Sagar A.,,10000,PASS,81.0,500,PASS,6.3,10,PASS,PASS,Anand M.
MCR-1074,BCH-2024-1074,Okra Chips,Line F,2026-11-16 00:00:00,Nov-2026,Priya S.,,10000,PASS,105.0,500,PASS,5.1,10,PASS,PASS,Sagar A.
MCR-1075,BCH-2024-1075,Roasted Corn,Line A,2026-11-21 00:00:00,Nov-2026,Anand M.,6631.0,10000,PASS,330.0,500,PASS,3.3,10,PASS,PASS,Divya N.
MCR-1076,BCH-2024-1076,Chickpea Snacks,Line B,2026-11-22 00:00:00,Nov-2026,Meena R.,7644.0,10000,PASS,97.0,500,PASS,5.8,10,PASS,PASS,Karthik V.
MCR-1077,BCH-2024-1077,  Banana Chips ,Line C,2026-11-23 00:00:00,Nov-2026,Karthik V.,1274.0,10000,PASS,389.0,500,PASS,3.7,10,PASS,PASS,Meena R.
MCR-1078,BCH-2024-1078,  Sweet Potato Chips ,Line D,2026-11-24 00:00:00,Nov-2026,Divya N.,1750.0,10000,PASS,,500,PASS,2.0,10,PASS,PASS,Suresh B.
MCR-1079,BCH-2024-1079,Masala Peanuts,Line E,2026-11-25 00:00:00,Nov-2026,Suresh B.,10123.0,10000,FAIL,2963.0,500,FAIL,5.4,10,PASS,FAIL,Ramesh K.
MCR-1080,BCH-2024-1080,Tapioca Crisps,Line F,2026-11-28 00:00:00,Nov-2026,Leena D.,-999.0,10000,PASS,389.0,500,PASS,5.7,10,PASS,PAAS,Priya S.
MCR-1081,BCH-2024-1081,Jackfruit Chips,Line A,2026-11-29 00:00:00,Nov-2026,Sagar A.,37579.0,10000,FAIL,1878.0,500,FAIL,2.8,10,PASS,F-Line Error,Anand M.
MCR-1082,BCH-2024-1082,Okra Chips,Line B,2026-11-30 00:00:00,Nov-2026,Priya S.,6063.0,10000,PASS,251.0,500,PASS,6.4,10,PASS,PASS,Sagar A.
MCR-1083,BCH-2024-1083,Roasted Corn,Line C,2026-12-01 00:00:00,Nov-2026,Anand M.,7999.0,10000,PASS,219.0,500,PASS,2.7,10,PASS,PASS,Divya N.
MCR-1084,BCH-2024-1084,Chickpea Snacks,Line D,2026-12-02 00:00:00,Dec-2026,Meena R.,814.0,10000,PASS,391.0,500,PASS,4.0,10,PASS,PASS,Karthik V.
MCR-1085,BCH-2024-1085,Banana Chips,Line E,2026-12-03 00:00:00,Dec-2026,Karthik V.,14523.0,10000,FAIL,1051.0,500,FAIL,4.2,10,PASS,FAIL,Meena R.
MCR-1086,BCH-2024-1086,Sweet Potato Chips,Line F,2026-12-04 00:00:00,Dec-2026,Divya N.,7396.0,10000,PASS,2065.0,500,FAIL,6.9,10,PASS,FAIL,Suresh B.
MCR-1087,BCH-2024-1087,Masala Peanuts,Line A,2026-12-05 00:00:00,Dec-2026,Suresh B.,1368.0,10000,PASS,147.0,500,PASS,4.0,10,PASS,PASS,Ramesh K.
MCR-1088,BCH-2024-1088,Tapioca Crisps,Line B,2026-12-10 00:00:00,Dec-2026,Leena D.,6364.0,10000,PASS,316.0,500,PASS,0.3,10,PASS,PASS,Priya S.
MCR-1089,BCH-2024-1089,Jackfruit Chips,Line C,2026-12-11 00:00:00,Dec-2026,Sagar A.,594.0,10000,PASS,4694.0,500,FAIL,2.1,10,PASS,FAIL,Anand M.
MCR-1090,BCH-2024-1090,Okra Chips,Line D,2026-12-12 00:00:00,Dec-2026,Priya S.,4980.0,10000,PASS,3285.0,500,FAIL,88888.0,10,PASS,FAIL,Sagar A.
MCR-1091,BCH-2024-1091,Roasted Corn,Line E,2026-12-13 00:00:00,Dec-2026,Anand M.,1178.0,10000,PASS,337.0,500,PASS,5.1,10,PASS,PASS,Divya N.
MCR-1092,BCH-2024-1092,Chickpea Snacks,Line F,2026-12-14 00:00:00,Dec-2026,Meena R.,5033.0,10000,PASS,242.0,500,PASS,5.2,10,PASS,PASS,Karthik V.
MCR-1093,BCH-2024-1093,Banana Chips,Line A,2026-12-15 00:00:00,Dec-2026,Karthik V.,-999.0,10000,PASS,364.0,500,PASS,3.4,10,PASS,PASS,Meena R.
MCR-1094,BCH-2024-1094,Sweet Potato Chips,Line B,2026-12-22 00:00:00,Dec-2026,Divya N.,7277.0,10000,PASS,236.0,500,PASS,2.8,10,PASS,PASS,Suresh B.
MCR-1095,BCH-2024-1095,Masala Peanuts,Line C,2026-12-24 00:00:00,Dec-2026,Suresh B.,5063.0,10000,PASS,267.0,500,PASS,0.6,10,PASS,PASS,Ramesh K.
MCR-1096,BCH-2024-1096,Tapioca Crisps,Line D,2026-12-25 00:00:00,Dec-2026,Leena D.,2384.0,10000,PASS,81.0,500,PASS,4.6,10,PASS,PASS,Priya S.
MCR-1097,BCH-2024-1097,Jackfruit Chips,Line E,2026-12-26 00:00:00,Dec-2026,Sagar A.,4850.0,10000,PASS,379.0,500,PASS,5.9,10,PASS,PASS,Anand M.
MCR-1098,BCH-2024-1098,Okra Chips,Line F,2026-12-28 00:00:00,Dec-2026,Priya S.,3127.0,10000,PASS,333.0,500,PASS,1.9,10,PASS,PASS,Sagar A.
MCR-1099,BCH-2024-1099,Roasted Corn,Line A,2026-12-29 00:00:00,Dec-2026,Anand M.,3631.0,10000,PASS,427.0,500,PASS,3.2,10,PASS,PASS,Divya N.
MCR-1100,BCH-2024-1100,Chickpea Snacks,Line B,2027-01-05 00:00:00,Jan-2027,Meena R.,557.0,10000,PASS,,500,PASS,3.1,10,PASS,PASS,Karthik V.
MCR-1101,BCH-2024-1101,Banana Chips,Line C,2027-01-06 00:00:00,Jan-2027,Karthik V.,3367.0,10000,PASS,67.0,500,PASS,1.3,10,PASS,PASS,Meena R.
MCR-1102,BCH-2024-1102,Sweet Potato Chips,Line D,2027-01-07 00:00:00,Jan-2027,Divya N.,8062.0,10000,PASS,439.0,500,PASS,33.0,10,FAIL,FAIL,Suresh B.
MCR-1103,BCH-2024-1103,Masala Peanuts,Line E,2027-01-08 00:00:00,Jan-2027,Suresh B.,5449.0,10000,PASS,389.0,500,PASS,0.2,10,PASS,PASS,Ramesh K.
MCR-1104,BCH-2024-1104,Tapioca Crisps,Line F,2027-01-13 00:00:00,Jan-2027,Leena D.,3235.0,10000,PASS,370.0,500,PASS,6.0,10,PASS,P ASS,Priya S.
MCR-1105,BCH-2024-1105,Jackfruit Chips,Line A,2027-01-14 00:00:00,Jan-2027,Sagar A.,6306.0,10000,PASS,198.0,500,PASS,21.9,10,FAIL,FAIL,Anand M.
MCR-1106,BCH-2024-1106,  Okra Chips ,Line B,2027-01-15 00:00:00,Jan-2027,Priya S.,6167.0,10000,PASS,193.0,500,PASS,4.0,10,PASS,PAAS,Sagar A.
MCR-1107,BCH-2024-1107,Roasted Corn,Line C,2027-01-16 00:00:00,Jan-2027,Anand M.,3798.0,10000,PASS,170.0,500,PASS,3.2,10,PASS,PASS,Divya N.
MCR-1108,BCH-2024-1108,Chickpea Snacks,Line D,2027-01-19 00:00:00,Jan-2027,Meena R.,7995.0,10000,PASS,203.0,500,PASS,5.1,10,PASS,PASS,Karthik V.
MCR-1109,BCH-2024-1109,Banana Chips,Line E,2027-01-22 00:00:00,Jan-2027,Karthik V.,-999.0,10000,PASS,122.0,500,PASS,1.3,10,PASS,PASS,Meena R.
MCR-1110,BCH-2024-1110,Sweet Potato Chips,Line F,2027-01-23 00:00:00,Jan-2027,Divya N.,5801.0,10000,PASS,299.0,500,PASS,3.5,10,PASS,PASS,Suresh B.
MCR-1111,BCH-2024-1111,Masala Peanuts,Line A,2027-01-24 00:00:00,Jan-2027,Suresh B.,6445.0,10000,PASS,,500,PASS,1.4,10,PASS,PASS,Ramesh K.
MCR-1112,BCH-2024-1112,Tapioca Crisps,Line B,2027-01-25 00:00:00,Jan-2027,Leena D.,4784.0,10000,PASS,253.0,500,PASS,4.1,10,PASS,PASS,Priya S.
MCR-1113,BCH-2024-1113,Jackfruit Chips,Line C,2027-01-26 00:00:00,Jan-2027,Sagar A.,40282.0,10000,FAIL,117.0,500,PASS,6.2,10,PASS,FAIL,Anand M.
MCR-1114,BCH-2024-1114,Okra Chips,Line D,2027-01-27 00:00:00,Jan-2027,Priya S.,2178.0,10000,PASS,12.0,500,PASS,4.6,10,PASS,PASS,Sagar A.
MCR-1115,BCH-2024-1115,Roasted Corn,Line E,2027-01-30 00:00:00,Jan-2027,Anand M.,3060.0,10000,PASS,60.0,500,PASS,4.0,10,PASS,PASS,Divya N.
MCR-1116,BCH-2024-1116,Chickpea Snacks,Line F,2027-02-01 00:00:00,Jan-2027,Meena R.,3796.0,10000,PASS,,500,PASS,5.0,10,PASS,PASS,Karthik V.
MCR-1117,BCH-2024-1117,Banana Chips,Line A,2027-02-02 00:00:00,Feb-2027,Karthik V.,4296.0,10000,PASS,48.0,500,PASS,2.2,10,PASS,PASS,Meena R.
MCR-1118,BCH-2024-1118,Sweet Potato Chips,Line B,2027-02-03 00:00:00,Feb-2027,Divya N.,2487.0,10000,PASS,386.0,500,PASS,7.4,10,PASS,PASS,Suresh B.
MCR-1119,BCH-2024-1119,Masala Peanuts,Line C,2027-02-05 00:00:00,Feb-2027,Suresh B.,52370.0,10000,FAIL,118.0,500,PASS,1.3,10,PASS,FAIL,Ramesh K.
MCR-1120,BCH-2024-1120,Tapioca Crisps,Line D,2027-02-06 00:00:00,Feb-2027,Leena D.,4592.0,10000,PASS,429.0,500,PASS,1.2,10,PASS,PASS,Priya S.
MCR-1121,BCH-2024-1121,Jackfruit Chips,Line E,2027-02-07 00:00:00,Feb-2027,Sagar A.,2936.0,10000,PASS,27.0,500,PASS,5.5,10,PASS,P ASS,Anand M.
MCR-1122,BCH-2024-1122,Okra Chips,Line F,2027-02-08 00:00:00,Feb-2027,Priya S.,6437.0,10000,PASS,87.0,500,PASS,7.1,10,PASS,P ASS,Sagar A.
MCR-1123,BCH-2024-1123,Roasted Corn,Line A,2027-02-11 00:00:00,Feb-2027,Anand M.,4790.0,10000,PASS,151.0,500,PASS,6.1,10,PASS,PASS,Divya N.
MCR-1124,BCH-2024-1124,Chickpea Snacks,Line B,2027-02-12 00:00:00,Feb-2027,Meena R.,7891.0,10000,PASS,33.0,500,PASS,0.5,10,PASS,PASS,Karthik V.
MCR-1125,BCH-2024-1125,Banana Chips,Line C,2027-02-13 00:00:00,Feb-2027,Karthik V.,8454.0,10000,PASS,333.0,500,PASS,1.1,10,PASS,PASS,Meena R.
MCR-1126,BCH-2024-1126,Sweet Potato Chips,Line D,2027-02-14 00:00:00,Feb-2027,Divya N.,3666.0,10000,PASS,257.0,500,PASS,2.1,10,PASS,PASS,Suresh B.
MCR-1127,BCH-2024-1127,  Masala Peanuts ,Line E,2027-02-15 00:00:00,Feb-2027,Suresh B.,400.0,10000,PASS,224.0,500,PASS,,10,PASS,PASS,Ramesh K.
MCR-1128,BCH-2024-1128,  Tapioca Crisps ,Line F,2027-02-17 00:00:00,Feb-2027,Leena D.,2323.0,10000,PASS,338.0,500,PASS,4.8,10,PASS,PASS,Priya S.
MCR-1129,BCH-2024-1129,Jackfruit Chips,Line A,2027-02-18 00:00:00,Feb-2027,Sagar A.,6142.0,10000,PASS,117.0,500,PASS,6.4,10,PASS,PASS,Anand M.
MCR-1130,BCH-2024-1130,Okra Chips,Line B,2027-02-19 00:00:00,Feb-2027,Priya S.,1694.0,10000,PASS,121.0,500,PASS,6.5,10,PASS,PASS,Sagar A.
MCR-1131,BCH-2024-1131,Roasted Corn,Line C,2027-02-24 00:00:00,Feb-2027,Anand M.,368.0,10000,PASS,129.0,500,PASS,2.5,10,PASS,pass ,Divya N.
MCR-1132,BCH-2024-1132,Chickpea Snacks,Line D,2027-02-25 00:00:00,Feb-2027,Meena R.,3590.0,10000,PASS,189.0,500,PASS,3.0,10,PASS,PASS,Karthik V.
MCR-1133,BCH-2024-1133,Banana Chips,Line E,2027-02-26 00:00:00,Feb-2027,Karthik V.,6244.0,10000,PASS,197.0,500,PASS,1.3,10,PASS,PASS,Meena R.
MCR-1134,BCH-2024-1134,  Sweet Potato Chips ,Line F,2027-02-27 00:00:00,Feb-2027,Divya N.,1410.0,10000,PASS,397.0,500,PASS,2.8,10,PASS,PASS,Suresh B.
MCR-1135,BCH-2024-1135,Masala Peanuts,Line A,2027-03-01 00:00:00,Feb-2027,Suresh B.,3303.0,10000,PASS,62.0,500,PASS,3.6,10,PASS,PASS,Ramesh K.
MCR-1136,BCH-2024-1136,Tapioca Crisps,Line B,2027-03-04 00:00:00,Mar-2027,Leena D.,7024.0,10000,PASS,226.0,500,PASS,4.6,10,PASS,PASS,Priya S.
MCR-1137,BCH-2024-1137,Jackfruit Chips,Line C,2027-03-05 00:00:00,Mar-2027,Sagar A.,56065.0,10000,FAIL,2965.0,500,FAIL,0.5,10,PASS,FAILL,Anand M.
MCR-1138,BCH-2024-1138,Okra Chips,Line D,2027-03-06 00:00:00,Mar-2027,Priya S.,7960.0,10000,PASS,375.0,500,PASS,,10,PASS,PASS,Sagar A.
MCR-1139,BCH-2024-1139,Roasted Corn,Line E,2027-03-08 00:00:00,Mar-2027,Anand M.,1376.0,10000,PASS,248.0,500,PASS,0.6,10,PASS,PASS,Divya N.
MCR-1140,BCH-2024-1140,Chickpea Snacks,Line F,2027-03-13 00:00:00,Mar-2027,Meena R.,2456.0,10000,PASS,336.0,500,PASS,0.2,10,PASS,PASSS,Karthik V.
MCR-1141,BCH-2024-1141,Banana Chips,Line A,2027-03-14 00:00:00,Mar-2027,Karthik V.,6301.0,10000,PASS,81.0,500,PASS,2.5,10,PASS,PASS,Meena R.
MCR-1142,BCH-2024-1142,Sweet Potato Chips,Line B,2027-03-15 00:00:00,Mar-2027,Divya N.,759.0,10000,PASS,375.0,500,PASS,0.5,10,PASS,PASS,Suresh B.
MCR-1143,BCH-2024-1143,Masala Peanuts,Line C,2027-03-16 00:00:00,Mar-2027,Suresh B.,6036.0,10000,PASS,428.0,500,PASS,1.1,10,PASS,PASS,Ramesh K.
MCR-1144,BCH-2024-1144,Tapioca Crisps,Line D,2027-03-17 00:00:00,Mar-2027,Leena D.,3454.0,10000,PASS,8.0,500,PASS,2.4,10,PASS,PASS,Priya S.
MCR-1145,BCH-2024-1145,Jackfruit Chips,Line E,2027-03-20 00:00:00,Mar-2027,Sagar A.,5054.0,10000,PASS,330.0,500,PASS,2.4,10,PASS,PASS,Anand M.
MCR-1146,BCH-2024-1146,Okra Chips,Line F,2027-03-21 00:00:00,Mar-2027,Priya S.,1392.0,10000,PASS,376.0,500,PASS,2.9,10,PASS,PASS,Sagar A.
MCR-1147,BCH-2024-1147,  Roasted Corn ,Line A,2027-03-22 00:00:00,Mar-2027,Anand M.,1452.0,10000,PASS,96.0,500,PASS,2.6,10,PASS,PASS,Divya N.
MCR-1148,BCH-2024-1148,Chickpea Snacks,Line B,2027-03-24 00:00:00,Mar-2027,Meena R.,3125.0,10000,PASS,,500,PASS,2.1,10,PASS,PASS,Karthik V.
MCR-1149,BCH-2024-1149,Banana Chips,Line C,2027-03-25 00:00:00,Mar-2027,Karthik V.,2713.0,10000,PASS,176.0,500,PASS,4.5,10,PASS,PAAS,Meena R.
MCR-1150,BCH-2024-1150,Sweet Potato Chips,Line D,2027-03-26 00:00:00,Mar-2027,Divya N.,21668.0,10000,FAIL,110.0,500,PASS,4.6,10,PASS,fail,Suresh B.
MCR-1151,BCH-2024-1151,Masala Peanuts,Line E,2027-03-28 00:00:00,Mar-2027,Suresh B.,2960.0,10000,PASS,231.0,500,PASS,2.7,10,PASS,pass ,Ramesh K.
MCR-1152,BCH-2024-1152,Tapioca Crisps,Line F,2027-03-29 00:00:00,Mar-2027,Leena D.,28409.0,10000,FAIL,1843.0,500,FAIL,4.9,10,PASS,FAIL,Priya S.
MCR-1153,BCH-2024-1153,Jackfruit Chips,Line A,2027-03-30 00:00:00,Mar-2027,Sagar A.,1698.0,10000,PASS,180.0,500,PASS,3.1,10,PASS,PASS,Anand M.
MCR-1154,BCH-2024-1154,Okra Chips,Line B,2027-04-04 00:00:00,Apr-2027,Priya S.,7265.0,10000,PASS,2583.0,500,FAIL,4.0,10,PASS,FAIL,Sagar A.
MCR-1155,BCH-2024-1155,Roasted Corn,Line C,2027-04-05 00:00:00,Apr-2027,Anand M.,4583.0,10000,PASS,81.0,500,PASS,,10,PASS,PASS,Divya N.
MCR-1156,BCH-2024-1156,Chickpea Snacks,Line D,2027-04-06 00:00:00,Apr-2027,Meena R.,8099.0,10000,PASS,64.0,500,PASS,3.8,10,PASS,PASS,Karthik V.
MCR-1157,BCH-2024-1157,  Banana Chips ,Line E,2027-04-07 00:00:00,Apr-2027,Karthik V.,7795.0,10000,PASS,311.0,500,PASS,0.9,10,PASS,PASS,Meena R.
MCR-1158,BCH-2024-1158,Sweet Potato Chips,Line F,2027-04-09 00:00:00,Apr-2027,Divya N.,3662.0,10000,PASS,45.0,500,PASS,0.7,10,PASS,PASS,Suresh B.
MCR-1159,BCH-2024-1159,Masala Peanuts,Line A,2027-04-11 00:00:00,Apr-2027,Suresh B.,8448.0,10000,PASS,44.0,500,PASS,7.4,10,PASS,PASS,Ramesh K.
MCR-1160,BCH-2024-1160,Tapioca Crisps,Line B,2027-04-14 00:00:00,Apr-2027,Leena D.,,10000,PASS,21.0,500,PASS,1.3,10,PASS,PASS,Priya S.
MCR-1161,BCH-2024-1161,Jackfruit Chips,Line C,2027-04-15 00:00:00,Apr-2027,Sagar A.,-999.0,10000,PASS,344.0,500,PASS,5.0,10,PASS,PASS,Anand M.
MCR-1162,BCH-2024-1162,Okra Chips,Line D,2027-04-16 00:00:00,Apr-2027,Priya S.,6120.0,10000,PASS,141.0,500,PASS,2.9,10,PASS,PASS,Sagar A.
MCR-1163,BCH-2024-1163,Roasted Corn,Line E,2027-04-17 00:00:00,Apr-2027,Anand M.,5078.0,10000,PASS,231.0,500,PASS,2.3,10,PASS,PASS,Divya N.
MCR-1164,BCH-2024-1164,Chickpea Snacks,Line F,2027-04-20 00:00:00,Apr-2027,Meena R.,340.0,10000,PASS,,500,PASS,,10,PASS,PASS,Karthik V.
MCR-1165,BCH-2024-1165,Banana Chips,Line A,2027-04-27 00:00:00,Apr-2027,Karthik V.,6868.0,10000,PASS,458.0,500,PASS,28.3,10,FAIL,FAIL,Meena R.
MCR-1166,BCH-2024-1166,Sweet Potato Chips,Line B,2027-04-29 00:00:00,Apr-2027,Divya N.,8248.0,10000,PASS,222.0,500,PASS,14.4,10,FAIL,FAIL,Suresh B.
MCR-1167,BCH-2024-1167,Masala Peanuts,Line C,2027-04-30 00:00:00,Apr-2027,Suresh B.,4706.0,10000,PASS,78.0,500,PASS,4.9,10,PASS,PASS,Ramesh K.
MCR-1168,BCH-2024-1168,Tapioca Crisps,Line D,2027-05-03 00:00:00,May-2027,Leena D.,-999.0,10000,PASS,,500,PASS,0.6,10,PASS,PASS,Priya S.
MCR-1169,BCH-2024-1169,Jackfruit Chips,Line E,2027-05-04 00:00:00,May-2027,Sagar A.,,10000,PASS,,500,PASS,,10,FAIL,FAIL,Anand M.
MCR-1170,BCH-2024-1170,Okra Chips,Line F,2027-05-05 00:00:00,May-2027,Priya S.,2061.0,10000,PASS,5.0,500,PASS,4.5,10,PASS,PASS,Sagar A.
MCR-1171,BCH-2024-1171,Roasted Corn,Line A,2027-05-06 00:00:00,May-2027,Anand M.,2362.0,10000,PASS,326.0,500,PASS,2.6,10,PASS,PASS,Divya N.
MCR-1172,BCH-2024-1172,Chickpea Snacks,Line B,2027-05-07 00:00:00,May-2027,Meena R.,8025.0,10000,PASS,,500,PASS,,10,PASS,PASS,Karthik V.
MCR-1173,BCH-2024-1173,  Banana Chips ,Line C,2027-05-08 00:00:00,May-2027,Karthik V.,73410.0,10000,FAIL,253.0,500,PASS,5.3,10,PASS,FAIL,Meena R.
MCR-1174,BCH-2024-1174,  Sweet Potato Chips ,Line D,2027-05-09 00:00:00,May-2027,Divya N.,3240.0,10000,PASS,166.0,500,PASS,7.2,10,PASS,PASS,Suresh B.
MCR-1175,BCH-2024-1175,Masala Peanuts,Line E,2027-05-10 00:00:00,May-2027,Suresh B.,3555.0,10000,PASS,31.0,500,PASS,1.1,10,PASS,P ASS,Ramesh K.
MCR-1176,BCH-2024-1176,Tapioca Crisps,Line F,2027-05-12 00:00:00,May-2027,Leena D.,4496.0,10000,PASS,212.0,500,PASS,4.7,10,PASS,PASS,Priya S.
MCR-1177,BCH-2024-1177,  Jackfruit Chips ,Line A,2027-05-13 00:00:00,May-2027,Sagar A.,7054.0,10000,PASS,55.0,500,PASS,0.3,10,PASS,PASS,Anand M.
MCR-1178,BCH-2024-1178,Okra Chips,Line B,2027-05-15 00:00:00,May-2027,Priya S.,987.0,10000,PASS,115.0,500,PASS,1.0,10,PASS,PASS,Sagar A.
MCR-1179,BCH-2024-1179,Roasted Corn,Line C,2027-05-17 00:00:00,May-2027,Anand M.,55823.0,10000,FAIL,83.0,500,PASS,5.2,10,PASS,FAIL,Divya N.
MCR-1180,BCH-2024-1180,Chickpea Snacks,Line D,2027-05-18 00:00:00,May-2027,Meena R.,1855.0,10000,PASS,284.0,500,PASS,5.2,10,PASS,P ASS,Karthik V.
MCR-1181,BCH-2024-1181,Banana Chips,Line E,2027-05-19 00:00:00,May-2027,Karthik V.,7606.0,10000,PASS,235.0,500,PASS,0.7,10,PASS,PASS,Meena R.
MCR-1182,BCH-2024-1182,Sweet Potato Chips,Line F,2027-05-20 00:00:00,May-2027,Divya N.,36501.0,10000,FAIL,33.0,500,PASS,3.2,10,PASS,FAIL,Suresh B.
MCR-1183,BCH-2024-1183,Masala Peanuts,Line A,2027-05-21 00:00:00,May-2027,Suresh B.,4565.0,10000,PASS,153.0,500,PASS,0.4,10,PASS,PASS,Ramesh K.
MCR-1184,BCH-2024-1184,Tapioca Crisps,Line B,2027-05-24 00:00:00,May-2027,Leena D.,19842.0,10000,FAIL,429.0,500,PASS,0.4,10,PASS,FAIL,Priya S.
MCR-1185,BCH-2024-1185,Jackfruit Chips,Line C,2027-05-25 00:00:00,May-2027,Sagar A.,3355.0,10000,PASS,421.0,500,PASS,4.7,10,PASS,P ASS,Anand M.
MCR-1186,BCH-2024-1186,Okra Chips,Line D,2027-05-26 00:00:00,May-2027,Priya S.,6139.0,10000,PASS,34.0,500,PASS,0.5,10,PASS,PASS,Sagar A.
MCR-1187,BCH-2024-1187,Roasted Corn,Line E,2027-05-27 00:00:00,May-2027,Anand M.,2752.0,10000,PASS,104.0,500,PASS,1.1,10,PASS,PASS,Divya N.
MCR-1188,BCH-2024-1188,Chickpea Snacks,Line F,2027-05-28 00:00:00,May-2027,Meena R.,574.0,10000,PASS,256.0,500,PASS,2.2,10,PASS,PASS,Karthik V.
MCR-1189,BCH-2024-1189,Banana Chips,Line A,2027-06-02 00:00:00,Jun-2027,Karthik V.,9520.0,10000,PASS,57.0,500,PASS,7.3,10,PASS,PASS,Meena R.
MCR-1190,BCH-2024-1190,Sweet Potato Chips,Line B,2027-06-04 00:00:00,Jun-2027,Divya N.,8035.0,10000,PASS,129.0,500,PASS,,10,PASS,pass ,Suresh B.
MCR-1191,BCH-2024-1191,Masala Peanuts,Line C,2027-06-09 00:00:00,Jun-2027,Suresh B.,6250.0,10000,PASS,127.0,500,PASS,6.6,10,PASS,PASSS,Ramesh K.
MCR-1192,BCH-2024-1192,  Tapioca Crisps ,Line D,2027-06-10 00:00:00,Jun-2027,Leena D.,4091.0,10000,PASS,88.0,500,PASS,5.8,10,PASS,PASS,Priya S.
MCR-1193,BCH-2024-1193,Jackfruit Chips,Line E,2027-06-13 00:00:00,Jun-2027,Sagar A.,24692.0,10000,FAIL,337.0,500,PASS,0.3,10,PASS,FAIL,Anand M.
MCR-1194,BCH-2024-1194,  Okra Chips ,Line F,2027-06-14 00:00:00,Jun-2027,Priya S.,1058.0,10000,PASS,377.0,500,PASS,1.0,10,PASS,PASS,Sagar A.
MCR-1195,BCH-2024-1195,Roasted Corn,Line A,2027-06-15 00:00:00,Jun-2027,Anand M.,,10000,PASS,181.0,500,PASS,6.9,10,PASS,PASS,Divya N.
MCR-1196,BCH-2024-1196,Chickpea Snacks,Line B,2027-06-16 00:00:00,Jun-2027,Meena R.,4937.0,10000,PASS,324.0,500,PASS,,10,PASS,PASS,Karthik V.
MCR-1197,BCH-2024-1197,Banana Chips,Line C,2027-06-17 00:00:00,Jun-2027,Karthik V.,699.0,10000,PASS,328.0,500,PASS,0.7,10,PASS,PASS,Meena R.
MCR-1198,BCH-2024-1198,Sweet Potato Chips,Line D,2027-06-22 00:00:00,Jun-2027,Divya N.,4477.0,10000,PASS,435.0,500,PASS,1.5,10,PASS,PASS,Suresh B.
MCR-1199,BCH-2024-1199,Masala Peanuts,Line E,2027-06-23 00:00:00,Jun-2027,Suresh B.,2997.0,10000,PASS,267.0,500,PASS,6.0,10,PASS,PASS,Ramesh K.
MCR-1200,BCH-2024-1200,Tapioca Crisps,Line F,2027-06-24 00:00:00,Jun-2027,Leena D.,4896.0,10000,PASS,39.0,500,PASS,1.3,10,PASS,PAAS,Priya S.
MCR-1201,BCH-2024-1201,Jackfruit Chips,Line A,2027-06-25 00:00:00,Jun-2027,Sagar A.,7179.0,10000,PASS,48.0,500,PASS,0.9,10,PASS,PASS,Anand M.
MCR-1202,BCH-2024-1202,Okra Chips,Line B,2027-06-27 00:00:00,Jun-2027,Priya S.,,10000,PASS,337.0,500,PASS,4.4,10,PASS,PASS,Sagar A.
MCR-1203,BCH-2024-1203,Roasted Corn,Line C,2027-06-29 00:00:00,Jun-2027,Anand M.,,10000,PASS,233.0,500,PASS,7.2,10,PASS,PAAS,Divya N.
MCR-1204,BCH-2024-1204,  Chickpea Snacks ,Line D,2027-06-30 00:00:00,Jun-2027,Meena R.,4168.0,10000,PASS,457.0,500,PASS,5.2,10,PASS,PASS,Karthik V.
MCR-1205,BCH-2024-1205,  Banana Chips ,Line E,2027-07-02 00:00:00,Jul-2027,Karthik V.,42717.0,10000,FAIL,578.0,500,FAIL,4.0,10,PASS,FAIL,Meena R.
MCR-1206,BCH-2024-1206,Sweet Potato Chips,Line F,2027-07-03 00:00:00,Jul-2027,Divya N.,4889.0,10000,PASS,296.0,500,PASS,6.7,10,PASS,PASS,Suresh B.
MCR-1207,BCH-2024-1207,Masala Peanuts,Line A,2027-07-04 00:00:00,Jul-2027,Suresh B.,5124.0,10000,PASS,384.0,500,PASS,0.4,10,PASS,PASS,Ramesh K.
MCR-1208,BCH-2024-1208,Tapioca Crisps,Line B,2027-07-05 00:00:00,Jul-2027,Leena D.,20868.0,10000,FAIL,262.0,500,PASS,1.0,10,PASS,FAIL,Priya S.
MCR-1209,BCH-2024-1209,Jackfruit Chips,Line C,2027-07-06 00:00:00,Jul-2027,Sagar A.,1725.0,10000,PASS,477.0,500,PASS,3.8,10,PASS,PASS,Anand M.
MCR-1210,BCH-2024-1210,Okra Chips,Line D,2027-07-09 00:00:00,Jul-2027,Priya S.,2715.0,10000,PASS,411.0,500,PASS,3.4,10,PASS,PASS,Sagar A.
MCR-1211,BCH-2024-1211,  Roasted Corn ,Line E,2027-07-10 00:00:00,Jul-2027,Anand M.,2074.0,10000,PASS,41.0,500,PASS,,10,PASS,PASS,Divya N.
MCR-1212,BCH-2024-1212,Chickpea Snacks,Line F,2027-07-11 00:00:00,Jul-2027,Meena R.,1475.0,10000,PASS,45.0,500,PASS,5.1,10,PASS,PASS,Karthik V.
MCR-1213,BCH-2024-1213,Banana Chips,Line A,2027-07-12 00:00:00,Jul-2027,Karthik V.,-999.0,10000,PASS,455.0,500,PASS,6.9,10,PASS,PASSS,Meena R.
MCR-1214,BCH-2024-1214,Sweet Potato Chips,Line B,2027-07-13 00:00:00,Jul-2027,Divya N.,2787.0,10000,PASS,411.0,500,PASS,0.8,10,PASS,pass ,Suresh B.
MCR-1215,BCH-2024-1215,Masala Peanuts,Line C,2027-07-14 00:00:00,Jul-2027,Suresh B.,2394.0,10000,PASS,361.0,500,PASS,6.7,10,PASS,PASS,Ramesh K.
MCR-1216,BCH-2024-1216,Tapioca Crisps,Line D,2027-07-17 00:00:00,Jul-2027,Leena D.,9639.0,10000,PASS,380.0,500,PASS,1.1,10,PASS,PASS,Priya S.
MCR-1217,BCH-2024-1217,Jackfruit Chips,Line E,2027-07-18 00:00:00,Jul-2027,Sagar A.,1847.0,10000,PASS,266.0,500,PASS,6.2,10,PASS,PASS,Anand M.
MCR-1218,BCH-2024-1218,Okra Chips,Line F,2027-07-19 00:00:00,Jul-2027,Priya S.,8768.0,10000,PASS,,500,PASS,2.3,10,PASS,PASS,Sagar A.
MCR-1219,BCH-2024-1219,Roasted Corn,Line A,2027-07-20 00:00:00,Jul-2027,Anand M.,25208.0,10000,FAIL,3537.0,500,FAIL,1.7,10,PASS,FAIL,Divya N.
MCR-1220,BCH-2024-1220,Chickpea Snacks,Line B,2027-07-22 00:00:00,Jul-2027,Meena R.,5461.0,10000,PASS,353.0,500,PASS,7.3,10,PASS,PASS,Karthik V.
MCR-1221,BCH-2024-1221,Banana Chips,Line C,2027-07-23 00:00:00,Jul-2027,Karthik V.,3939.0,10000,PASS,23.0,500,PASS,1.4,10,PASS,PASS,Meena R.
MCR-1222,BCH-2024-1222,Sweet Potato Chips,Line D,2027-07-25 00:00:00,Jul-2027,Divya N.,56597.0,10000,FAIL,275.0,500,PASS,1.3,10,PASS,FAIL,Suresh B.
MCR-1223,BCH-2024-1223,Masala Peanuts,Line E,2027-07-26 00:00:00,Jul-2027,Suresh B.,4853.0,10000,PASS,218.0,500,PASS,5.5,10,PASS,PASS,Ramesh K.
MCR-1224,BCH-2024-1224,Tapioca Crisps,Line F,2027-07-27 00:00:00,Jul-2027,Leena D.,3799.0,10000,PASS,2232.0,500,FAIL,6.9,10,PASS,FAIL,Priya S.
MCR-1225,BCH-2024-1225,Jackfruit Chips,Line A,2027-07-29 00:00:00,Jul-2027,Sagar A.,3545.0,10000,PASS,41.0,500,PASS,2.8,10,PASS,PASS,Anand M.
MCR-1226,BCH-2024-1226,Okra Chips,Line B,2027-07-31 00:00:00,Jul-2027,Priya S.,4399.0,10000,PASS,374.0,500,PASS,1.9,10,PASS,PASS,Sagar A.
MCR-1227,BCH-2024-1227,Roasted Corn,Line C,2027-08-01 00:00:00,Jul-2027,Anand M.,9150.0,10000,PASS,47.0,500,PASS,5.0,10,PASS,PASS,Divya N.
MCR-1228,BCH-2024-1228,Chickpea Snacks,Line D,2027-08-02 00:00:00,Aug-2027,Meena R.,56549.0,10000,FAIL,2038.0,500,FAIL,7.9,10,PASS,FAIL,Karthik V.
MCR-1229,BCH-2024-1229,Banana Chips,Line E,2027-08-04 00:00:00,Aug-2027,Karthik V.,9032.0,10000,PASS,23.0,500,PASS,2.6,10,PASS,PASS,Meena R.
MCR-1230,BCH-2024-1230,Sweet Potato Chips,Line F,2027-08-11 00:00:00,Aug-2027,Divya N.,6635.0,10000,PASS,298.0,500,PASS,5.7,10,PASS,PASS,Suresh B.
MCR-1231,BCH-2024-1231,Masala Peanuts,Line A,2027-08-18 00:00:00,Aug-2027,Suresh B.,1880.0,10000,PASS,252.0,500,PASS,6.3,10,PASS,PASS,Ramesh K.
MCR-1232,BCH-2024-1232,Tapioca Crisps,Line B,2027-08-19 00:00:00,Aug-2027,Leena D.,4504.0,10000,PASS,107.0,500,PASS,1.8,10,PASS,PASS,Priya S.
MCR-1233,BCH-2024-1233,Jackfruit Chips,Line C,2027-08-24 00:00:00,Aug-2027,Sagar A.,9297.0,10000,PASS,452.0,500,PASS,4.6,10,PASS,PASS,Anand M.
MCR-1234,BCH-2024-1234,  Okra Chips ,Line D,2027-08-26 00:00:00,Aug-2027,Priya S.,,10000,PASS,152.0,500,PASS,0.3,10,PASS,PASS,Sagar A.
MCR-1235,BCH-2024-1235,Roasted Corn,Line E,2027-08-27 00:00:00,Aug-2027,Anand M.,5978.0,10000,PASS,377.0,500,PASS,6.5,10,PASS,PAAS,Divya N.
MCR-1236,BCH-2024-1236,Chickpea Snacks,Line F,2027-08-28 00:00:00,Aug-2027,Meena R.,2068.0,10000,PASS,32.0,500,PASS,4.5,10,PASS,PAAS,Karthik V.
MCR-1237,BCH-2024-1237,Banana Chips,Line A,2027-08-29 00:00:00,Aug-2027,Karthik V.,6415.0,10000,PASS,469.0,500,PASS,5.9,10,PASS,PASS,Meena R.
MCR-1238,BCH-2024-1238,Sweet Potato Chips,Line B,2027-08-31 00:00:00,Aug-2027,Divya N.,7220.0,10000,PASS,452.0,500,PASS,3.2,10,PASS,PASS,Suresh B.
MCR-1239,BCH-2024-1239,Masala Peanuts,Line C,2027-09-05 00:00:00,Sep-2027,Suresh B.,4238.0,10000,PASS,213.0,500,PASS,1.3,10,PASS,PASS,Ramesh K.
MCR-1240,BCH-2024-1240,Tapioca Crisps,Line D,2027-09-06 00:00:00,Sep-2027,Leena D.,6268.0,10000,PASS,373.0,500,PASS,6.6,10,PASS,PASS,Priya S.
MCR-1241,BCH-2024-1241,Jackfruit Chips,Line E,2027-09-07 00:00:00,Sep-2027,Sagar A.,2751.0,10000,PASS,208.0,500,PASS,5.8,10,PASS,PASS,Anand M.
MCR-1242,BCH-2024-1242,Okra Chips,Line F,2027-09-08 00:00:00,Sep-2027,Priya S.,576.0,10000,PASS,114.0,500,PASS,7.1,10,PASS,PASS,Sagar A.
MCR-1243,BCH-2024-1243,Roasted Corn,Line A,2027-09-13 00:00:00,Sep-2027,Anand M.,3880.0,10000,PASS,105.0,500,PASS,5.3,10,PASS,PASS,Divya N.
MCR-1244,BCH-2024-1244,Chickpea Snacks,Line B,2027-09-14 00:00:00,Sep-2027,Meena R.,5962.0,10000,PASS,394.0,500,PASS,6.1,10,PASS,PASS,Karthik V.
MCR-1245,BCH-2024-1245,Banana Chips,Line C,2027-09-16 00:00:00,Sep-2027,Karthik V.,3512.0,10000,PASS,277.0,500,PASS,,10,PASS,pass ,Meena R.
MCR-1246,BCH-2024-1246,Sweet Potato Chips,Line D,2027-09-17 00:00:00,Sep-2027,Divya N.,52888.0,10000,FAIL,65.0,500,PASS,2.3,10,PASS,FAIL,Suresh B.
MCR-1247,BCH-2024-1247,  Masala Peanuts ,Line E,2027-09-18 00:00:00,Sep-2027,Suresh B.,9117.0,10000,PASS,95.0,500,PASS,24.9,10,FAIL,FAIL,Ramesh K.
MCR-1248,BCH-2024-1248,  Tapioca Crisps ,Line F,2027-09-19 00:00:00,Sep-2027,Leena D.,,10000,PASS,344.0,500,PASS,7.4,10,PASS,PASS,Priya S.
MCR-1249,BCH-2024-1249,Jackfruit Chips,Line A,2027-09-20 00:00:00,Sep-2027,Sagar A.,2617.0,10000,PASS,391.0,500,PASS,3.0,10,PASS,PASS,Anand M.
MCR-1250,BCH-2024-1250,Okra Chips,Line B,2027-09-21 00:00:00,Sep-2027,Priya S.,6479.0,10000,PASS,332.0,500,PASS,4.2,10,PASS,PAAS,Sagar A.
MCR-0681,BCH-2023-0681,Jackfruit Chips,Line C,2025-01-28 00:00:00,Jan-2025,Sagar A.,3265.0,10000,PASS,232.0,500,PASS,3.7,10,PASS,PASS,Anand M.
MCR-1103,BCH-2024-1103,Masala Peanuts,Line E,2027-01-08 00:00:00,Jan-2027,Suresh B.,5449.0,10000,PASS,389.0,500,PASS,0.2,10,PASS,PASS,Ramesh K.
MCR-0395,BCH-2022-0395,Roasted Corn,Line E,2023-10-03 00:00:00,Oct-2023,Anand M.,1039.0,10000,PASS,53.0,500,PASS,1.6,10,PASS,PASS,Divya N.
MCR-0931,BCH-2024-0931,Roasted Corn,Line A,2026-03-08 00:00:00,Mar-2026,Anand M.,2920.0,10000,PASS,53.0,500,PASS,5.7,10,PASS,PASS,Divya N.
MCR-0498,BCH-2023-0498,Okra Chips,Line F,2024-03-07 00:00:00,Mar-2024,Priya S.,5382.0,10000,PASS,308.0,500,PASS,2.7,10,PASS,P ASS,Sagar A.
MCR-0463,BCH-2023-0463,Masala Peanuts,Line A,2024-01-13 00:00:00,Jan-2024,Suresh B.,6088.0,10000,PASS,340.0,500,PASS,7.1,10,PASS,pass ,Ramesh K.
MCR-0951,BCH-2024-0951,Masala Peanuts,Line C,2026-04-14 00:00:00,Apr-2026,Suresh B.,2321.0,10000,PASS,104.0,500,PASS,1.5,10,PASS,pass ,Ramesh K.
MCR-0082,BCH-2022-0082,Okra Chips,Line D,2022-05-14 00:00:00,May-2022,Priya S.,875.0,10000,PASS,184.0,500,PASS,0.9,10,PASS,PASS,Sagar A.
MCR-0044,BCH-2022-0044,Chickpea Snacks,Line B,2022-03-25 00:00:00,Mar-2022,Meena R.,7436.0,10000,PASS,334.0,500,PASS,5.1,10,PASS,PASS,Karthik V.
MCR-0129,BCH-2022-0129,Jackfruit Chips,Line C,2022-07-23 00:00:00,Jul-2022,Sagar A.,,10000,PASS,375.0,500,PASS,6.2,10,PASS,PASS,Anand M.
MCR-1171,BCH-2024-1171,Roasted Corn,Line A,2027-05-06 00:00:00,May-2027,Anand M.,2362.0,10000,PASS,326.0,500,PASS,2.6,10,PASS,PASS,Divya N.
MCR-0744,BCH-2023-0744,  Tapioca Crisps ,Line F,2025-05-04 00:00:00,May-2025,Leena D.,325.0,10000,PASS,193.0,500,PASS,6.0,10,PASS,PASS,Priya S.
MCR-0514,BCH-2023-0514,Okra Chips,Line D,2024-04-11 00:00:00,Apr-2024,Priya S.,3257.0,10000,PASS,409.0,500,PASS,4.2,10,PASS,PASS,Sagar A.
MCR-0462,BCH-2023-0462,Sweet Potato Chips,Line F,2024-01-12 00:00:00,Jan-2024,Divya N.,1001.0,10000,PASS,319.0,500,PASS,0.2,10,PASS,PASS,Suresh B.
MCR-1168,BCH-2024-1168,Tapioca Crisps,Line D,2027-05-03 00:00:00,May-2027,Leena D.,-999.0,10000,PASS,,500,PASS,0.6,10,PASS,PASS,Priya S.
MCR-1240,BCH-2024-1240,Tapioca Crisps,Line D,2027-09-06 00:00:00,Sep-2027,Leena D.,6268.0,10000,PASS,373.0,500,PASS,6.6,10,PASS,PASS,Priya S.
MCR-1051,BCH-2024-1051,Roasted Corn,Line A,2026-10-01 00:00:00,Sep-2026,Anand M.,4411.0,10000,PASS,17.0,500,PASS,2.5,10,PASS,PASS,Divya N.
MCR-0946,BCH-2024-0946,Okra Chips,Line D,2026-04-06 00:00:00,Apr-2026,Priya S.,,10000,PASS,338.0,500,PASS,3.2,10,PASS,PASS,Sagar A.
MCR-1044,BCH-2024-1044,Chickpea Snacks,Line F,2026-09-18 00:00:00,Sep-2026,Meena R.,5337.0,10000,PASS,126.0,500,PASS,7.1,10,PASS,PASS,Karthik V.
MCR-1140,BCH-2024-1140,Chickpea Snacks,Line F,2027-03-13 00:00:00,Mar-2027,Meena R.,2456.0,10000,PASS,336.0,500,PASS,0.2,10,PASS,PASSS,Karthik V.
MCR-0210,BCH-2022-0210,Okra Chips,Line F,2022-12-08 00:00:00,Dec-2022,Priya S.,808.0,10000,PASS,157.0,500,PASS,1.2,10,PASS,PASS,Sagar A.
MCR-0943,BCH-2024-0943,Masala Peanuts,Line A,2026-03-28 00:00:00,Mar-2026,Suresh B.,6274.0,10000,PASS,273.0,500,PASS,3.9,10,PASS,PASS,Ramesh K.
MCR-1119,BCH-2024-1119,Masala Peanuts,Line C,2027-02-05 00:00:00,Feb-2027,Suresh B.,52370.0,10000,FAIL,118.0,500,PASS,1.3,10,PASS,FAIL,Ramesh K.
MCR-0779,BCH-2023-0779,Roasted Corn,Line E,2025-07-10 00:00:00,Jul-2025,Anand M.,7541.0,10000,PASS,134.0,500,PASS,2.2,10,PASS,PASS,Divya N.
MCR-0271,BCH-2022-0271,Masala Peanuts,Line A,2023-03-23 00:00:00,Mar-2023,Suresh B.,2206.0,10000,PASS,405.0,500,PASS,4.9,10,PASS,PASS,Ramesh K.
MCR-0619,BCH-2023-0619,Roasted Corn,Line A,2024-10-07 00:00:00,Oct-2024,Anand M.,527.0,10000,PASS,119.0,500,PASS,12.8,10,FAIL,fail,Divya N.
MCR-0244,BCH-2022-0244,Chickpea Snacks,Line D,2023-02-04 00:00:00,Feb-2023,Meena R.,6983.0,10000,PASS,315.0,500,PASS,3.6,10,PASS,PASS,Karthik V.
MCR-0629,BCH-2023-0629,Banana Chips,Line E,2024-10-22 00:00:00,Oct-2024,Karthik V.,,10000,PASS,99.0,500,PASS,5.8,10,PASS,PASS,Meena R.
MCR-1211,BCH-2024-1211,  Roasted Corn ,Line E,2027-07-10 00:00:00,Jul-2027,Anand M.,2074.0,10000,PASS,41.0,500,PASS,,10,PASS,PASS,Divya N.
MCR-1067,BCH-2024-1067,Roasted Corn,Line E,2026-11-02 00:00:00,Nov-2026,Anand M.,2908.0,10000,PASS,251.0,500,PASS,3.0,10,PASS,PASS,Divya N.
MCR-0709,BCH-2023-0709,Banana Chips,Line A,2025-03-08 00:00:00,Mar-2025,Karthik V.,2855.0,10000,PASS,329.0,500,PASS,7.4,10,PASS,PASS,Meena R.
MCR-0877,BCH-2024-0877,Banana Chips,Line A,2025-12-18 00:00:00,Dec-2025,Karthik V.,7464.0,10000,PASS,254.0,500,PASS,1.1,10,PASS,PASS,Meena R.
MCR-0651,BCH-2023-0651,Roasted Corn,Line C,2024-11-24 00:00:00,Nov-2024,Anand M.,6612.0,10000,PASS,51.0,500,PASS,7.1,10,PASS,PASS,Divya N.
MCR-0171,BCH-2022-0171,Roasted Corn,Line C,2022-10-05 00:00:00,Oct-2022,Anand M.,5102.0,10000,PASS,337.0,500,PASS,2.7,10,PASS,PASS,Divya N.
MCR-0895,BCH-2024-0895,Masala Peanuts,Line A,2026-01-13 00:00:00,Jan-2026,Suresh B.,6661.0,10000,PASS,203.0,500,PASS,2.1,10,PASS,PASS,Ramesh K.
