PC_Test_ID,Batch_ID,Product,Production_Line,Test_Date,Month_Year,Analyst,pH_Value,pH_Min,pH_Max,pH_Result,Moisture_Pct,Moisture_Limit,Moisture_Result,Purity_Pct,Purity_Min,Purity_Result,Overall_Status
PHY-0001,BCH-2022-0001,Jackfruit Chips,Line A,2022-01-04 00:00:00,Jan-2022,Priya S.,3.91,4.5,6.5,FAIL,1.88,3.5,PASS,94.8,92,PASS,FAIL
PHY-0002,BCH-2022-0002,Okra Chips,Line B,2022-01-05 00:00:00,Jan-2022,Anand M.,4.97,4.5,6.5,PASS,1.43,3.5,PASS,94.8,92,PASS,PASS
PHY-0003,BCH-2022-0003,Roasted Corn,Line C,2022-01-06 00:00:00,Jan-2022,Meena R.,6.24,4.5,6.5,PASS,1.66,3.5,PASS,97.3,92,PASS,PASS
PHY-0004,BCH-2022-0004,Chickpea Snacks,Line D,2022-01-07 00:00:00,Jan-2022,Karthik V.,5.25,4.5,6.5,PASS,3.19,3.5,PASS,95.0,92,PASS,PASS
PHY-0005,BCH-2022-0005,Banana Chips,Line E,2022-01-08 00:00:00,Jan-2022,Divya N.,5.82,4.5,6.5,PASS,2.66,3.5,PASS,95.8,92,PASS,PASS
PHY-0006,BCH-2022-0006,Sweet Potato Chips,Line F,2022-01-09 00:00:00,Jan-2022,Suresh B.,5.6,4.5,6.5,PASS,1.44,3.5,PASS,95.3,92,PASS,PASS
PHY-0007,BCH-2022-0007,Masala Peanuts,Line A,2022-01-14 00:00:00,Jan-2022,Leena D.,5.41,4.5,6.5,PASS,2.56,3.5,PASS,92.8,92,PASS,PASS
PHY-0008,BCH-2022-0008,Tapioca Crisps,Line B,2022-01-15 00:00:00,Jan-2022,Sagar A.,6.05,4.5,6.5,PASS,2.79,3.5,PASS,95.4,92,PASS,PASS
PHY-0009,BCH-2022-0009,Jackfruit Chips,Line C,2022-01-16 00:00:00,Jan-2022,Priya S.,5.46,4.5,6.5,PASS,2.87,3.5,PASS,96.0,92,PASS,PASS
PHY-0010,BCH-2022-0010,Okra Chips,Line D,2022-01-17 00:00:00,Jan-2022,Anand M.,6.0,4.5,6.5,PASS,1.75,3.5,PASS,92.3,92,PASS,PASS
PHY-0011,BCH-2022-0011,Roasted Corn,Line E,2022-01-18 00:00:00,Jan-2022,Meena R.,6.21,4.5,6.5,PASS,2.22,3.5,PASS,92.6,92,PASS,PASS
PHY-0012,BCH-2022-0012,Chickpea Snacks,Line F,2022-01-20 00:00:00,Jan-2022,Karthik V.,4.58,4.5,6.5,PASS,3.86,3.5,FAIL,93.4,92,PASS,FAIL
PHY-0013,BCH-2022-0013,Banana Chips,Line A,2022-01-27 00:00:00,Jan-2022,Divya N.,4.84,4.5,6.5,PASS,1.57,3.5,PASS,92.5,92,PASS,PASS
PHY-0014,BCH-2022-0014,Sweet Potato Chips,Line B,2022-01-28 00:00:00,Jan-2022,Suresh B.,5.41,4.5,6.5,PASS,2.73,3.5,PASS,93.6,92,PASS,PASS
PHY-0015,BCH-2022-0015,Masala Peanuts,Line C,2022-01-29 00:00:00,Jan-2022,Leena D.,5.56,4.5,6.5,PASS,2.91,3.5,PASS,87.9,92,FAIL,FAIL
PHY-0016,BCH-2022-0016,Tapioca Crisps,Line D,2022-01-30 00:00:00,Jan-2022,Sagar A.,3.38,4.5,6.5,FAIL,4.07,3.5,FAIL,96.8,92,PASS,FAIL
PHY-0017,BCH-2022-0017,Jackfruit Chips,Line E,2022-01-31 00:00:00,Jan-2022,Priya S.,5.31,4.5,6.5,PASS,2.46,3.5,PASS,92.3,92,PASS,PASS
PHY-0018,BCH-2022-0018,Okra Chips,Line F,2022-02-02 00:00:00,Feb-2022,Anand M.,5.69,4.5,6.5,PASS,1.36,3.5,PASS,95.9,92,PASS,PASS
PHY-0019,BCH-2022-0019,Roasted Corn,Line A,2022-02-03 00:00:00,Feb-2022,Meena R.,5.73,4.5,6.5,PASS,1.28,3.5,PASS,93.5,92,PASS,PASS
PHY-0020,BCH-2022-0020,Chickpea Snacks,Line B,2022-02-04 00:00:00,Feb-2022,Karthik V.,4.98,4.5,6.5,PASS,2.33,3.5,PASS,96.8,92,PASS,PASS
PHY-0021,BCH-2022-0021,Banana Chips,Line C,2022-02-06 00:00:00,Feb-2022,Divya N.,5.56,4.5,6.5,PASS,1.66,3.5,PASS,93.4,92,PASS,PASS
PHY-0022,BCH-2022-0022,Sweet Potato Chips,Line D,2022-02-13 00:00:00,Feb-2022,Suresh B.,4.88,4.5,6.5,PASS,2.55,3.5,PASS,93.7,92,PASS,PASS
PHY-0023,BCH-2022-0023,Masala Peanuts,Line E,2022-02-18 00:00:00,Feb-2022,Leena D.,4.51,4.5,6.5,PASS,1.59,3.5,PASS,95.1,92,PASS,PASS
PHY-0024,BCH-2022-0024,Tapioca Crisps,Line F,2022-02-19 00:00:00,Feb-2022,Sagar A.,5.33,4.5,6.5,PASS,1.48,3.5,PASS,93.4,92,PASS,PASS
PHY-0025,BCH-2022-0025,Jackfruit Chips,Line A,2022-02-22 00:00:00,Feb-2022,Priya S.,5.12,4.5,6.5,PASS,1.9,3.5,PASS,98.4,92,PASS,PASS
PHY-0026,BCH-2022-0026,Okra Chips,Line B,2022-02-23 00:00:00,Feb-2022,Anand M.,4.56,4.5,6.5,PASS,3.24,3.5,PASS,95.9,92,PASS,PASS
PHY-0027,BCH-2022-0027,Roasted Corn,Line C,2022-02-26 00:00:00,Feb-2022,Meena R.,4.29,4.5,6.5,FAIL,10.02,3.5,FAIL,95.4,92,PASS,FAIL
PHY-0028,BCH-2022-0028,Chickpea Snacks,Line D,2022-02-27 00:00:00,Feb-2022,Karthik V.,4.7,4.5,6.5,PASS,3.21,3.5,PASS,96.4,92,PASS,PASS
PHY-0029,BCH-2022-0029,Banana Chips,Line E,2022-02-28 00:00:00,Feb-2022,Divya N.,5.69,4.5,6.5,PASS,2.51,3.5,PASS,94.2,92,PASS,PASS
PHY-0030,BCH-2022-0030,Sweet Potato Chips,Line F,2022-03-01 00:00:00,Feb-2022,Suresh B.,5.03,4.5,6.5,PASS,1.58,3.5,PASS,93.0,92,PASS,PASS
PHY-0031,BCH-2022-0031,Masala Peanuts,Line A,2022-03-02 00:00:00,Mar-2022,Leena D.,5.52,4.5,6.5,PASS,1.0,3.5,PASS,93.7,92,PASS,PASS
PHY-0032,BCH-2022-0032,Tapioca Crisps,Line B,2022-03-03 00:00:00,Mar-2022,Sagar A.,5.24,4.5,6.5,PASS,2.29,3.5,PASS,94.9,92,PASS,PASS
PHY-0033,BCH-2022-0033,Jackfruit Chips,Line C,2022-03-05 00:00:00,Mar-2022,Priya S.,4.65,4.5,6.5,PASS,3.11,3.5,PASS,97.1,92,PASS,PASS
PHY-0034,BCH-2022-0034,Okra Chips,Line D,2022-03-06 00:00:00,Mar-2022,Anand M.,5.56,4.5,6.5,PASS,1.4,3.5,PASS,82.9,92,FAIL,FAIL
PHY-0035,BCH-2022-0035,Roasted Corn,Line E,2022-03-07 00:00:00,Mar-2022,Meena R.,5.74,4.5,6.5,PASS,1.16,3.5,PASS,94.8,92,PASS,PASS
PHY-0036,BCH-2022-0036,Chickpea Snacks,Line F,2022-03-14 00:00:00,Mar-2022,Karthik V.,4.75,4.5,6.5,PASS,2.79,3.5,PASS,98.4,92,PASS,PASS
PHY-0037,BCH-2022-0037,Banana Chips,Line A,2022-03-15 00:00:00,Mar-2022,Divya N.,5.67,4.5,6.5,PASS,1.28,3.5,PASS,92.5,92,PASS,PASS
PHY-0038,BCH-2022-0038,Sweet Potato Chips,Line B,2022-03-16 00:00:00,Mar-2022,Suresh B.,5.86,4.5,6.5,PASS,1.72,3.5,PASS,93.4,92,PASS,PASS
PHY-0039,BCH-2022-0039,Masala Peanuts,Line C,2022-03-18 00:00:00,Mar-2022,Leena D.,5.32,4.5,6.5,PASS,1.48,3.5,PASS,98.1,92,PASS,PASS
PHY-0040,BCH-2022-0040,Tapioca Crisps,Line D,2022-03-19 00:00:00,Mar-2022,Sagar A.,5.41,4.5,6.5,PASS,1.84,3.5,PASS,96.4,92,PASS,PASS
PHY-0041,BCH-2022-0041,Jackfruit Chips,Line E,2022-03-21 00:00:00,Mar-2022,Priya S.,3.14,4.5,6.5,FAIL,3.93,3.5,FAIL,93.5,92,PASS,FAIL
PHY-0042,BCH-2022-0042,Okra Chips,Line F,2022-03-22 00:00:00,Mar-2022,Anand M.,5.69,4.5,6.5,PASS,1.34,3.5,PASS,94.6,92,PASS,PASS
PHY-0043,BCH-2022-0043,Roasted Corn,Line A,2022-03-23 00:00:00,Mar-2022,Meena R.,6.0,4.5,6.5,PASS,2.83,3.5,PASS,97.9,92,PASS,PASS
PHY-0044,BCH-2022-0044,Chickpea Snacks,Line B,2022-03-25 00:00:00,Mar-2022,Karthik V.,4.74,4.5,6.5,PASS,1.76,3.5,PASS,93.1,92,PASS,PASS
PHY-0045,BCH-2022-0045,Banana Chips,Line C,2022-03-26 00:00:00,Mar-2022,Divya N.,5.22,4.5,6.5,PASS,0.92,3.5,PASS,97.9,92,PASS,PASS
PHY-0046,BCH-2022-0046,Sweet Potato Chips,Line D,2022-03-28 00:00:00,Mar-2022,Suresh B.,6.22,4.5,6.5,PASS,1.74,3.5,PASS,93.2,92,PASS,PASS
PHY-0047,BCH-2022-0047,Masala Peanuts,Line E,2022-03-30 00:00:00,Mar-2022,Leena D.,3.83,4.5,6.5,FAIL,3.25,3.5,PASS,97.0,92,PASS,FAIL
PHY-0048,BCH-2022-0048,Tapioca Crisps,Line F,2022-03-31 00:00:00,Mar-2022,Sagar A.,5.75,4.5,6.5,PASS,1.98,3.5,PASS,98.8,92,PASS,PASS
PHY-0049,BCH-2022-0049,Jackfruit Chips,Line A,2022-04-02 00:00:00,Apr-2022,Priya S.,5.43,4.5,6.5,PASS,1.67,3.5,PASS,93.7,92,PASS,PASS
PHY-0050,BCH-2022-0050,Okra Chips,Line B,2022-04-03 00:00:00,Apr-2022,Anand M.,5.4,4.5,6.5,PASS,2.97,3.5,PASS,95.0,92,PASS,PASS
PHY-0051,BCH-2022-0051,Roasted Corn,Line C,2022-04-05 00:00:00,Apr-2022,Meena R.,4.64,4.5,6.5,PASS,1.52,3.5,PASS,97.6,92,PASS,PASS
PHY-0052,BCH-2022-0052,Chickpea Snacks,Line D,2022-04-08 00:00:00,Apr-2022,Karthik V.,6.27,4.5,6.5,PASS,1.08,3.5,PASS,94.2,92,PASS,PASS
PHY-0053,BCH-2022-0053,Banana Chips,Line E,2022-04-11 00:00:00,Apr-2022,Divya N.,5.67,4.5,6.5,PASS,3.09,3.5,PASS,93.7,92,PASS,PASS
PHY-0054,BCH-2022-0054,Sweet Potato Chips,Line F,2022-04-12 00:00:00,Apr-2022,Suresh B.,4.81,4.5,6.5,PASS,1.83,3.5,PASS,96.4,92,PASS,PASS
PHY-0055,BCH-2022-0055,Masala Peanuts,Line A,2022-04-13 00:00:00,Apr-2022,Leena D.,5.21,4.5,6.5,PASS,2.39,3.5,PASS,93.7,92,PASS,PASS
PHY-0056,BCH-2022-0056,Tapioca Crisps,Line B,2022-04-14 00:00:00,Apr-2022,Sagar A.,5.03,4.5,6.5,PASS,1.04,3.5,PASS,98.6,92,PASS,PASS
PHY-0057,BCH-2022-0057,Jackfruit Chips,Line C,2022-04-15 00:00:00,Apr-2022,Priya S.,5.5,4.5,6.5,PASS,2.61,3.5,PASS,93.7,92,PASS,PASS
PHY-0058,BCH-2022-0058,Okra Chips,Line D,2022-04-16 00:00:00,Apr-2022,Anand M.,5.42,4.5,6.5,PASS,2.73,3.5,PASS,93.8,92,PASS,PASS
PHY-0059,BCH-2022-0059,Roasted Corn,Line E,2022-04-17 00:00:00,Apr-2022,Meena R.,4.83,4.5,6.5,PASS,3.24,3.5,PASS,98.9,92,PASS,PASS
PHY-0060,BCH-2022-0060,Chickpea Snacks,Line F,2022-04-18 00:00:00,Apr-2022,Karthik V.,6.2,4.5,6.5,PASS,1.49,3.5,PASS,93.2,92,PASS,PASS
PHY-0061,BCH-2022-0061,Banana Chips,Line A,2022-04-19 00:00:00,Apr-2022,Divya N.,5.72,4.5,6.5,PASS,1.01,3.5,PASS,93.1,92,PASS,PASS
PHY-0062,BCH-2022-0062,Sweet Potato Chips,Line B,2022-04-21 00:00:00,Apr-2022,Suresh B.,3.62,4.5,6.5,FAIL,2.51,3.5,PASS,96.0,92,PASS,FAIL
PHY-0063,BCH-2022-0063,Masala Peanuts,Line C,2022-04-22 00:00:00,Apr-2022,Leena D.,4.56,4.5,6.5,PASS,2.03,3.5,PASS,95.4,92,PASS,PASS
PHY-0064,BCH-2022-0064,Tapioca Crisps,Line D,2022-04-23 00:00:00,Apr-2022,Sagar A.,4.92,4.5,6.5,PASS,1.33,3.5,PASS,93.5,92,PASS,PASS
PHY-0065,BCH-2022-0065,Jackfruit Chips,Line E,2022-04-24 00:00:00,Apr-2022,Priya S.,5.84,4.5,6.5,PASS,2.39,3.5,PASS,94.6,92,PASS,PASS
PHY-0066,BCH-2022-0066,Okra Chips,Line F,2022-04-25 00:00:00,Apr-2022,Anand M.,5.14,4.5,6.5,PASS,2.96,3.5,PASS,92.2,92,PASS,PASS
PHY-0067,BCH-2022-0067,Roasted Corn,Line A,2022-04-26 00:00:00,Apr-2022,Meena R.,4.29,4.5,6.5,FAIL,1.88,3.5,PASS,92.6,92,PASS,FAIL
PHY-0068,BCH-2022-0068,Chickpea Snacks,Line B,2022-04-28 00:00:00,Apr-2022,Karthik V.,6.07,4.5,6.5,PASS,2.0,3.5,PASS,97.4,92,PASS,PASS
PHY-0069,BCH-2022-0069,Banana Chips,Line C,2022-04-29 00:00:00,Apr-2022,Divya N.,4.69,4.5,6.5,PASS,3.13,3.5,PASS,97.3,92,PASS,PASS
PHY-0070,BCH-2022-0070,Sweet Potato Chips,Line D,2022-05-01 00:00:00,Apr-2022,Suresh B.,4.67,4.5,6.5,PASS,7.86,3.5,FAIL,94.3,92,PASS,FAIL
PHY-0071,BCH-2022-0071,Masala Peanuts,Line E,2022-05-02 00:00:00,May-2022,Leena D.,5.93,4.5,6.5,PASS,1.98,3.5,PASS,99.0,92,PASS,PASS
PHY-0072,BCH-2022-0072,Tapioca Crisps,Line F,2022-05-03 00:00:00,May-2022,Sagar A.,6.03,4.5,6.5,PASS,2.55,3.5,PASS,92.2,92,PASS,PASS
PHY-0073,BCH-2022-0073,Jackfruit Chips,Line A,2022-05-04 00:00:00,May-2022,Priya S.,5.9,4.5,6.5,PASS,2.49,3.5,PASS,93.9,92,PASS,PASS
PHY-0074,BCH-2022-0074,Okra Chips,Line B,2022-05-05 00:00:00,May-2022,Anand M.,4.94,4.5,6.5,PASS,1.68,3.5,PASS,93.7,92,PASS,PASS
PHY-0075,BCH-2022-0075,Roasted Corn,Line C,2022-05-06 00:00:00,May-2022,Meena R.,4.72,4.5,6.5,PASS,2.31,3.5,PASS,95.4,92,PASS,PASS
PHY-0076,BCH-2022-0076,Chickpea Snacks,Line D,2022-05-07 00:00:00,May-2022,Karthik V.,4.83,4.5,6.5,PASS,1.14,3.5,PASS,93.5,92,PASS,PASS
PHY-0077,BCH-2022-0077,Banana Chips,Line E,2022-05-08 00:00:00,May-2022,Divya N.,6.3,4.5,6.5,PASS,2.1,3.5,PASS,92.6,92,PASS,PASS
PHY-0078,BCH-2022-0078,Sweet Potato Chips,Line F,2022-05-09 00:00:00,May-2022,Suresh B.,6.34,4.5,6.5,PASS,3.15,3.5,PASS,95.4,92,PASS,PASS
PHY-0079,BCH-2022-0079,Masala Peanuts,Line A,2022-05-10 00:00:00,May-2022,Leena D.,5.73,4.5,6.5,PASS,2.87,3.5,PASS,98.2,92,PASS,PASS
PHY-0080,BCH-2022-0080,Tapioca Crisps,Line B,2022-05-12 00:00:00,May-2022,Sagar A.,5.0,4.5,6.5,PASS,2.53,3.5,PASS,92.8,92,PASS,PASS
PHY-0081,BCH-2022-0081,Jackfruit Chips,Line C,2022-05-13 00:00:00,May-2022,Priya S.,6.09,4.5,6.5,PASS,2.02,3.5,PASS,95.0,92,PASS,PASS
PHY-0082,BCH-2022-0082,Okra Chips,Line D,2022-05-14 00:00:00,May-2022,Anand M.,5.09,4.5,6.5,PASS,2.32,3.5,PASS,93.3,92,PASS,PASS
PHY-0083,BCH-2022-0083,Roasted Corn,Line E,2022-05-15 00:00:00,May-2022,Meena R.,4.74,4.5,6.5,PASS,2.24,3.5,PASS,93.2,92,PASS,PASS
PHY-0084,BCH-2022-0084,Chickpea Snacks,Line F,2022-05-16 00:00:00,May-2022,Karthik V.,6.02,4.5,6.5,PASS,2.73,3.5,PASS,92.7,92,PASS,PASS
PHY-0085,BCH-2022-0085,Banana Chips,Line A,2022-05-17 00:00:00,May-2022,Divya N.,6.23,4.5,6.5,PASS,2.53,3.5,PASS,95.8,92,PASS,PASS
PHY-0086,BCH-2022-0086,Sweet Potato Chips,Line B,2022-05-19 00:00:00,May-2022,Suresh B.,4.03,4.5,6.5,FAIL,1.32,3.5,PASS,93.5,92,PASS,FAIL
PHY-0087,BCH-2022-0087,Masala Peanuts,Line C,2022-05-20 00:00:00,May-2022,Leena D.,6.28,4.5,6.5,PASS,3.3,3.5,PASS,98.1,92,PASS,PASS
PHY-0088,BCH-2022-0088,Tapioca Crisps,Line D,2022-05-21 00:00:00,May-2022,Sagar A.,5.2,4.5,6.5,PASS,2.75,3.5,PASS,94.0,92,PASS,PASS
PHY-0089,BCH-2022-0089,Jackfruit Chips,Line E,2022-05-22 00:00:00,May-2022,Priya S.,5.29,4.5,6.5,PASS,2.14,3.5,PASS,93.8,92,PASS,PASS
PHY-0090,BCH-2022-0090,Okra Chips,Line F,2022-05-23 00:00:00,May-2022,Anand M.,4.71,4.5,6.5,PASS,2.05,3.5,PASS,94.8,92,PASS,PASS
PHY-0091,BCH-2022-0091,Roasted Corn,Line A,2022-05-24 00:00:00,May-2022,Meena R.,5.14,4.5,6.5,PASS,2.07,3.5,PASS,97.6,92,PASS,PASS
PHY-0092,BCH-2022-0092,Chickpea Snacks,Line B,2022-05-25 00:00:00,May-2022,Karthik V.,5.19,4.5,6.5,PASS,1.88,3.5,PASS,96.7,92,PASS,PASS
PHY-0093,BCH-2022-0093,Banana Chips,Line C,2022-05-27 00:00:00,May-2022,Divya N.,6.22,4.5,6.5,PASS,1.89,3.5,PASS,94.7,92,PASS,PASS
PHY-0094,BCH-2022-0094,Sweet Potato Chips,Line D,2022-05-29 00:00:00,May-2022,Suresh B.,3.64,4.5,6.5,FAIL,5.66,3.5,FAIL,98.2,92,PASS,FAIL
PHY-0095,BCH-2022-0095,Masala Peanuts,Line E,2022-05-30 00:00:00,May-2022,Leena D.,3.97,4.5,6.5,FAIL,2.04,3.5,PASS,92.5,92,PASS,FAIL
PHY-0096,BCH-2022-0096,Tapioca Crisps,Line F,2022-06-02 00:00:00,Jun-2022,Sagar A.,5.87,4.5,6.5,PASS,1.09,3.5,PASS,96.1,92,PASS,PASS
PHY-0097,BCH-2022-0097,Jackfruit Chips,Line A,2022-06-03 00:00:00,Jun-2022,Priya S.,5.83,4.5,6.5,PASS,1.81,3.5,PASS,86.9,92,FAIL,FAIL
PHY-0098,BCH-2022-0098,Okra Chips,Line B,2022-06-04 00:00:00,Jun-2022,Anand M.,5.23,4.5,6.5,PASS,2.66,3.5,PASS,98.5,92,PASS,PASS
PHY-0099,BCH-2022-0099,Roasted Corn,Line C,2022-06-06 00:00:00,Jun-2022,Meena R.,4.97,4.5,6.5,PASS,1.48,3.5,PASS,98.0,92,PASS,PASS
PHY-0100,BCH-2022-0100,Chickpea Snacks,Line D,2022-06-07 00:00:00,Jun-2022,Karthik V.,5.39,4.5,6.5,PASS,2.03,3.5,PASS,98.3,92,PASS,PASS
PHY-0101,BCH-2022-0101,Banana Chips,Line E,2022-06-12 00:00:00,Jun-2022,Divya N.,4.89,4.5,6.5,PASS,3.95,3.5,FAIL,96.8,92,PASS,FAIL
PHY-0102,BCH-2022-0102,Sweet Potato Chips,Line F,2022-06-13 00:00:00,Jun-2022,Suresh B.,5.32,4.5,6.5,PASS,2.4,3.5,PASS,99.0,92,PASS,PASS
PHY-0103,BCH-2022-0103,Masala Peanuts,Line A,2022-06-15 00:00:00,Jun-2022,Leena D.,6.33,4.5,6.5,PASS,3.4,3.5,PASS,95.5,92,PASS,PASS
PHY-0104,BCH-2022-0104,Tapioca Crisps,Line B,2022-06-17 00:00:00,Jun-2022,Sagar A.,5.08,4.5,6.5,PASS,2.83,3.5,PASS,99.0,92,PASS,PASS
PHY-0105,BCH-2022-0105,Jackfruit Chips,Line C,2022-06-18 00:00:00,Jun-2022,Priya S.,4.67,4.5,6.5,PASS,3.65,3.5,FAIL,94.5,92,PASS,FAIL
PHY-0106,BCH-2022-0106,Okra Chips,Line D,2022-06-19 00:00:00,Jun-2022,Anand M.,5.16,4.5,6.5,PASS,1.97,3.5,PASS,98.4,92,PASS,PASS
PHY-0107,BCH-2022-0107,Roasted Corn,Line E,2022-06-20 00:00:00,Jun-2022,Meena R.,4.8,4.5,6.5,PASS,2.04,3.5,PASS,94.6,92,PASS,PASS
PHY-0108,BCH-2022-0108,Chickpea Snacks,Line F,2022-06-21 00:00:00,Jun-2022,Karthik V.,6.05,4.5,6.5,PASS,2.84,3.5,PASS,98.9,92,PASS,PASS
PHY-0109,BCH-2022-0109,Banana Chips,Line A,2022-06-23 00:00:00,Jun-2022,Divya N.,6.36,4.5,6.5,PASS,1.92,3.5,PASS,95.0,92,PASS,PASS
PHY-0110,BCH-2022-0110,Sweet Potato Chips,Line B,2022-06-25 00:00:00,Jun-2022,Suresh B.,3.97,4.5,6.5,FAIL,1.16,3.5,PASS,97.8,92,PASS,FAIL
PHY-0111,BCH-2022-0111,Masala Peanuts,Line C,2022-06-27 00:00:00,Jun-2022,Leena D.,5.73,4.5,6.5,PASS,3.21,3.5,PASS,93.0,92,PASS,PASS
PHY-0112,BCH-2022-0112,Tapioca Crisps,Line D,2022-06-28 00:00:00,Jun-2022,Sagar A.,6.17,4.5,6.5,PASS,2.36,3.5,PASS,97.6,92,PASS,PASS
PHY-0113,BCH-2022-0113,Jackfruit Chips,Line E,2022-06-29 00:00:00,Jun-2022,Priya S.,6.06,4.5,6.5,PASS,2.44,3.5,PASS,97.8,92,PASS,PASS
PHY-0114,BCH-2022-0114,Okra Chips,Line F,2022-07-02 00:00:00,Jul-2022,Anand M.,5.74,4.5,6.5,PASS,3.25,3.5,PASS,94.6,92,PASS,PASS
PHY-0115,BCH-2022-0115,Roasted Corn,Line A,2022-07-03 00:00:00,Jul-2022,Meena R.,5.15,4.5,6.5,PASS,1.94,3.5,PASS,92.7,92,PASS,PASS
PHY-0116,BCH-2022-0116,Chickpea Snacks,Line B,2022-07-05 00:00:00,Jul-2022,Karthik V.,5.27,4.5,6.5,PASS,1.85,3.5,PASS,95.6,92,PASS,PASS
PHY-0117,BCH-2022-0117,Banana Chips,Line C,2022-07-06 00:00:00,Jul-2022,Divya N.,5.59,4.5,6.5,PASS,1.29,3.5,PASS,97.0,92,PASS,PASS
PHY-0118,BCH-2022-0118,Sweet Potato Chips,Line D,2022-07-07 00:00:00,Jul-2022,Suresh B.,5.43,4.5,6.5,PASS,3.44,3.5,PASS,95.1,92,PASS,PASS
PHY-0119,BCH-2022-0119,Masala Peanuts,Line E,2022-07-08 00:00:00,Jul-2022,Leena D.,5.52,4.5,6.5,PASS,1.49,3.5,PASS,92.5,92,PASS,PASS
PHY-0120,BCH-2022-0120,Tapioca Crisps,Line F,2022-07-09 00:00:00,Jul-2022,Sagar A.,3.93,4.5,6.5,FAIL,4.66,3.5,FAIL,95.6,92,PASS,FAIL
PHY-0121,BCH-2022-0121,Jackfruit Chips,Line A,2022-07-10 00:00:00,Jul-2022,Priya S.,4.87,4.5,6.5,PASS,1.75,3.5,PASS,96.7,92,PASS,PASS
PHY-0122,BCH-2022-0122,Okra Chips,Line B,2022-07-15 00:00:00,Jul-2022,Anand M.,5.88,4.5,6.5,PASS,5.81,3.5,FAIL,96.8,92,PASS,FAIL
PHY-0123,BCH-2022-0123,Roasted Corn,Line C,2022-07-16 00:00:00,Jul-2022,Meena R.,6.32,4.5,6.5,PASS,2.01,3.5,PASS,85.0,92,FAIL,FAIL
PHY-0124,BCH-2022-0124,Chickpea Snacks,Line D,2022-07-17 00:00:00,Jul-2022,Karthik V.,6.15,4.5,6.5,PASS,2.03,3.5,PASS,96.6,92,PASS,PASS
PHY-0125,BCH-2022-0125,Banana Chips,Line E,2022-07-18 00:00:00,Jul-2022,Divya N.,5.65,4.5,6.5,PASS,5.76,3.5,FAIL,94.4,92,PASS,FAIL
PHY-0126,BCH-2022-0126,Sweet Potato Chips,Line F,2022-07-19 00:00:00,Jul-2022,Suresh B.,5.24,4.5,6.5,PASS,3.4,3.5,PASS,95.9,92,PASS,PASS
PHY-0127,BCH-2022-0127,Masala Peanuts,Line A,2022-07-20 00:00:00,Jul-2022,Leena D.,5.88,4.5,6.5,PASS,1.4,3.5,PASS,95.3,92,PASS,PASS
PHY-0128,BCH-2022-0128,Tapioca Crisps,Line B,2022-07-21 00:00:00,Jul-2022,Sagar A.,5.27,4.5,6.5,PASS,2.45,3.5,PASS,92.3,92,PASS,PASS
PHY-0129,BCH-2022-0129,Jackfruit Chips,Line C,2022-07-23 00:00:00,Jul-2022,Priya S.,5.43,4.5,6.5,PASS,3.51,3.5,FAIL,98.4,92,PASS,FAIL
PHY-0130,BCH-2022-0130,Okra Chips,Line D,2022-07-28 00:00:00,Jul-2022,Anand M.,4.65,4.5,6.5,PASS,2.16,3.5,PASS,92.2,92,PASS,PASS
PHY-0131,BCH-2022-0131,Roasted Corn,Line E,2022-08-02 00:00:00,Aug-2022,Meena R.,5.09,4.5,6.5,PASS,1.97,3.5,PASS,94.9,92,PASS,PASS
PHY-0132,BCH-2022-0132,Chickpea Snacks,Line F,2022-08-05 00:00:00,Aug-2022,Karthik V.,5.43,4.5,6.5,PASS,1.79,3.5,PASS,93.8,92,PASS,PASS
PHY-0133,BCH-2022-0133,Banana Chips,Line A,2022-08-06 00:00:00,Aug-2022,Divya N.,6.02,4.5,6.5,PASS,1.58,3.5,PASS,97.7,92,PASS,PASS
PHY-0134,BCH-2022-0134,Sweet Potato Chips,Line B,2022-08-09 00:00:00,Aug-2022,Suresh B.,5.61,4.5,6.5,PASS,3.93,3.5,FAIL,92.8,92,PASS,FAIL
PHY-0135,BCH-2022-0135,Masala Peanuts,Line C,2022-08-10 00:00:00,Aug-2022,Leena D.,6.09,4.5,6.5,PASS,3.61,3.5,FAIL,92.2,92,PASS,FAIL
PHY-0136,BCH-2022-0136,Tapioca Crisps,Line D,2022-08-12 00:00:00,Aug-2022,Sagar A.,5.04,4.5,6.5,PASS,3.61,3.5,FAIL,93.4,92,PASS,FAIL
PHY-0137,BCH-2022-0137,Jackfruit Chips,Line E,2022-08-13 00:00:00,Aug-2022,Priya S.,4.72,4.5,6.5,PASS,3.51,3.5,FAIL,99.1,92,PASS,FAIL
PHY-0138,BCH-2022-0138,Okra Chips,Line F,2022-08-14 00:00:00,Aug-2022,Anand M.,6.03,4.5,6.5,PASS,3.43,3.5,PASS,94.9,92,PASS,PASS
PHY-0139,BCH-2022-0139,Roasted Corn,Line A,2022-08-15 00:00:00,Aug-2022,Meena R.,5.18,4.5,6.5,PASS,1.42,3.5,PASS,94.1,92,PASS,PASS
PHY-0140,BCH-2022-0140,Chickpea Snacks,Line B,2022-08-16 00:00:00,Aug-2022,Karthik V.,6.22,4.5,6.5,PASS,3.26,3.5,PASS,95.5,92,PASS,PASS
PHY-0141,BCH-2022-0141,Banana Chips,Line C,2022-08-17 00:00:00,Aug-2022,Divya N.,4.73,4.5,6.5,PASS,2.87,3.5,PASS,95.0,92,PASS,PASS
PHY-0142,BCH-2022-0142,Sweet Potato Chips,Line D,2022-08-18 00:00:00,Aug-2022,Suresh B.,5.12,4.5,6.5,PASS,1.8,3.5,PASS,93.8,92,PASS,PASS
PHY-0143,BCH-2022-0143,Masala Peanuts,Line E,2022-08-20 00:00:00,Aug-2022,Leena D.,4.5,4.5,6.5,PASS,1.59,3.5,PASS,92.9,92,PASS,PASS
PHY-0144,BCH-2022-0144,Tapioca Crisps,Line F,2022-08-21 00:00:00,Aug-2022,Sagar A.,4.92,4.5,6.5,PASS,2.53,3.5,PASS,94.7,92,PASS,PASS
PHY-0145,BCH-2022-0145,Jackfruit Chips,Line A,2022-08-23 00:00:00,Aug-2022,Priya S.,4.81,4.5,6.5,PASS,3.38,3.5,PASS,97.3,92,PASS,PASS
PHY-0146,BCH-2022-0146,Okra Chips,Line B,2022-08-26 00:00:00,Aug-2022,Anand M.,4.84,4.5,6.5,PASS,3.01,3.5,PASS,92.6,92,PASS,PASS
PHY-0147,BCH-2022-0147,Roasted Corn,Line C,2022-08-27 00:00:00,Aug-2022,Meena R.,5.91,4.5,6.5,PASS,2.05,3.5,PASS,98.3,92,PASS,PASS
PHY-0148,BCH-2022-0148,Chickpea Snacks,Line D,2022-08-29 00:00:00,Aug-2022,Karthik V.,4.61,4.5,6.5,PASS,1.5,3.5,PASS,92.4,92,PASS,PASS
PHY-0149,BCH-2022-0149,Banana Chips,Line E,2022-08-30 00:00:00,Aug-2022,Divya N.,4.75,4.5,6.5,PASS,2.54,3.5,PASS,99.1,92,PASS,PASS
PHY-0150,BCH-2022-0150,Sweet Potato Chips,Line F,2022-08-31 00:00:00,Aug-2022,Suresh B.,5.88,4.5,6.5,PASS,2.29,3.5,PASS,96.5,92,PASS,PASS
PHY-0151,BCH-2022-0151,Masala Peanuts,Line A,2022-09-01 00:00:00,Aug-2022,Leena D.,5.29,4.5,6.5,PASS,1.63,3.5,PASS,94.9,92,PASS,PASS
PHY-0152,BCH-2022-0152,Tapioca Crisps,Line B,2022-09-03 00:00:00,Sep-2022,Sagar A.,4.91,4.5,6.5,PASS,6.51,3.5,FAIL,95.2,92,PASS,FAIL
PHY-0153,BCH-2022-0153,Jackfruit Chips,Line C,2022-09-04 00:00:00,Sep-2022,Priya S.,5.03,4.5,6.5,PASS,2.25,3.5,PASS,98.3,92,PASS,PASS
PHY-0154,BCH-2022-0154,Okra Chips,Line D,2022-09-05 00:00:00,Sep-2022,Anand M.,4.67,4.5,6.5,PASS,3.39,3.5,PASS,98.5,92,PASS,PASS
PHY-0155,BCH-2022-0155,Roasted Corn,Line E,2022-09-06 00:00:00,Sep-2022,Meena R.,5.07,4.5,6.5,PASS,3.65,3.5,FAIL,98.7,92,PASS,FAIL
PHY-0156,BCH-2022-0156,Chickpea Snacks,Line F,2022-09-07 00:00:00,Sep-2022,Karthik V.,5.99,4.5,6.5,PASS,3.78,3.5,FAIL,95.3,92,PASS,FAIL
PHY-0157,BCH-2022-0157,Banana Chips,Line A,2022-09-08 00:00:00,Sep-2022,Divya N.,6.25,4.5,6.5,PASS,2.86,3.5,PASS,92.3,92,PASS,PASS
PHY-0158,BCH-2022-0158,Sweet Potato Chips,Line B,2022-09-10 00:00:00,Sep-2022,Suresh B.,5.78,4.5,6.5,PASS,2.35,3.5,PASS,94.0,92,PASS,PASS
PHY-0159,BCH-2022-0159,Masala Peanuts,Line C,2022-09-11 00:00:00,Sep-2022,Leena D.,4.08,4.5,6.5,FAIL,1.04,3.5,PASS,95.1,92,PASS,FAIL
PHY-0160,BCH-2022-0160,Tapioca Crisps,Line D,2022-09-12 00:00:00,Sep-2022,Sagar A.,4.85,4.5,6.5,PASS,3.4,3.5,PASS,92.2,92,PASS,PASS
PHY-0161,BCH-2022-0161,Jackfruit Chips,Line E,2022-09-13 00:00:00,Sep-2022,Priya S.,5.07,4.5,6.5,PASS,1.57,3.5,PASS,97.5,92,PASS,PASS
PHY-0162,BCH-2022-0162,Okra Chips,Line F,2022-09-16 00:00:00,Sep-2022,Anand M.,4.52,4.5,6.5,PASS,1.58,3.5,PASS,95.7,92,PASS,PASS
PHY-0163,BCH-2022-0163,Roasted Corn,Line A,2022-09-17 00:00:00,Sep-2022,Meena R.,3.1,4.5,6.5,FAIL,6.1,3.5,FAIL,93.8,92,PASS,FAIL
PHY-0164,BCH-2022-0164,Chickpea Snacks,Line B,2022-09-20 00:00:00,Sep-2022,Karthik V.,5.88,4.5,6.5,PASS,1.3,3.5,PASS,95.2,92,PASS,PASS
PHY-0165,BCH-2022-0165,Banana Chips,Line C,2022-09-27 00:00:00,Sep-2022,Divya N.,4.75,4.5,6.5,PASS,1.33,3.5,PASS,95.8,92,PASS,PASS
PHY-0166,BCH-2022-0166,Sweet Potato Chips,Line D,2022-09-28 00:00:00,Sep-2022,Suresh B.,5.34,4.5,6.5,PASS,2.54,3.5,PASS,95.4,92,PASS,PASS
PHY-0167,BCH-2022-0167,Masala Peanuts,Line E,2022-09-29 00:00:00,Sep-2022,Leena D.,4.71,4.5,6.5,PASS,1.42,3.5,PASS,93.8,92,PASS,PASS
PHY-0168,BCH-2022-0168,Tapioca Crisps,Line F,2022-09-30 00:00:00,Sep-2022,Sagar A.,5.74,4.5,6.5,PASS,2.76,3.5,PASS,93.8,92,PASS,PASS
PHY-0169,BCH-2022-0169,Jackfruit Chips,Line A,2022-10-02 00:00:00,Oct-2022,Priya S.,5.8,4.5,6.5,PASS,1.58,3.5,PASS,95.5,92,PASS,PASS
PHY-0170,BCH-2022-0170,Okra Chips,Line B,2022-10-04 00:00:00,Oct-2022,Anand M.,6.05,4.5,6.5,PASS,3.17,3.5,PASS,95.3,92,PASS,PASS
PHY-0171,BCH-2022-0171,Roasted Corn,Line C,2022-10-05 00:00:00,Oct-2022,Meena R.,5.63,4.5,6.5,PASS,0.91,3.5,PASS,93.1,92,PASS,PASS
PHY-0172,BCH-2022-0172,Chickpea Snacks,Line D,2022-10-06 00:00:00,Oct-2022,Karthik V.,5.08,4.5,6.5,PASS,1.0,3.5,PASS,95.3,92,PASS,PASS
PHY-0173,BCH-2022-0173,Banana Chips,Line E,2022-10-09 00:00:00,Oct-2022,Divya N.,4.97,4.5,6.5,PASS,1.81,3.5,PASS,97.7,92,PASS,PASS
PHY-0174,BCH-2022-0174,Sweet Potato Chips,Line F,2022-10-10 00:00:00,Oct-2022,Suresh B.,5.99,4.5,6.5,PASS,2.26,3.5,PASS,94.3,92,PASS,PASS
PHY-0175,BCH-2022-0175,Masala Peanuts,Line A,2022-10-12 00:00:00,Oct-2022,Leena D.,4.53,4.5,6.5,PASS,3.02,3.5,PASS,98.3,92,PASS,PASS
PHY-0176,BCH-2022-0176,Tapioca Crisps,Line B,2022-10-14 00:00:00,Oct-2022,Sagar A.,6.03,4.5,6.5,PASS,1.78,3.5,PASS,92.5,92,PASS,PASS
PHY-0177,BCH-2022-0177,Jackfruit Chips,Line C,2022-10-15 00:00:00,Oct-2022,Priya S.,4.54,4.5,6.5,PASS,1.49,3.5,PASS,93.3,92,PASS,PASS
PHY-0178,BCH-2022-0178,Okra Chips,Line D,2022-10-16 00:00:00,Oct-2022,Anand M.,3.32,4.5,6.5,FAIL,1.9,3.5,PASS,95.9,92,PASS,FAIL
PHY-0179,BCH-2022-0179,Roasted Corn,Line E,2022-10-17 00:00:00,Oct-2022,Meena R.,3.05,4.5,6.5,FAIL,1.89,3.5,PASS,94.0,92,PASS,FAIL
PHY-0180,BCH-2022-0180,Chickpea Snacks,Line F,2022-10-18 00:00:00,Oct-2022,Karthik V.,3.61,4.5,6.5,FAIL,3.2,3.5,PASS,94.5,92,PASS,FAIL
PHY-0181,BCH-2022-0181,Banana Chips,Line A,2022-10-21 00:00:00,Oct-2022,Divya N.,6.14,4.5,6.5,PASS,2.37,3.5,PASS,85.4,92,FAIL,FAIL
PHY-0182,BCH-2022-0182,Sweet Potato Chips,Line B,2022-10-22 00:00:00,Oct-2022,Suresh B.,3.8,4.5,6.5,FAIL,2.62,3.5,PASS,94.0,92,PASS,FAIL
PHY-0183,BCH-2022-0183,Masala Peanuts,Line C,2022-10-24 00:00:00,Oct-2022,Leena D.,5.17,4.5,6.5,PASS,9.44,3.5,FAIL,95.6,92,PASS,FAIL
PHY-0184,BCH-2022-0184,Tapioca Crisps,Line D,2022-10-27 00:00:00,Oct-2022,Sagar A.,5.88,4.5,6.5,PASS,2.66,3.5,PASS,98.0,92,PASS,PASS
PHY-0185,BCH-2022-0185,Jackfruit Chips,Line E,2022-11-01 00:00:00,Oct-2022,Priya S.,4.5,4.5,6.5,PASS,2.41,3.5,PASS,92.8,92,PASS,PASS
PHY-0186,BCH-2022-0186,Okra Chips,Line F,2022-11-02 00:00:00,Nov-2022,Anand M.,5.41,4.5,6.5,PASS,2.59,3.5,PASS,98.5,92,PASS,PASS
PHY-0187,BCH-2022-0187,Roasted Corn,Line A,2022-11-03 00:00:00,Nov-2022,Meena R.,6.26,4.5,6.5,PASS,1.07,3.5,PASS,98.8,92,PASS,PASS
PHY-0188,BCH-2022-0188,Chickpea Snacks,Line B,2022-11-06 00:00:00,Nov-2022,Karthik V.,5.19,4.5,6.5,PASS,1.99,3.5,PASS,93.0,92,PASS,PASS
PHY-0189,BCH-2022-0189,Banana Chips,Line C,2022-11-07 00:00:00,Nov-2022,Divya N.,6.06,4.5,6.5,PASS,1.26,3.5,PASS,92.3,92,PASS,PASS
PHY-0190,BCH-2022-0190,Sweet Potato Chips,Line D,2022-11-08 00:00:00,Nov-2022,Suresh B.,4.65,4.5,6.5,PASS,2.46,3.5,PASS,93.5,92,PASS,PASS
PHY-0191,BCH-2022-0191,Masala Peanuts,Line E,2022-11-09 00:00:00,Nov-2022,Leena D.,5.41,4.5,6.5,PASS,1.12,3.5,PASS,95.0,92,PASS,PASS
PHY-0192,BCH-2022-0192,Tapioca Crisps,Line F,2022-11-11 00:00:00,Nov-2022,Sagar A.,4.79,4.5,6.5,PASS,1.82,3.5,PASS,97.9,92,PASS,PASS
PHY-0193,BCH-2022-0193,Jackfruit Chips,Line A,2022-11-12 00:00:00,Nov-2022,Priya S.,5.51,4.5,6.5,PASS,2.92,3.5,PASS,95.0,92,PASS,PASS
PHY-0194,BCH-2022-0194,Okra Chips,Line B,2022-11-15 00:00:00,Nov-2022,Anand M.,6.16,4.5,6.5,PASS,1.44,3.5,PASS,94.4,92,PASS,PASS
PHY-0195,BCH-2022-0195,Roasted Corn,Line C,2022-11-16 00:00:00,Nov-2022,Meena R.,5.86,4.5,6.5,PASS,1.0,3.5,PASS,98.2,92,PASS,PASS
PHY-0196,BCH-2022-0196,Chickpea Snacks,Line D,2022-11-17 00:00:00,Nov-2022,Karthik V.,4.65,4.5,6.5,PASS,1.56,3.5,PASS,86.7,92,FAIL,FAIL
PHY-0197,BCH-2022-0197,Banana Chips,Line E,2022-11-18 00:00:00,Nov-2022,Divya N.,5.73,4.5,6.5,PASS,1.17,3.5,PASS,92.9,92,PASS,PASS
PHY-0198,BCH-2022-0198,Sweet Potato Chips,Line F,2022-11-19 00:00:00,Nov-2022,Suresh B.,5.55,4.5,6.5,PASS,2.68,3.5,PASS,92.6,92,PASS,PASS
PHY-0199,BCH-2022-0199,Masala Peanuts,Line A,2022-11-20 00:00:00,Nov-2022,Leena D.,5.22,4.5,6.5,PASS,2.54,3.5,PASS,92.2,92,PASS,PASS
PHY-0200,BCH-2022-0200,Tapioca Crisps,Line B,2022-11-22 00:00:00,Nov-2022,Sagar A.,5.41,4.5,6.5,PASS,2.14,3.5,PASS,93.4,92,PASS,PASS
PHY-0201,BCH-2022-0201,Jackfruit Chips,Line C,2022-11-23 00:00:00,Nov-2022,Priya S.,5.09,4.5,6.5,PASS,2.72,3.5,PASS,93.6,92,PASS,PASS
PHY-0202,BCH-2022-0202,Okra Chips,Line D,2022-11-24 00:00:00,Nov-2022,Anand M.,6.27,4.5,6.5,PASS,1.37,3.5,PASS,97.8,92,PASS,PASS
PHY-0203,BCH-2022-0203,Roasted Corn,Line E,2022-11-25 00:00:00,Nov-2022,Meena R.,5.69,4.5,6.5,PASS,1.17,3.5,PASS,93.3,92,PASS,PASS
PHY-0204,BCH-2022-0204,Chickpea Snacks,Line F,2022-11-26 00:00:00,Nov-2022,Karthik V.,5.45,4.5,6.5,PASS,3.77,3.5,FAIL,97.0,92,PASS,FAIL
PHY-0205,BCH-2022-0205,Banana Chips,Line A,2022-11-27 00:00:00,Nov-2022,Divya N.,4.93,4.5,6.5,PASS,1.25,3.5,PASS,99.1,92,PASS,PASS
PHY-0206,BCH-2022-0206,Sweet Potato Chips,Line B,2022-11-29 00:00:00,Nov-2022,Suresh B.,6.16,4.5,6.5,PASS,2.52,3.5,PASS,97.7,92,PASS,PASS
PHY-0207,BCH-2022-0207,Masala Peanuts,Line C,2022-12-04 00:00:00,Dec-2022,Leena D.,4.7,4.5,6.5,PASS,9.81,3.5,FAIL,96.6,92,PASS,FAIL
PHY-0208,BCH-2022-0208,Tapioca Crisps,Line D,2022-12-05 00:00:00,Dec-2022,Sagar A.,6.37,4.5,6.5,PASS,2.08,3.5,PASS,94.0,92,PASS,PASS
PHY-0209,BCH-2022-0209,Jackfruit Chips,Line E,2022-12-07 00:00:00,Dec-2022,Priya S.,5.84,4.5,6.5,PASS,5.36,3.5,FAIL,98.5,92,PASS,FAIL
PHY-0210,BCH-2022-0210,Okra Chips,Line F,2022-12-08 00:00:00,Dec-2022,Anand M.,4.81,4.5,6.5,PASS,2.11,3.5,PASS,95.8,92,PASS,PASS
PHY-0211,BCH-2022-0211,Roasted Corn,Line A,2022-12-11 00:00:00,Dec-2022,Meena R.,6.31,4.5,6.5,PASS,2.7,3.5,PASS,93.4,92,PASS,PASS
PHY-0212,BCH-2022-0212,Chickpea Snacks,Line B,2022-12-12 00:00:00,Dec-2022,Karthik V.,5.18,4.5,6.5,PASS,2.4,3.5,PASS,94.0,92,PASS,PASS
PHY-0213,BCH-2022-0213,Banana Chips,Line C,2022-12-19 00:00:00,Dec-2022,Divya N.,5.35,4.5,6.5,PASS,6.42,3.5,FAIL,93.3,92,PASS,FAIL
PHY-0214,BCH-2022-0214,Sweet Potato Chips,Line D,2022-12-20 00:00:00,Dec-2022,Suresh B.,5.11,4.5,6.5,PASS,1.75,3.5,PASS,95.8,92,PASS,PASS
PHY-0215,BCH-2022-0215,Masala Peanuts,Line E,2022-12-21 00:00:00,Dec-2022,Leena D.,5.33,4.5,6.5,PASS,1.2,3.5,PASS,93.8,92,PASS,PASS
PHY-0216,BCH-2022-0216,Tapioca Crisps,Line F,2022-12-22 00:00:00,Dec-2022,Sagar A.,5.69,4.5,6.5,PASS,1.45,3.5,PASS,97.9,92,PASS,PASS
PHY-0217,BCH-2022-0217,Jackfruit Chips,Line A,2022-12-23 00:00:00,Dec-2022,Priya S.,6.15,4.5,6.5,PASS,1.41,3.5,PASS,98.3,92,PASS,PASS
PHY-0218,BCH-2022-0218,Okra Chips,Line B,2022-12-24 00:00:00,Dec-2022,Anand M.,4.59,4.5,6.5,PASS,1.28,3.5,PASS,93.8,92,PASS,PASS
PHY-0219,BCH-2022-0219,Roasted Corn,Line C,2022-12-25 00:00:00,Dec-2022,Meena R.,5.25,4.5,6.5,PASS,2.35,3.5,PASS,97.9,92,PASS,PASS
PHY-0220,BCH-2022-0220,Chickpea Snacks,Line D,2022-12-26 00:00:00,Dec-2022,Karthik V.,5.51,4.5,6.5,PASS,3.17,3.5,PASS,97.5,92,PASS,PASS
PHY-0221,BCH-2022-0221,Banana Chips,Line E,2022-12-27 00:00:00,Dec-2022,Divya N.,3.61,4.5,6.5,FAIL,4.14,3.5,FAIL,99.1,92,PASS,FAIL
PHY-0222,BCH-2022-0222,Sweet Potato Chips,Line F,2022-12-28 00:00:00,Dec-2022,Suresh B.,4.53,4.5,6.5,PASS,4.1,3.5,FAIL,96.1,92,PASS,FAIL
PHY-0223,BCH-2022-0223,Masala Peanuts,Line A,2023-01-02 00:00:00,Jan-2023,Leena D.,5.18,4.5,6.5,PASS,1.96,3.5,PASS,95.0,92,PASS,PASS
PHY-0224,BCH-2022-0224,Tapioca Crisps,Line B,2023-01-03 00:00:00,Jan-2023,Sagar A.,3.83,4.5,6.5,FAIL,1.26,3.5,PASS,95.5,92,PASS,FAIL
PHY-0225,BCH-2022-0225,Jackfruit Chips,Line C,2023-01-04 00:00:00,Jan-2023,Priya S.,4.56,4.5,6.5,PASS,2.4,3.5,PASS,97.4,92,PASS,PASS
PHY-0226,BCH-2022-0226,Okra Chips,Line D,2023-01-11 00:00:00,Jan-2023,Anand M.,6.06,4.5,6.5,PASS,1.94,3.5,PASS,95.0,92,PASS,PASS
PHY-0227,BCH-2022-0227,Roasted Corn,Line E,2023-01-12 00:00:00,Jan-2023,Meena R.,4.84,4.5,6.5,PASS,1.66,3.5,PASS,93.1,92,PASS,PASS
PHY-0228,BCH-2022-0228,Chickpea Snacks,Line F,2023-01-15 00:00:00,Jan-2023,Karthik V.,5.45,4.5,6.5,PASS,1.0,3.5,PASS,96.8,92,PASS,PASS
PHY-0229,BCH-2022-0229,Banana Chips,Line A,2023-01-16 00:00:00,Jan-2023,Divya N.,5.16,4.5,6.5,PASS,1.96,3.5,PASS,98.4,92,PASS,PASS
PHY-0230,BCH-2022-0230,Sweet Potato Chips,Line B,2023-01-18 00:00:00,Jan-2023,Suresh B.,6.2,4.5,6.5,PASS,1.46,3.5,PASS,96.0,92,PASS,PASS
PHY-0231,BCH-2022-0231,Masala Peanuts,Line C,2023-01-20 00:00:00,Jan-2023,Leena D.,4.64,4.5,6.5,PASS,1.51,3.5,PASS,94.0,92,PASS,PASS
PHY-0232,BCH-2022-0232,Tapioca Crisps,Line D,2023-01-21 00:00:00,Jan-2023,Sagar A.,6.2,4.5,6.5,PASS,1.67,3.5,PASS,99.0,92,PASS,PASS
PHY-0233,BCH-2022-0233,Jackfruit Chips,Line E,2023-01-22 00:00:00,Jan-2023,Priya S.,6.34,4.5,6.5,PASS,1.03,3.5,PASS,96.7,92,PASS,PASS
PHY-0234,BCH-2022-0234,Okra Chips,Line F,2023-01-23 00:00:00,Jan-2023,Anand M.,6.16,4.5,6.5,PASS,2.21,3.5,PASS,94.0,92,PASS,PASS
PHY-0235,BCH-2022-0235,Roasted Corn,Line A,2023-01-24 00:00:00,Jan-2023,Meena R.,5.74,4.5,6.5,PASS,4.94,3.5,FAIL,96.7,92,PASS,FAIL
PHY-0236,BCH-2022-0236,Chickpea Snacks,Line B,2023-01-25 00:00:00,Jan-2023,Karthik V.,5.18,4.5,6.5,PASS,1.35,3.5,PASS,96.4,92,PASS,PASS
PHY-0237,BCH-2022-0237,Banana Chips,Line C,2023-01-27 00:00:00,Jan-2023,Divya N.,4.78,4.5,6.5,PASS,1.82,3.5,PASS,94.6,92,PASS,PASS
PHY-0238,BCH-2022-0238,Sweet Potato Chips,Line D,2023-01-28 00:00:00,Jan-2023,Suresh B.,5.16,4.5,6.5,PASS,2.94,3.5,PASS,97.6,92,PASS,PASS
PHY-0239,BCH-2022-0239,Masala Peanuts,Line E,2023-01-29 00:00:00,Jan-2023,Leena D.,5.61,4.5,6.5,PASS,1.99,3.5,PASS,95.9,92,PASS,PASS
PHY-0240,BCH-2022-0240,Tapioca Crisps,Line F,2023-01-31 00:00:00,Jan-2023,Sagar A.,4.67,4.5,6.5,PASS,2.03,3.5,PASS,99.0,92,PASS,PASS
PHY-0241,BCH-2022-0241,Jackfruit Chips,Line A,2023-02-01 00:00:00,Jan-2023,Priya S.,5.3,4.5,6.5,PASS,2.04,3.5,PASS,98.9,92,PASS,PASS
PHY-0242,BCH-2022-0242,Okra Chips,Line B,2023-02-02 00:00:00,Feb-2023,Anand M.,5.02,4.5,6.5,PASS,3.04,3.5,PASS,93.8,92,PASS,PASS
PHY-0243,BCH-2022-0243,Roasted Corn,Line C,2023-02-03 00:00:00,Feb-2023,Meena R.,6.36,4.5,6.5,PASS,9.11,3.5,FAIL,93.8,92,PASS,FAIL
PHY-0244,BCH-2022-0244,Chickpea Snacks,Line D,2023-02-04 00:00:00,Feb-2023,Karthik V.,5.99,4.5,6.5,PASS,1.92,3.5,PASS,92.9,92,PASS,PASS
PHY-0245,BCH-2022-0245,Banana Chips,Line E,2023-02-05 00:00:00,Feb-2023,Divya N.,5.9,4.5,6.5,PASS,1.47,3.5,PASS,92.2,92,PASS,PASS
PHY-0246,BCH-2022-0246,Sweet Potato Chips,Line F,2023-02-06 00:00:00,Feb-2023,Suresh B.,5.61,4.5,6.5,PASS,1.0,3.5,PASS,92.4,92,PASS,PASS
PHY-0247,BCH-2022-0247,Masala Peanuts,Line A,2023-02-07 00:00:00,Feb-2023,Leena D.,5.09,4.5,6.5,PASS,1.86,3.5,PASS,97.9,92,PASS,PASS
PHY-0248,BCH-2022-0248,Tapioca Crisps,Line B,2023-02-08 00:00:00,Feb-2023,Sagar A.,5.73,4.5,6.5,PASS,1.56,3.5,PASS,99.0,92,PASS,PASS
PHY-0249,BCH-2022-0249,Jackfruit Chips,Line C,2023-02-09 00:00:00,Feb-2023,Priya S.,4.54,4.5,6.5,PASS,1.8,3.5,PASS,92.2,92,PASS,PASS
PHY-0250,BCH-2022-0250,Okra Chips,Line D,2023-02-11 00:00:00,Feb-2023,Anand M.,4.81,4.5,6.5,PASS,2.65,3.5,PASS,95.1,92,PASS,PASS
PHY-0251,BCH-2022-0251,Roasted Corn,Line E,2023-02-12 00:00:00,Feb-2023,Meena R.,5.3,4.5,6.5,PASS,4.57,3.5,FAIL,93.1,92,PASS,FAIL
PHY-0252,BCH-2022-0252,Chickpea Snacks,Line F,2023-02-17 00:00:00,Feb-2023,Karthik V.,6.07,4.5,6.5,PASS,1.98,3.5,PASS,98.8,92,PASS,PASS
PHY-0253,BCH-2022-0253,Banana Chips,Line A,2023-02-20 00:00:00,Feb-2023,Divya N.,4.64,4.5,6.5,PASS,2.77,3.5,PASS,92.3,92,PASS,PASS
PHY-0254,BCH-2022-0254,Sweet Potato Chips,Line B,2023-02-22 00:00:00,Feb-2023,Suresh B.,6.2,4.5,6.5,PASS,1.2,3.5,PASS,95.7,92,PASS,PASS
PHY-0255,BCH-2022-0255,Masala Peanuts,Line C,2023-02-23 00:00:00,Feb-2023,Leena D.,5.2,4.5,6.5,PASS,1.12,3.5,PASS,94.7,92,PASS,PASS
PHY-0256,BCH-2022-0256,Tapioca Crisps,Line D,2023-02-24 00:00:00,Feb-2023,Sagar A.,5.89,4.5,6.5,PASS,2.25,3.5,PASS,97.9,92,PASS,PASS
PHY-0257,BCH-2022-0257,Jackfruit Chips,Line E,2023-02-26 00:00:00,Feb-2023,Priya S.,4.9,4.5,6.5,PASS,1.24,3.5,PASS,95.1,92,PASS,PASS
PHY-0258,BCH-2022-0258,Okra Chips,Line F,2023-02-27 00:00:00,Feb-2023,Anand M.,5.82,4.5,6.5,PASS,1.03,3.5,PASS,98.6,92,PASS,PASS
PHY-0259,BCH-2022-0259,Roasted Corn,Line A,2023-03-04 00:00:00,Mar-2023,Meena R.,5.6,4.5,6.5,PASS,2.36,3.5,PASS,97.2,92,PASS,PASS
PHY-0260,BCH-2022-0260,Chickpea Snacks,Line B,2023-03-05 00:00:00,Mar-2023,Karthik V.,5.14,4.5,6.5,PASS,3.07,3.5,PASS,97.6,92,PASS,PASS
PHY-0261,BCH-2022-0261,Banana Chips,Line C,2023-03-06 00:00:00,Mar-2023,Divya N.,5.54,4.5,6.5,PASS,9.99,3.5,FAIL,93.1,92,PASS,FAIL
PHY-0262,BCH-2022-0262,Sweet Potato Chips,Line D,2023-03-08 00:00:00,Mar-2023,Suresh B.,6.07,4.5,6.5,PASS,1.9,3.5,PASS,98.1,92,PASS,PASS
PHY-0263,BCH-2022-0263,Masala Peanuts,Line E,2023-03-13 00:00:00,Mar-2023,Leena D.,5.7,4.5,6.5,PASS,2.99,3.5,PASS,96.7,92,PASS,PASS
PHY-0264,BCH-2022-0264,Tapioca Crisps,Line F,2023-03-14 00:00:00,Mar-2023,Sagar A.,5.73,4.5,6.5,PASS,2.82,3.5,PASS,97.3,92,PASS,PASS
PHY-0265,BCH-2022-0265,Jackfruit Chips,Line A,2023-03-15 00:00:00,Mar-2023,Priya S.,5.96,4.5,6.5,PASS,1.63,3.5,PASS,94.9,92,PASS,PASS
PHY-0266,BCH-2022-0266,Okra Chips,Line B,2023-03-17 00:00:00,Mar-2023,Anand M.,5.87,4.5,6.5,PASS,1.9,3.5,PASS,95.2,92,PASS,PASS
PHY-0267,BCH-2022-0267,Roasted Corn,Line C,2023-03-18 00:00:00,Mar-2023,Meena R.,5.23,4.5,6.5,PASS,2.29,3.5,PASS,94.3,92,PASS,PASS
PHY-0268,BCH-2022-0268,Chickpea Snacks,Line D,2023-03-19 00:00:00,Mar-2023,Karthik V.,5.25,4.5,6.5,PASS,4.48,3.5,FAIL,95.3,92,PASS,FAIL
PHY-0269,BCH-2022-0269,Banana Chips,Line E,2023-03-20 00:00:00,Mar-2023,Divya N.,4.75,4.5,6.5,PASS,2.68,3.5,PASS,94.4,92,PASS,PASS
PHY-0270,BCH-2022-0270,Sweet Potato Chips,Line F,2023-03-22 00:00:00,Mar-2023,Suresh B.,5.86,4.5,6.5,PASS,2.53,3.5,PASS,95.7,92,PASS,PASS
PHY-0271,BCH-2022-0271,Masala Peanuts,Line A,2023-03-23 00:00:00,Mar-2023,Leena D.,5.71,4.5,6.5,PASS,2.64,3.5,PASS,92.3,92,PASS,PASS
PHY-0272,BCH-2022-0272,Tapioca Crisps,Line B,2023-03-24 00:00:00,Mar-2023,Sagar A.,5.04,4.5,6.5,PASS,2.52,3.5,PASS,94.9,92,PASS,PASS
PHY-0273,BCH-2022-0273,Jackfruit Chips,Line C,2023-03-27 00:00:00,Mar-2023,Priya S.,6.14,4.5,6.5,PASS,1.72,3.5,PASS,99.0,92,PASS,PASS
PHY-0274,BCH-2022-0274,Okra Chips,Line D,2023-03-28 00:00:00,Mar-2023,Anand M.,5.07,4.5,6.5,PASS,2.69,3.5,PASS,95.1,92,PASS,PASS
PHY-0275,BCH-2022-0275,Roasted Corn,Line E,2023-03-29 00:00:00,Mar-2023,Meena R.,5.26,4.5,6.5,PASS,1.61,3.5,PASS,93.6,92,PASS,PASS
PHY-0276,BCH-2022-0276,Chickpea Snacks,Line F,2023-03-30 00:00:00,Mar-2023,Karthik V.,5.51,4.5,6.5,PASS,2.28,3.5,PASS,92.3,92,PASS,PASS
PHY-0277,BCH-2022-0277,Banana Chips,Line A,2023-03-31 00:00:00,Mar-2023,Divya N.,4.11,4.5,6.5,FAIL,1.33,3.5,PASS,95.0,92,PASS,FAIL
PHY-0278,BCH-2022-0278,Sweet Potato Chips,Line B,2023-04-07 00:00:00,Apr-2023,Suresh B.,5.27,4.5,6.5,PASS,3.26,3.5,PASS,92.6,92,PASS,PASS
PHY-0279,BCH-2022-0279,Masala Peanuts,Line C,2023-04-08 00:00:00,Apr-2023,Leena D.,6.07,4.5,6.5,PASS,2.12,3.5,PASS,92.9,92,PASS,PASS
PHY-0280,BCH-2022-0280,Tapioca Crisps,Line D,2023-04-09 00:00:00,Apr-2023,Sagar A.,4.6,4.5,6.5,PASS,2.07,3.5,PASS,95.3,92,PASS,PASS
PHY-0281,BCH-2022-0281,Jackfruit Chips,Line E,2023-04-14 00:00:00,Apr-2023,Priya S.,6.19,4.5,6.5,PASS,1.51,3.5,PASS,97.8,92,PASS,PASS
PHY-0282,BCH-2022-0282,Okra Chips,Line F,2023-04-15 00:00:00,Apr-2023,Anand M.,4.94,4.5,6.5,PASS,2.91,3.5,PASS,98.7,92,PASS,PASS
PHY-0283,BCH-2022-0283,Roasted Corn,Line A,2023-04-16 00:00:00,Apr-2023,Meena R.,5.46,4.5,6.5,PASS,2.58,3.5,PASS,98.0,92,PASS,PASS
PHY-0284,BCH-2022-0284,Chickpea Snacks,Line B,2023-04-18 00:00:00,Apr-2023,Karthik V.,6.11,4.5,6.5,PASS,1.32,3.5,PASS,95.0,92,PASS,PASS
PHY-0285,BCH-2022-0285,Banana Chips,Line C,2023-04-23 00:00:00,Apr-2023,Divya N.,4.81,4.5,6.5,PASS,1.79,3.5,PASS,85.9,92,FAIL,FAIL
PHY-0286,BCH-2022-0286,Sweet Potato Chips,Line D,2023-04-24 00:00:00,Apr-2023,Suresh B.,4.75,4.5,6.5,PASS,1.17,3.5,PASS,98.5,92,PASS,PASS
PHY-0287,BCH-2022-0287,Masala Peanuts,Line E,2023-04-29 00:00:00,Apr-2023,Leena D.,4.89,4.5,6.5,PASS,1.36,3.5,PASS,94.5,92,PASS,PASS
PHY-0288,BCH-2022-0288,Tapioca Crisps,Line F,2023-04-30 00:00:00,Apr-2023,Sagar A.,5.7,4.5,6.5,PASS,2.74,3.5,PASS,93.7,92,PASS,PASS
PHY-0289,BCH-2022-0289,Jackfruit Chips,Line A,2023-05-01 00:00:00,Apr-2023,Priya S.,5.27,4.5,6.5,PASS,3.06,3.5,PASS,97.7,92,PASS,PASS
PHY-0290,BCH-2022-0290,Okra Chips,Line B,2023-05-04 00:00:00,May-2023,Anand M.,6.01,4.5,6.5,PASS,2.95,3.5,PASS,94.3,92,PASS,PASS
PHY-0291,BCH-2022-0291,Roasted Corn,Line C,2023-05-05 00:00:00,May-2023,Meena R.,4.72,4.5,6.5,PASS,2.15,3.5,PASS,96.0,92,PASS,PASS
PHY-0292,BCH-2022-0292,Chickpea Snacks,Line D,2023-05-07 00:00:00,May-2023,Karthik V.,5.34,4.5,6.5,PASS,1.41,3.5,PASS,95.1,92,PASS,PASS
PHY-0293,BCH-2022-0293,Banana Chips,Line E,2023-05-08 00:00:00,May-2023,Divya N.,4.87,4.5,6.5,PASS,2.51,3.5,PASS,97.5,92,PASS,PASS
PHY-0294,BCH-2022-0294,Sweet Potato Chips,Line F,2023-05-09 00:00:00,May-2023,Suresh B.,4.98,4.5,6.5,PASS,2.2,3.5,PASS,93.2,92,PASS,PASS
PHY-0295,BCH-2022-0295,Masala Peanuts,Line A,2023-05-10 00:00:00,May-2023,Leena D.,5.43,4.5,6.5,PASS,2.84,3.5,PASS,93.4,92,PASS,PASS
PHY-0296,BCH-2022-0296,Tapioca Crisps,Line B,2023-05-11 00:00:00,May-2023,Sagar A.,6.34,4.5,6.5,PASS,1.72,3.5,PASS,92.8,92,PASS,PASS
PHY-0297,BCH-2022-0297,Jackfruit Chips,Line C,2023-05-12 00:00:00,May-2023,Priya S.,4.63,4.5,6.5,PASS,1.33,3.5,PASS,96.9,92,PASS,PASS
PHY-0298,BCH-2022-0298,Okra Chips,Line D,2023-05-14 00:00:00,May-2023,Anand M.,4.86,4.5,6.5,PASS,2.18,3.5,PASS,95.7,92,PASS,PASS
PHY-0299,BCH-2022-0299,Roasted Corn,Line E,2023-05-15 00:00:00,May-2023,Meena R.,5.33,4.5,6.5,PASS,4.53,3.5,FAIL,92.6,92,PASS,FAIL
PHY-0300,BCH-2022-0300,Chickpea Snacks,Line F,2023-05-16 00:00:00,May-2023,Karthik V.,5.51,4.5,6.5,PASS,0.92,3.5,PASS,98.6,92,PASS,PASS
PHY-0301,BCH-2022-0301,Banana Chips,Line A,2023-05-17 00:00:00,May-2023,Divya N.,5.32,4.5,6.5,PASS,1.41,3.5,PASS,93.2,92,PASS,PASS
PHY-0302,BCH-2022-0302,Sweet Potato Chips,Line B,2023-05-18 00:00:00,May-2023,Suresh B.,5.99,4.5,6.5,PASS,1.53,3.5,PASS,94.3,92,PASS,PASS
PHY-0303,BCH-2022-0303,Masala Peanuts,Line C,2023-05-20 00:00:00,May-2023,Leena D.,6.18,4.5,6.5,PASS,2.65,3.5,PASS,96.0,92,PASS,PASS
PHY-0304,BCH-2022-0304,Tapioca Crisps,Line D,2023-05-21 00:00:00,May-2023,Sagar A.,5.0,4.5,6.5,PASS,1.75,3.5,PASS,97.3,92,PASS,PASS
PHY-0305,BCH-2022-0305,Jackfruit Chips,Line E,2023-05-22 00:00:00,May-2023,Priya S.,5.44,4.5,6.5,PASS,2.51,3.5,PASS,94.2,92,PASS,PASS
PHY-0306,BCH-2022-0306,Okra Chips,Line F,2023-05-23 00:00:00,May-2023,Anand M.,5.24,4.5,6.5,PASS,1.76,3.5,PASS,97.6,92,PASS,PASS
PHY-0307,BCH-2022-0307,Roasted Corn,Line A,2023-05-24 00:00:00,May-2023,Meena R.,3.45,4.5,6.5,FAIL,6.26,3.5,FAIL,96.1,92,PASS,FAIL
PHY-0308,BCH-2022-0308,Chickpea Snacks,Line B,2023-05-25 00:00:00,May-2023,Karthik V.,5.73,4.5,6.5,PASS,3.2,3.5,PASS,96.0,92,PASS,PASS
PHY-0309,BCH-2022-0309,Banana Chips,Line C,2023-05-26 00:00:00,May-2023,Divya N.,4.5,4.5,6.5,PASS,1.29,3.5,PASS,97.9,92,PASS,PASS
PHY-0310,BCH-2022-0310,Sweet Potato Chips,Line D,2023-05-29 00:00:00,May-2023,Suresh B.,3.54,4.5,6.5,FAIL,1.64,3.5,PASS,98.3,92,PASS,FAIL
PHY-0311,BCH-2022-0311,Masala Peanuts,Line E,2023-05-31 00:00:00,May-2023,Leena D.,5.48,4.5,6.5,PASS,1.17,3.5,PASS,98.3,92,PASS,PASS
PHY-0312,BCH-2022-0312,Tapioca Crisps,Line F,2023-06-02 00:00:00,Jun-2023,Sagar A.,4.87,4.5,6.5,PASS,2.99,3.5,PASS,93.2,92,PASS,PASS
PHY-0313,BCH-2022-0313,Jackfruit Chips,Line A,2023-06-05 00:00:00,Jun-2023,Priya S.,6.19,4.5,6.5,PASS,2.74,3.5,PASS,93.8,92,PASS,PASS
PHY-0314,BCH-2022-0314,Okra Chips,Line B,2023-06-07 00:00:00,Jun-2023,Anand M.,5.87,4.5,6.5,PASS,1.22,3.5,PASS,94.5,92,PASS,PASS
PHY-0315,BCH-2022-0315,Roasted Corn,Line C,2023-06-08 00:00:00,Jun-2023,Meena R.,4.17,4.5,6.5,FAIL,7.59,3.5,FAIL,93.5,92,PASS,FAIL
PHY-0316,BCH-2022-0316,Chickpea Snacks,Line D,2023-06-09 00:00:00,Jun-2023,Karthik V.,5.36,4.5,6.5,PASS,1.99,3.5,PASS,97.9,92,PASS,PASS
PHY-0317,BCH-2022-0317,Banana Chips,Line E,2023-06-10 00:00:00,Jun-2023,Divya N.,5.17,4.5,6.5,PASS,1.89,3.5,PASS,98.0,92,PASS,PASS
PHY-0318,BCH-2022-0318,Sweet Potato Chips,Line F,2023-06-11 00:00:00,Jun-2023,Suresh B.,4.26,4.5,6.5,FAIL,3.92,3.5,FAIL,92.5,92,PASS,FAIL
PHY-0319,BCH-2022-0319,Masala Peanuts,Line A,2023-06-14 00:00:00,Jun-2023,Leena D.,3.02,4.5,6.5,FAIL,2.04,3.5,PASS,92.2,92,PASS,FAIL
PHY-0320,BCH-2022-0320,Tapioca Crisps,Line B,2023-06-15 00:00:00,Jun-2023,Sagar A.,5.64,4.5,6.5,PASS,2.52,3.5,PASS,92.5,92,PASS,PASS
PHY-0321,BCH-2022-0321,Jackfruit Chips,Line C,2023-06-16 00:00:00,Jun-2023,Priya S.,5.07,4.5,6.5,PASS,1.06,3.5,PASS,96.1,92,PASS,PASS
PHY-0322,BCH-2022-0322,Okra Chips,Line D,2023-06-17 00:00:00,Jun-2023,Anand M.,5.42,4.5,6.5,PASS,4.98,3.5,FAIL,96.6,92,PASS,FAIL
PHY-0323,BCH-2022-0323,Roasted Corn,Line E,2023-06-18 00:00:00,Jun-2023,Meena R.,5.41,4.5,6.5,PASS,3.0,3.5,PASS,95.8,92,PASS,PASS
PHY-0324,BCH-2022-0324,Chickpea Snacks,Line F,2023-06-19 00:00:00,Jun-2023,Karthik V.,6.29,4.5,6.5,PASS,2.7,3.5,PASS,93.4,92,PASS,PASS
PHY-0325,BCH-2022-0325,Banana Chips,Line A,2023-06-21 00:00:00,Jun-2023,Divya N.,4.16,4.5,6.5,FAIL,1.81,3.5,PASS,93.8,92,PASS,FAIL
PHY-0326,BCH-2022-0326,Sweet Potato Chips,Line B,2023-06-22 00:00:00,Jun-2023,Suresh B.,4.05,4.5,6.5,FAIL,5.71,3.5,FAIL,95.0,92,PASS,FAIL
PHY-0327,BCH-2022-0327,Masala Peanuts,Line C,2023-06-24 00:00:00,Jun-2023,Leena D.,5.25,4.5,6.5,PASS,1.69,3.5,PASS,95.3,92,PASS,PASS
PHY-0328,BCH-2022-0328,Tapioca Crisps,Line D,2023-06-26 00:00:00,Jun-2023,Sagar A.,4.53,4.5,6.5,PASS,1.32,3.5,PASS,84.1,92,FAIL,FAIL
PHY-0329,BCH-2022-0329,Jackfruit Chips,Line E,2023-06-27 00:00:00,Jun-2023,Priya S.,5.8,4.5,6.5,PASS,2.55,3.5,PASS,96.2,92,PASS,PASS
PHY-0330,BCH-2022-0330,Okra Chips,Line F,2023-06-28 00:00:00,Jun-2023,Anand M.,5.25,4.5,6.5,PASS,2.5,3.5,PASS,97.8,92,PASS,PASS
PHY-0331,BCH-2022-0331,Roasted Corn,Line A,2023-06-29 00:00:00,Jun-2023,Meena R.,6.05,4.5,6.5,PASS,1.5,3.5,PASS,93.2,92,PASS,PASS
PHY-0332,BCH-2022-0332,Chickpea Snacks,Line B,2023-07-01 00:00:00,Jun-2023,Karthik V.,5.8,4.5,6.5,PASS,1.48,3.5,PASS,96.8,92,PASS,PASS
PHY-0333,BCH-2022-0333,Banana Chips,Line C,2023-07-02 00:00:00,Jul-2023,Divya N.,5.51,4.5,6.5,PASS,1.92,3.5,PASS,96.5,92,PASS,PASS
PHY-0334,BCH-2022-0334,Sweet Potato Chips,Line D,2023-07-03 00:00:00,Jul-2023,Suresh B.,6.29,4.5,6.5,PASS,1.26,3.5,PASS,96.6,92,PASS,PASS
PHY-0335,BCH-2022-0335,Masala Peanuts,Line E,2023-07-04 00:00:00,Jul-2023,Leena D.,4.94,4.5,6.5,PASS,3.08,3.5,PASS,96.2,92,PASS,PASS
PHY-0336,BCH-2022-0336,Tapioca Crisps,Line F,2023-07-09 00:00:00,Jul-2023,Sagar A.,5.41,4.5,6.5,PASS,1.97,3.5,PASS,97.5,92,PASS,PASS
PHY-0337,BCH-2022-0337,Jackfruit Chips,Line A,2023-07-11 00:00:00,Jul-2023,Priya S.,4.89,4.5,6.5,PASS,3.16,3.5,PASS,94.8,92,PASS,PASS
PHY-0338,BCH-2022-0338,Okra Chips,Line B,2023-07-12 00:00:00,Jul-2023,Anand M.,5.01,4.5,6.5,PASS,3.59,3.5,FAIL,93.9,92,PASS,FAIL
PHY-0339,BCH-2022-0339,Roasted Corn,Line C,2023-07-14 00:00:00,Jul-2023,Meena R.,4.81,4.5,6.5,PASS,2.17,3.5,PASS,96.2,92,PASS,PASS
PHY-0340,BCH-2022-0340,Chickpea Snacks,Line D,2023-07-16 00:00:00,Jul-2023,Karthik V.,5.0,4.5,6.5,PASS,1.59,3.5,PASS,99.1,92,PASS,PASS
PHY-0341,BCH-2022-0341,Banana Chips,Line E,2023-07-17 00:00:00,Jul-2023,Divya N.,5.64,4.5,6.5,PASS,2.68,3.5,PASS,96.3,92,PASS,PASS
PHY-0342,BCH-2022-0342,Sweet Potato Chips,Line F,2023-07-20 00:00:00,Jul-2023,Suresh B.,4.94,4.5,6.5,PASS,3.26,3.5,PASS,92.6,92,PASS,PASS
PHY-0343,BCH-2022-0343,Masala Peanuts,Line A,2023-07-21 00:00:00,Jul-2023,Leena D.,5.19,4.5,6.5,PASS,2.44,3.5,PASS,95.8,92,PASS,PASS
PHY-0344,BCH-2022-0344,Tapioca Crisps,Line B,2023-07-23 00:00:00,Jul-2023,Sagar A.,5.97,4.5,6.5,PASS,2.2,3.5,PASS,98.3,92,PASS,PASS
PHY-0345,BCH-2022-0345,Jackfruit Chips,Line C,2023-07-24 00:00:00,Jul-2023,Priya S.,5.86,4.5,6.5,PASS,1.48,3.5,PASS,95.3,92,PASS,PASS
PHY-0346,BCH-2022-0346,Okra Chips,Line D,2023-07-25 00:00:00,Jul-2023,Anand M.,5.95,4.5,6.5,PASS,1.5,3.5,PASS,94.3,92,PASS,PASS
PHY-0347,BCH-2022-0347,Roasted Corn,Line E,2023-07-26 00:00:00,Jul-2023,Meena R.,5.5,4.5,6.5,PASS,3.06,3.5,PASS,96.1,92,PASS,PASS
PHY-0348,BCH-2022-0348,Chickpea Snacks,Line F,2023-07-27 00:00:00,Jul-2023,Karthik V.,5.56,4.5,6.5,PASS,3.69,3.5,FAIL,93.4,92,PASS,FAIL
PHY-0349,BCH-2022-0349,Banana Chips,Line A,2023-07-29 00:00:00,Jul-2023,Divya N.,3.97,4.5,6.5,FAIL,5.76,3.5,FAIL,94.6,92,PASS,FAIL
PHY-0350,BCH-2022-0350,Sweet Potato Chips,Line B,2023-07-30 00:00:00,Jul-2023,Suresh B.,4.53,4.5,6.5,PASS,3.11,3.5,PASS,97.6,92,PASS,PASS
PHY-0351,BCH-2022-0351,Masala Peanuts,Line C,2023-07-31 00:00:00,Jul-2023,Leena D.,4.74,4.5,6.5,PASS,3.04,3.5,PASS,93.5,92,PASS,PASS
PHY-0352,BCH-2022-0352,Tapioca Crisps,Line D,2023-08-01 00:00:00,Jul-2023,Sagar A.,5.43,4.5,6.5,PASS,1.84,3.5,PASS,95.7,92,PASS,PASS
PHY-0353,BCH-2022-0353,Jackfruit Chips,Line E,2023-08-02 00:00:00,Aug-2023,Priya S.,5.85,4.5,6.5,PASS,2.31,3.5,PASS,93.0,92,PASS,PASS
PHY-0354,BCH-2022-0354,Okra Chips,Line F,2023-08-03 00:00:00,Aug-2023,Anand M.,5.79,4.5,6.5,PASS,1.13,3.5,PASS,98.2,92,PASS,PASS
PHY-0355,BCH-2022-0355,Roasted Corn,Line A,2023-08-04 00:00:00,Aug-2023,Meena R.,6.28,4.5,6.5,PASS,2.66,3.5,PASS,94.5,92,PASS,PASS
PHY-0356,BCH-2022-0356,Chickpea Snacks,Line B,2023-08-06 00:00:00,Aug-2023,Karthik V.,4.81,4.5,6.5,PASS,2.64,3.5,PASS,93.7,92,PASS,PASS
PHY-0357,BCH-2022-0357,Banana Chips,Line C,2023-08-07 00:00:00,Aug-2023,Divya N.,6.3,4.5,6.5,PASS,1.88,3.5,PASS,96.1,92,PASS,PASS
PHY-0358,BCH-2022-0358,Sweet Potato Chips,Line D,2023-08-08 00:00:00,Aug-2023,Suresh B.,4.13,4.5,6.5,FAIL,5.61,3.5,FAIL,94.9,92,PASS,FAIL
PHY-0359,BCH-2022-0359,Masala Peanuts,Line E,2023-08-09 00:00:00,Aug-2023,Leena D.,5.5,4.5,6.5,PASS,2.58,3.5,PASS,96.8,92,PASS,PASS
PHY-0360,BCH-2022-0360,Tapioca Crisps,Line F,2023-08-11 00:00:00,Aug-2023,Sagar A.,4.96,4.5,6.5,PASS,3.4,3.5,PASS,96.3,92,PASS,PASS
PHY-0361,BCH-2022-0361,Jackfruit Chips,Line A,2023-08-12 00:00:00,Aug-2023,Priya S.,4.81,4.5,6.5,PASS,1.92,3.5,PASS,92.8,92,PASS,PASS
PHY-0362,BCH-2022-0362,Okra Chips,Line B,2023-08-13 00:00:00,Aug-2023,Anand M.,6.03,4.5,6.5,PASS,2.02,3.5,PASS,96.0,92,PASS,PASS
PHY-0363,BCH-2022-0363,Roasted Corn,Line C,2023-08-14 00:00:00,Aug-2023,Meena R.,5.22,4.5,6.5,PASS,2.33,3.5,PASS,95.9,92,PASS,PASS
PHY-0364,BCH-2022-0364,Chickpea Snacks,Line D,2023-08-15 00:00:00,Aug-2023,Karthik V.,5.67,4.5,6.5,PASS,3.11,3.5,PASS,97.2,92,PASS,PASS
PHY-0365,BCH-2022-0365,Banana Chips,Line E,2023-08-16 00:00:00,Aug-2023,Divya N.,5.97,4.5,6.5,PASS,2.03,3.5,PASS,95.9,92,PASS,PASS
PHY-0366,BCH-2022-0366,Sweet Potato Chips,Line F,2023-08-17 00:00:00,Aug-2023,Suresh B.,4.82,4.5,6.5,PASS,2.18,3.5,PASS,97.3,92,PASS,PASS
PHY-0367,BCH-2022-0367,Masala Peanuts,Line A,2023-08-18 00:00:00,Aug-2023,Leena D.,5.84,4.5,6.5,PASS,2.9,3.5,PASS,93.0,92,PASS,PASS
PHY-0368,BCH-2022-0368,Tapioca Crisps,Line B,2023-08-19 00:00:00,Aug-2023,Sagar A.,3.98,4.5,6.5,FAIL,3.08,3.5,PASS,95.1,92,PASS,FAIL
PHY-0369,BCH-2022-0369,Jackfruit Chips,Line C,2023-08-20 00:00:00,Aug-2023,Priya S.,5.84,4.5,6.5,PASS,3.27,3.5,PASS,95.3,92,PASS,PASS
PHY-0370,BCH-2022-0370,Okra Chips,Line D,2023-08-21 00:00:00,Aug-2023,Anand M.,6.23,4.5,6.5,PASS,1.12,3.5,PASS,97.8,92,PASS,PASS
PHY-0371,BCH-2022-0371,Roasted Corn,Line E,2023-08-22 00:00:00,Aug-2023,Meena R.,4.85,4.5,6.5,PASS,2.3,3.5,PASS,95.2,92,PASS,PASS
PHY-0372,BCH-2022-0372,Chickpea Snacks,Line F,2023-08-23 00:00:00,Aug-2023,Karthik V.,5.73,4.5,6.5,PASS,0.85,3.5,PASS,83.1,92,FAIL,FAIL
PHY-0373,BCH-2022-0373,Banana Chips,Line A,2023-08-24 00:00:00,Aug-2023,Divya N.,5.28,4.5,6.5,PASS,1.15,3.5,PASS,94.9,92,PASS,PASS
PHY-0374,BCH-2022-0374,Sweet Potato Chips,Line B,2023-08-26 00:00:00,Aug-2023,Suresh B.,5.05,4.5,6.5,PASS,1.92,3.5,PASS,98.9,92,PASS,PASS
PHY-0375,BCH-2022-0375,Masala Peanuts,Line C,2023-08-29 00:00:00,Aug-2023,Leena D.,4.22,4.5,6.5,FAIL,3.39,3.5,PASS,97.1,92,PASS,FAIL
PHY-0376,BCH-2022-0376,Tapioca Crisps,Line D,2023-09-01 00:00:00,Aug-2023,Sagar A.,5.35,4.5,6.5,PASS,1.49,3.5,PASS,98.5,92,PASS,PASS
PHY-0377,BCH-2022-0377,Jackfruit Chips,Line E,2023-09-03 00:00:00,Sep-2023,Priya S.,5.31,4.5,6.5,PASS,2.02,3.5,PASS,97.7,92,PASS,PASS
PHY-0378,BCH-2022-0378,Okra Chips,Line F,2023-09-04 00:00:00,Sep-2023,Anand M.,5.57,4.5,6.5,PASS,2.56,3.5,PASS,94.8,92,PASS,PASS
PHY-0379,BCH-2022-0379,Roasted Corn,Line A,2023-09-05 00:00:00,Sep-2023,Meena R.,5.76,4.5,6.5,PASS,3.24,3.5,PASS,97.6,92,PASS,PASS
PHY-0380,BCH-2022-0380,Chickpea Snacks,Line B,2023-09-06 00:00:00,Sep-2023,Karthik V.,4.8,4.5,6.5,PASS,1.3,3.5,PASS,93.3,92,PASS,PASS
PHY-0381,BCH-2022-0381,Banana Chips,Line C,2023-09-07 00:00:00,Sep-2023,Divya N.,5.1,4.5,6.5,PASS,3.19,3.5,PASS,96.7,92,PASS,PASS
PHY-0382,BCH-2022-0382,Sweet Potato Chips,Line D,2023-09-10 00:00:00,Sep-2023,Suresh B.,5.79,4.5,6.5,PASS,2.68,3.5,PASS,94.7,92,PASS,PASS
PHY-0383,BCH-2022-0383,Masala Peanuts,Line E,2023-09-13 00:00:00,Sep-2023,Leena D.,4.53,4.5,6.5,PASS,1.88,3.5,PASS,96.1,92,PASS,PASS
PHY-0384,BCH-2022-0384,Tapioca Crisps,Line F,2023-09-14 00:00:00,Sep-2023,Sagar A.,6.26,4.5,6.5,PASS,2.13,3.5,PASS,96.2,92,PASS,PASS
PHY-0385,BCH-2022-0385,Jackfruit Chips,Line A,2023-09-15 00:00:00,Sep-2023,Priya S.,4.01,4.5,6.5,FAIL,2.29,3.5,PASS,94.0,92,PASS,FAIL
PHY-0386,BCH-2022-0386,Okra Chips,Line B,2023-09-16 00:00:00,Sep-2023,Anand M.,4.75,4.5,6.5,PASS,2.52,3.5,PASS,96.0,92,PASS,PASS
PHY-0387,BCH-2022-0387,Roasted Corn,Line C,2023-09-21 00:00:00,Sep-2023,Meena R.,4.58,4.5,6.5,PASS,2.84,3.5,PASS,94.0,92,PASS,PASS
PHY-0388,BCH-2022-0388,Chickpea Snacks,Line D,2023-09-22 00:00:00,Sep-2023,Karthik V.,5.59,4.5,6.5,PASS,1.04,3.5,PASS,95.0,92,PASS,PASS
PHY-0389,BCH-2022-0389,Banana Chips,Line E,2023-09-23 00:00:00,Sep-2023,Divya N.,6.12,4.5,6.5,PASS,1.1,3.5,PASS,95.5,92,PASS,PASS
PHY-0390,BCH-2022-0390,Sweet Potato Chips,Line F,2023-09-25 00:00:00,Sep-2023,Suresh B.,5.97,4.5,6.5,PASS,1.11,3.5,PASS,92.4,92,PASS,PASS
PHY-0391,BCH-2022-0391,Masala Peanuts,Line A,2023-09-28 00:00:00,Sep-2023,Leena D.,5.46,4.5,6.5,PASS,3.36,3.5,PASS,92.5,92,PASS,PASS
PHY-0392,BCH-2022-0392,Tapioca Crisps,Line B,2023-09-30 00:00:00,Sep-2023,Sagar A.,5.3,4.5,6.5,PASS,2.54,3.5,PASS,94.3,92,PASS,PASS
PHY-0393,BCH-2022-0393,Jackfruit Chips,Line C,2023-10-01 00:00:00,Sep-2023,Priya S.,5.08,4.5,6.5,PASS,3.61,3.5,FAIL,93.4,92,PASS,FAIL
PHY-0394,BCH-2022-0394,Okra Chips,Line D,2023-10-02 00:00:00,Oct-2023,Anand M.,4.83,4.5,6.5,PASS,2.53,3.5,PASS,94.0,92,PASS,PASS
PHY-0395,BCH-2022-0395,Roasted Corn,Line E,2023-10-03 00:00:00,Oct-2023,Meena R.,5.03,4.5,6.5,PASS,0.91,3.5,PASS,97.0,92,PASS,PASS
PHY-0396,BCH-2022-0396,Chickpea Snacks,Line F,2023-10-04 00:00:00,Oct-2023,Karthik V.,6.12,4.5,6.5,PASS,2.48,3.5,PASS,98.7,92,PASS,PASS
PHY-0397,BCH-2022-0397,Banana Chips,Line A,2023-10-05 00:00:00,Oct-2023,Divya N.,5.98,4.5,6.5,PASS,1.17,3.5,PASS,97.5,92,PASS,PASS
PHY-0398,BCH-2022-0398,Sweet Potato Chips,Line B,2023-10-06 00:00:00,Oct-2023,Suresh B.,4.56,4.5,6.5,PASS,3.05,3.5,PASS,98.9,92,PASS,PASS
PHY-0399,BCH-2022-0399,Masala Peanuts,Line C,2023-10-07 00:00:00,Oct-2023,Leena D.,5.5,4.5,6.5,PASS,2.94,3.5,PASS,93.7,92,PASS,PASS
PHY-0400,BCH-2022-0400,Tapioca Crisps,Line D,2023-10-08 00:00:00,Oct-2023,Sagar A.,3.4,4.5,6.5,FAIL,1.02,3.5,PASS,93.7,92,PASS,FAIL
PHY-0401,BCH-2022-0401,Jackfruit Chips,Line E,2023-10-10 00:00:00,Oct-2023,Priya S.,5.1,4.5,6.5,PASS,1.49,3.5,PASS,96.1,92,PASS,PASS
PHY-0402,BCH-2022-0402,Okra Chips,Line F,2023-10-11 00:00:00,Oct-2023,Anand M.,5.48,4.5,6.5,PASS,0.92,3.5,PASS,93.7,92,PASS,PASS
PHY-0403,BCH-2022-0403,Roasted Corn,Line A,2023-10-12 00:00:00,Oct-2023,Meena R.,5.34,4.5,6.5,PASS,2.54,3.5,PASS,96.1,92,PASS,PASS
PHY-0404,BCH-2022-0404,Chickpea Snacks,Line B,2023-10-13 00:00:00,Oct-2023,Karthik V.,4.54,4.5,6.5,PASS,1.09,3.5,PASS,96.5,92,PASS,PASS
PHY-0405,BCH-2022-0405,Banana Chips,Line C,2023-10-14 00:00:00,Oct-2023,Divya N.,6.02,4.5,6.5,PASS,1.97,3.5,PASS,92.5,92,PASS,PASS
PHY-0406,BCH-2022-0406,Sweet Potato Chips,Line D,2023-10-15 00:00:00,Oct-2023,Suresh B.,4.71,4.5,6.5,PASS,2.57,3.5,PASS,96.1,92,PASS,PASS
PHY-0407,BCH-2022-0407,Masala Peanuts,Line E,2023-10-16 00:00:00,Oct-2023,Leena D.,5.79,4.5,6.5,PASS,2.81,3.5,PASS,97.5,92,PASS,PASS
PHY-0408,BCH-2022-0408,Tapioca Crisps,Line F,2023-10-17 00:00:00,Oct-2023,Sagar A.,5.02,4.5,6.5,PASS,3.04,3.5,PASS,94.2,92,PASS,PASS
PHY-0409,BCH-2022-0409,Jackfruit Chips,Line A,2023-10-20 00:00:00,Oct-2023,Priya S.,4.71,4.5,6.5,PASS,6.23,3.5,FAIL,93.0,92,PASS,FAIL
PHY-0410,BCH-2022-0410,Okra Chips,Line B,2023-10-21 00:00:00,Oct-2023,Anand M.,6.19,4.5,6.5,PASS,1.98,3.5,PASS,96.2,92,PASS,PASS
PHY-0411,BCH-2022-0411,Roasted Corn,Line C,2023-10-22 00:00:00,Oct-2023,Meena R.,4.73,4.5,6.5,PASS,2.55,3.5,PASS,96.8,92,PASS,PASS
PHY-0412,BCH-2022-0412,Chickpea Snacks,Line D,2023-10-27 00:00:00,Oct-2023,Karthik V.,6.11,4.5,6.5,PASS,2.38,3.5,PASS,97.2,92,PASS,PASS
PHY-0413,BCH-2022-0413,Banana Chips,Line E,2023-10-28 00:00:00,Oct-2023,Divya N.,5.18,4.5,6.5,PASS,1.99,3.5,PASS,95.3,92,PASS,PASS
PHY-0414,BCH-2022-0414,Sweet Potato Chips,Line F,2023-10-29 00:00:00,Oct-2023,Suresh B.,4.59,4.5,6.5,PASS,2.8,3.5,PASS,94.9,92,PASS,PASS
PHY-0415,BCH-2022-0415,Masala Peanuts,Line A,2023-10-30 00:00:00,Oct-2023,Leena D.,4.56,4.5,6.5,PASS,0.97,3.5,PASS,99.0,92,PASS,PASS
PHY-0416,BCH-2022-0416,Tapioca Crisps,Line B,2023-10-31 00:00:00,Oct-2023,Sagar A.,5.03,4.5,6.5,PASS,3.18,3.5,PASS,95.9,92,PASS,PASS
PHY-0417,BCH-2022-0417,Jackfruit Chips,Line C,2023-11-01 00:00:00,Oct-2023,Priya S.,5.55,4.5,6.5,PASS,1.68,3.5,PASS,94.3,92,PASS,PASS
PHY-0418,BCH-2022-0418,Okra Chips,Line D,2023-11-03 00:00:00,Nov-2023,Anand M.,5.66,4.5,6.5,PASS,1.89,3.5,PASS,96.1,92,PASS,PASS
PHY-0419,BCH-2022-0419,Roasted Corn,Line E,2023-11-04 00:00:00,Nov-2023,Meena R.,5.69,4.5,6.5,PASS,2.3,3.5,PASS,97.3,92,PASS,PASS
PHY-0420,BCH-2022-0420,Chickpea Snacks,Line F,2023-11-06 00:00:00,Nov-2023,Karthik V.,5.48,4.5,6.5,PASS,1.31,3.5,PASS,93.1,92,PASS,PASS
PHY-0421,BCH-2023-0421,Banana Chips,Line A,2023-11-09 00:00:00,Nov-2023,Divya N.,5.91,4.5,6.5,PASS,5.51,3.5,FAIL,98.8,92,PASS,FAIL
PHY-0422,BCH-2023-0422,Sweet Potato Chips,Line B,2023-11-11 00:00:00,Nov-2023,Suresh B.,5.99,4.5,6.5,PASS,3.2,3.5,PASS,95.0,92,PASS,PASS
PHY-0423,BCH-2023-0423,Masala Peanuts,Line C,2023-11-12 00:00:00,Nov-2023,Leena D.,5.74,4.5,6.5,PASS,2.71,3.5,PASS,94.0,92,PASS,PASS
PHY-0424,BCH-2023-0424,Tapioca Crisps,Line D,2023-11-14 00:00:00,Nov-2023,Sagar A.,5.26,4.5,6.5,PASS,2.89,3.5,PASS,95.5,92,PASS,PASS
PHY-0425,BCH-2023-0425,Jackfruit Chips,Line E,2023-11-15 00:00:00,Nov-2023,Priya S.,5.97,4.5,6.5,PASS,2.23,3.5,PASS,97.3,92,PASS,PASS
PHY-0426,BCH-2023-0426,Okra Chips,Line F,2023-11-16 00:00:00,Nov-2023,Anand M.,4.55,4.5,6.5,PASS,3.17,3.5,PASS,93.1,92,PASS,PASS
PHY-0427,BCH-2023-0427,Roasted Corn,Line A,2023-11-19 00:00:00,Nov-2023,Meena R.,4.61,4.5,6.5,PASS,2.19,3.5,PASS,93.2,92,PASS,PASS
PHY-0428,BCH-2023-0428,Chickpea Snacks,Line B,2023-11-20 00:00:00,Nov-2023,Karthik V.,6.21,4.5,6.5,PASS,2.47,3.5,PASS,95.6,92,PASS,PASS
PHY-0429,BCH-2023-0429,Banana Chips,Line C,2023-11-21 00:00:00,Nov-2023,Divya N.,4.84,4.5,6.5,PASS,2.11,3.5,PASS,98.5,92,PASS,PASS
PHY-0430,BCH-2023-0430,Sweet Potato Chips,Line D,2023-11-22 00:00:00,Nov-2023,Suresh B.,4.81,4.5,6.5,PASS,0.96,3.5,PASS,98.4,92,PASS,PASS
PHY-0431,BCH-2023-0431,Masala Peanuts,Line E,2023-11-23 00:00:00,Nov-2023,Leena D.,6.39,4.5,6.5,PASS,3.89,3.5,FAIL,94.0,92,PASS,FAIL
PHY-0432,BCH-2023-0432,Tapioca Crisps,Line F,2023-11-26 00:00:00,Nov-2023,Sagar A.,4.66,4.5,6.5,PASS,1.22,3.5,PASS,94.8,92,PASS,PASS
PHY-0433,BCH-2023-0433,Jackfruit Chips,Line A,2023-11-28 00:00:00,Nov-2023,Priya S.,5.36,4.5,6.5,PASS,1.4,3.5,PASS,93.3,92,PASS,PASS
PHY-0434,BCH-2023-0434,Okra Chips,Line B,2023-11-29 00:00:00,Nov-2023,Anand M.,6.33,4.5,6.5,PASS,2.02,3.5,PASS,94.0,92,PASS,PASS
PHY-0435,BCH-2023-0435,Roasted Corn,Line C,2023-12-02 00:00:00,Dec-2023,Meena R.,5.91,4.5,6.5,PASS,1.79,3.5,PASS,93.9,92,PASS,PASS
PHY-0436,BCH-2023-0436,Chickpea Snacks,Line D,2023-12-05 00:00:00,Dec-2023,Karthik V.,4.63,4.5,6.5,PASS,2.93,3.5,PASS,97.6,92,PASS,PASS
PHY-0437,BCH-2023-0437,Banana Chips,Line E,2023-12-06 00:00:00,Dec-2023,Divya N.,5.59,4.5,6.5,PASS,1.55,3.5,PASS,94.9,92,PASS,PASS
PHY-0438,BCH-2023-0438,Sweet Potato Chips,Line F,2023-12-07 00:00:00,Dec-2023,Suresh B.,4.84,4.5,6.5,PASS,3.84,3.5,FAIL,94.5,92,PASS,FAIL
PHY-0439,BCH-2023-0439,Masala Peanuts,Line A,2023-12-10 00:00:00,Dec-2023,Leena D.,3.87,4.5,6.5,FAIL,6.17,3.5,FAIL,93.9,92,PASS,FAIL
PHY-0440,BCH-2023-0440,Tapioca Crisps,Line B,2023-12-11 00:00:00,Dec-2023,Sagar A.,5.75,4.5,6.5,PASS,1.62,3.5,PASS,98.2,92,PASS,PASS
PHY-0441,BCH-2023-0441,Jackfruit Chips,Line C,2023-12-12 00:00:00,Dec-2023,Priya S.,5.94,4.5,6.5,PASS,2.63,3.5,PASS,93.4,92,PASS,PASS
PHY-0442,BCH-2023-0442,Okra Chips,Line D,2023-12-13 00:00:00,Dec-2023,Anand M.,5.69,4.5,6.5,PASS,3.01,3.5,PASS,94.8,92,PASS,PASS
PHY-0443,BCH-2023-0443,Roasted Corn,Line E,2023-12-15 00:00:00,Dec-2023,Meena R.,4.85,4.5,6.5,PASS,1.69,3.5,PASS,97.3,92,PASS,PASS
PHY-0444,BCH-2023-0444,Chickpea Snacks,Line F,2023-12-17 00:00:00,Dec-2023,Karthik V.,5.71,4.5,6.5,PASS,3.08,3.5,PASS,96.2,92,PASS,PASS
PHY-0445,BCH-2023-0445,Banana Chips,Line A,2023-12-18 00:00:00,Dec-2023,Divya N.,5.8,4.5,6.5,PASS,1.91,3.5,PASS,97.1,92,PASS,PASS
PHY-0446,BCH-2023-0446,Sweet Potato Chips,Line B,2023-12-19 00:00:00,Dec-2023,Suresh B.,3.8,4.5,6.5,FAIL,7.08,3.5,FAIL,97.3,92,PASS,FAIL
PHY-0447,BCH-2023-0447,Masala Peanuts,Line C,2023-12-20 00:00:00,Dec-2023,Leena D.,4.67,4.5,6.5,PASS,1.31,3.5,PASS,95.6,92,PASS,PASS
PHY-0448,BCH-2023-0448,Tapioca Crisps,Line D,2023-12-23 00:00:00,Dec-2023,Sagar A.,4.87,4.5,6.5,PASS,1.04,3.5,PASS,98.0,92,PASS,PASS
PHY-0449,BCH-2023-0449,Jackfruit Chips,Line E,2023-12-24 00:00:00,Dec-2023,Priya S.,5.98,4.5,6.5,PASS,2.27,3.5,PASS,94.6,92,PASS,PASS
PHY-0450,BCH-2023-0450,Okra Chips,Line F,2023-12-25 00:00:00,Dec-2023,Anand M.,5.09,4.5,6.5,PASS,0.91,3.5,PASS,96.1,92,PASS,PASS
PHY-0451,BCH-2023-0451,Roasted Corn,Line A,2024-01-01 00:00:00,Dec-2023,Meena R.,4.85,4.5,6.5,PASS,2.34,3.5,PASS,94.1,92,PASS,PASS
PHY-0452,BCH-2023-0452,Chickpea Snacks,Line B,2024-01-02 00:00:00,Jan-2024,Karthik V.,5.71,4.5,6.5,PASS,1.56,3.5,PASS,95.4,92,PASS,PASS
PHY-0453,BCH-2023-0453,Banana Chips,Line C,2024-01-03 00:00:00,Jan-2024,Divya N.,4.79,4.5,6.5,PASS,2.76,3.5,PASS,95.3,92,PASS,PASS
PHY-0454,BCH-2023-0454,Sweet Potato Chips,Line D,2024-01-04 00:00:00,Jan-2024,Suresh B.,5.94,4.5,6.5,PASS,1.38,3.5,PASS,96.5,92,PASS,PASS
PHY-0455,BCH-2023-0455,Masala Peanuts,Line E,2024-01-05 00:00:00,Jan-2024,Leena D.,5.7,4.5,6.5,PASS,2.4,3.5,PASS,92.8,92,PASS,PASS
PHY-0456,BCH-2023-0456,Tapioca Crisps,Line F,2024-01-06 00:00:00,Jan-2024,Sagar A.,4.89,4.5,6.5,PASS,2.51,3.5,PASS,92.7,92,PASS,PASS
PHY-0457,BCH-2023-0457,Jackfruit Chips,Line A,2024-01-07 00:00:00,Jan-2024,Priya S.,5.76,4.5,6.5,PASS,2.05,3.5,PASS,94.2,92,PASS,PASS
PHY-0458,BCH-2023-0458,Okra Chips,Line B,2024-01-08 00:00:00,Jan-2024,Anand M.,4.56,4.5,6.5,PASS,1.46,3.5,PASS,94.8,92,PASS,PASS
PHY-0459,BCH-2023-0459,Roasted Corn,Line C,2024-01-09 00:00:00,Jan-2024,Meena R.,5.12,4.5,6.5,PASS,0.98,3.5,PASS,96.6,92,PASS,PASS
PHY-0460,BCH-2023-0460,Chickpea Snacks,Line D,2024-01-10 00:00:00,Jan-2024,Karthik V.,4.61,4.5,6.5,PASS,4.06,3.5,FAIL,94.4,92,PASS,FAIL
PHY-0461,BCH-2023-0461,Banana Chips,Line E,2024-01-11 00:00:00,Jan-2024,Divya N.,6.1,4.5,6.5,PASS,0.95,3.5,PASS,98.9,92,PASS,PASS
PHY-0462,BCH-2023-0462,Sweet Potato Chips,Line F,2024-01-12 00:00:00,Jan-2024,Suresh B.,6.36,4.5,6.5,PASS,2.18,3.5,PASS,98.5,92,PASS,PASS
PHY-0463,BCH-2023-0463,Masala Peanuts,Line A,2024-01-13 00:00:00,Jan-2024,Leena D.,4.59,4.5,6.5,PASS,2.16,3.5,PASS,93.5,92,PASS,PASS
PHY-0464,BCH-2023-0464,Tapioca Crisps,Line B,2024-01-14 00:00:00,Jan-2024,Sagar A.,4.52,4.5,6.5,PASS,1.56,3.5,PASS,98.5,92,PASS,PASS
PHY-0465,BCH-2023-0465,Jackfruit Chips,Line C,2024-01-19 00:00:00,Jan-2024,Priya S.,6.14,4.5,6.5,PASS,1.75,3.5,PASS,97.6,92,PASS,PASS
PHY-0466,BCH-2023-0466,Okra Chips,Line D,2024-01-21 00:00:00,Jan-2024,Anand M.,6.22,4.5,6.5,PASS,2.94,3.5,PASS,94.2,92,PASS,PASS
PHY-0467,BCH-2023-0467,Roasted Corn,Line E,2024-01-22 00:00:00,Jan-2024,Meena R.,6.07,4.5,6.5,PASS,2.1,3.5,PASS,98.8,92,PASS,PASS
PHY-0468,BCH-2023-0468,Chickpea Snacks,Line F,2024-01-23 00:00:00,Jan-2024,Karthik V.,6.06,4.5,6.5,PASS,2.74,3.5,PASS,95.7,92,PASS,PASS
PHY-0469,BCH-2023-0469,Banana Chips,Line A,2024-01-25 00:00:00,Jan-2024,Divya N.,4.84,4.5,6.5,PASS,3.18,3.5,PASS,99.0,92,PASS,PASS
PHY-0470,BCH-2023-0470,Sweet Potato Chips,Line B,2024-01-26 00:00:00,Jan-2024,Suresh B.,4.74,4.5,6.5,PASS,2.81,3.5,PASS,93.5,92,PASS,PASS
PHY-0471,BCH-2023-0471,Masala Peanuts,Line C,2024-01-27 00:00:00,Jan-2024,Leena D.,5.29,4.5,6.5,PASS,1.55,3.5,PASS,92.8,92,PASS,PASS
PHY-0472,BCH-2023-0472,Tapioca Crisps,Line D,2024-01-28 00:00:00,Jan-2024,Sagar A.,5.76,4.5,6.5,PASS,3.05,3.5,PASS,96.7,92,PASS,PASS
PHY-0473,BCH-2023-0473,Jackfruit Chips,Line E,2024-01-29 00:00:00,Jan-2024,Priya S.,4.98,4.5,6.5,PASS,1.58,3.5,PASS,92.8,92,PASS,PASS
PHY-0474,BCH-2023-0474,Okra Chips,Line F,2024-01-30 00:00:00,Jan-2024,Anand M.,6.23,4.5,6.5,PASS,1.59,3.5,PASS,93.7,92,PASS,PASS
PHY-0475,BCH-2023-0475,Roasted Corn,Line A,2024-01-31 00:00:00,Jan-2024,Meena R.,4.53,4.5,6.5,PASS,2.14,3.5,PASS,95.1,92,PASS,PASS
PHY-0476,BCH-2023-0476,Chickpea Snacks,Line B,2024-02-01 00:00:00,Jan-2024,Karthik V.,6.32,4.5,6.5,PASS,3.05,3.5,PASS,95.4,92,PASS,PASS
PHY-0477,BCH-2023-0477,Banana Chips,Line C,2024-02-02 00:00:00,Feb-2024,Divya N.,5.57,4.5,6.5,PASS,3.28,3.5,PASS,92.5,92,PASS,PASS
PHY-0478,BCH-2023-0478,Sweet Potato Chips,Line D,2024-02-03 00:00:00,Feb-2024,Suresh B.,6.14,4.5,6.5,PASS,1.65,3.5,PASS,95.0,92,PASS,PASS
PHY-0479,BCH-2023-0479,Masala Peanuts,Line E,2024-02-04 00:00:00,Feb-2024,Leena D.,6.06,4.5,6.5,PASS,6.47,3.5,FAIL,97.1,92,PASS,FAIL
PHY-0480,BCH-2023-0480,Tapioca Crisps,Line F,2024-02-06 00:00:00,Feb-2024,Sagar A.,4.62,4.5,6.5,PASS,2.88,3.5,PASS,97.2,92,PASS,PASS
PHY-0481,BCH-2023-0481,Jackfruit Chips,Line A,2024-02-09 00:00:00,Feb-2024,Priya S.,5.71,4.5,6.5,PASS,1.83,3.5,PASS,93.1,92,PASS,PASS
PHY-0482,BCH-2023-0482,Okra Chips,Line B,2024-02-10 00:00:00,Feb-2024,Anand M.,6.01,4.5,6.5,PASS,2.73,3.5,PASS,95.8,92,PASS,PASS
PHY-0483,BCH-2023-0483,Roasted Corn,Line C,2024-02-11 00:00:00,Feb-2024,Meena R.,5.36,4.5,6.5,PASS,0.91,3.5,PASS,94.7,92,PASS,PASS
PHY-0484,BCH-2023-0484,Chickpea Snacks,Line D,2024-02-13 00:00:00,Feb-2024,Karthik V.,4.56,4.5,6.5,PASS,1.14,3.5,PASS,92.5,92,PASS,PASS
PHY-0485,BCH-2023-0485,Banana Chips,Line E,2024-02-14 00:00:00,Feb-2024,Divya N.,4.81,4.5,6.5,PASS,1.36,3.5,PASS,94.2,92,PASS,PASS
PHY-0486,BCH-2023-0486,Sweet Potato Chips,Line F,2024-02-15 00:00:00,Feb-2024,Suresh B.,4.56,4.5,6.5,PASS,1.57,3.5,PASS,95.5,92,PASS,PASS
PHY-0487,BCH-2023-0487,Masala Peanuts,Line A,2024-02-20 00:00:00,Feb-2024,Leena D.,6.39,4.5,6.5,PASS,1.41,3.5,PASS,92.2,92,PASS,PASS
PHY-0488,BCH-2023-0488,Tapioca Crisps,Line B,2024-02-21 00:00:00,Feb-2024,Sagar A.,5.79,4.5,6.5,PASS,1.85,3.5,PASS,93.0,92,PASS,PASS
PHY-0489,BCH-2023-0489,Jackfruit Chips,Line C,2024-02-22 00:00:00,Feb-2024,Priya S.,4.65,4.5,6.5,PASS,2.75,3.5,PASS,97.8,92,PASS,PASS
PHY-0490,BCH-2023-0490,Okra Chips,Line D,2024-02-23 00:00:00,Feb-2024,Anand M.,6.4,4.5,6.5,PASS,2.93,3.5,PASS,95.1,92,PASS,PASS
PHY-0491,BCH-2023-0491,Roasted Corn,Line E,2024-02-24 00:00:00,Feb-2024,Meena R.,6.07,4.5,6.5,PASS,1.51,3.5,PASS,97.5,92,PASS,PASS
PHY-0492,BCH-2023-0492,Chickpea Snacks,Line F,2024-02-25 00:00:00,Feb-2024,Karthik V.,6.06,4.5,6.5,PASS,1.52,3.5,PASS,96.3,92,PASS,PASS
PHY-0493,BCH-2023-0493,Banana Chips,Line A,2024-02-26 00:00:00,Feb-2024,Divya N.,3.24,4.5,6.5,FAIL,3.81,3.5,FAIL,93.1,92,PASS,FAIL
PHY-0494,BCH-2023-0494,Sweet Potato Chips,Line B,2024-03-02 00:00:00,Mar-2024,Suresh B.,4.93,4.5,6.5,PASS,2.23,3.5,PASS,93.8,92,PASS,PASS
PHY-0495,BCH-2023-0495,Masala Peanuts,Line C,2024-03-03 00:00:00,Mar-2024,Leena D.,3.72,4.5,6.5,FAIL,2.72,3.5,PASS,95.7,92,PASS,FAIL
PHY-0496,BCH-2023-0496,Tapioca Crisps,Line D,2024-03-04 00:00:00,Mar-2024,Sagar A.,4.88,4.5,6.5,PASS,1.11,3.5,PASS,95.6,92,PASS,PASS
PHY-0497,BCH-2023-0497,Jackfruit Chips,Line E,2024-03-05 00:00:00,Mar-2024,Priya S.,5.53,4.5,6.5,PASS,2.95,3.5,PASS,93.1,92,PASS,PASS
PHY-0498,BCH-2023-0498,Okra Chips,Line F,2024-03-07 00:00:00,Mar-2024,Anand M.,5.46,4.5,6.5,PASS,2.56,3.5,PASS,92.7,92,PASS,PASS
PHY-0499,BCH-2023-0499,Roasted Corn,Line A,2024-03-08 00:00:00,Mar-2024,Meena R.,5.11,4.5,6.5,PASS,2.46,3.5,PASS,96.3,92,PASS,PASS
PHY-0500,BCH-2023-0500,Chickpea Snacks,Line B,2024-03-09 00:00:00,Mar-2024,Karthik V.,5.74,4.5,6.5,PASS,2.66,3.5,PASS,94.5,92,PASS,PASS
PHY-0501,BCH-2023-0501,Banana Chips,Line C,2024-03-12 00:00:00,Mar-2024,Divya N.,6.29,4.5,6.5,PASS,2.74,3.5,PASS,98.1,92,PASS,PASS
PHY-0502,BCH-2023-0502,Sweet Potato Chips,Line D,2024-03-13 00:00:00,Mar-2024,Suresh B.,5.64,4.5,6.5,PASS,3.1,3.5,PASS,94.3,92,PASS,PASS
PHY-0503,BCH-2023-0503,Masala Peanuts,Line E,2024-03-15 00:00:00,Mar-2024,Leena D.,5.49,4.5,6.5,PASS,2.03,3.5,PASS,95.7,92,PASS,PASS
PHY-0504,BCH-2023-0504,Tapioca Crisps,Line F,2024-03-16 00:00:00,Mar-2024,Sagar A.,5.43,4.5,6.5,PASS,1.08,3.5,PASS,95.9,92,PASS,PASS
PHY-0505,BCH-2023-0505,Jackfruit Chips,Line A,2024-03-18 00:00:00,Mar-2024,Priya S.,5.37,4.5,6.5,PASS,1.18,3.5,PASS,95.1,92,PASS,PASS
PHY-0506,BCH-2023-0506,Okra Chips,Line B,2024-03-19 00:00:00,Mar-2024,Anand M.,5.72,4.5,6.5,PASS,2.69,3.5,PASS,95.1,92,PASS,PASS
PHY-0507,BCH-2023-0507,Roasted Corn,Line C,2024-03-21 00:00:00,Mar-2024,Meena R.,5.33,4.5,6.5,PASS,2.97,3.5,PASS,94.5,92,PASS,PASS
PHY-0508,BCH-2023-0508,Chickpea Snacks,Line D,2024-03-24 00:00:00,Mar-2024,Karthik V.,3.31,4.5,6.5,FAIL,5.32,3.5,FAIL,96.9,92,PASS,FAIL
PHY-0509,BCH-2023-0509,Banana Chips,Line E,2024-03-29 00:00:00,Mar-2024,Divya N.,5.1,4.5,6.5,PASS,2.36,3.5,PASS,94.0,92,PASS,PASS
PHY-0510,BCH-2023-0510,Sweet Potato Chips,Line F,2024-04-03 00:00:00,Apr-2024,Suresh B.,5.76,4.5,6.5,PASS,1.92,3.5,PASS,94.5,92,PASS,PASS
PHY-0511,BCH-2023-0511,Masala Peanuts,Line A,2024-04-04 00:00:00,Apr-2024,Leena D.,6.0,4.5,6.5,PASS,3.19,3.5,PASS,92.6,92,PASS,PASS
PHY-0512,BCH-2023-0512,Tapioca Crisps,Line B,2024-04-05 00:00:00,Apr-2024,Sagar A.,6.3,4.5,6.5,PASS,1.02,3.5,PASS,95.8,92,PASS,PASS
PHY-0513,BCH-2023-0513,Jackfruit Chips,Line C,2024-04-08 00:00:00,Apr-2024,Priya S.,5.96,4.5,6.5,PASS,1.7,3.5,PASS,94.9,92,PASS,PASS
PHY-0514,BCH-2023-0514,Okra Chips,Line D,2024-04-11 00:00:00,Apr-2024,Anand M.,6.3,4.5,6.5,PASS,1.78,3.5,PASS,94.1,92,PASS,PASS
PHY-0515,BCH-2023-0515,Roasted Corn,Line E,2024-04-12 00:00:00,Apr-2024,Meena R.,5.81,4.5,6.5,PASS,1.21,3.5,PASS,97.4,92,PASS,PASS
PHY-0516,BCH-2023-0516,Chickpea Snacks,Line F,2024-04-13 00:00:00,Apr-2024,Karthik V.,5.86,4.5,6.5,PASS,3.07,3.5,PASS,97.9,92,PASS,PASS
PHY-0517,BCH-2023-0517,Banana Chips,Line A,2024-04-14 00:00:00,Apr-2024,Divya N.,5.1,4.5,6.5,PASS,2.07,3.5,PASS,93.3,92,PASS,PASS
PHY-0518,BCH-2023-0518,Sweet Potato Chips,Line B,2024-04-15 00:00:00,Apr-2024,Suresh B.,4.77,4.5,6.5,PASS,3.26,3.5,PASS,97.8,92,PASS,PASS
PHY-0519,BCH-2023-0519,Masala Peanuts,Line C,2024-04-16 00:00:00,Apr-2024,Leena D.,5.3,4.5,6.5,PASS,2.13,3.5,PASS,93.1,92,PASS,PASS
PHY-0520,BCH-2023-0520,Tapioca Crisps,Line D,2024-04-17 00:00:00,Apr-2024,Sagar A.,6.35,4.5,6.5,PASS,1.93,3.5,PASS,98.2,92,PASS,PASS
PHY-0521,BCH-2023-0521,Jackfruit Chips,Line E,2024-04-18 00:00:00,Apr-2024,Priya S.,6.06,4.5,6.5,PASS,1.74,3.5,PASS,95.9,92,PASS,PASS
PHY-0522,BCH-2023-0522,Okra Chips,Line F,2024-04-19 00:00:00,Apr-2024,Anand M.,5.57,4.5,6.5,PASS,2.71,3.5,PASS,95.5,92,PASS,PASS
PHY-0523,BCH-2023-0523,Roasted Corn,Line A,2024-04-22 00:00:00,Apr-2024,Meena R.,6.24,4.5,6.5,PASS,1.35,3.5,PASS,92.9,92,PASS,PASS
PHY-0524,BCH-2023-0524,Chickpea Snacks,Line B,2024-04-23 00:00:00,Apr-2024,Karthik V.,5.84,4.5,6.5,PASS,2.79,3.5,PASS,92.4,92,PASS,PASS
PHY-0525,BCH-2023-0525,Banana Chips,Line C,2024-04-24 00:00:00,Apr-2024,Divya N.,6.02,4.5,6.5,PASS,0.97,3.5,PASS,95.3,92,PASS,PASS
PHY-0526,BCH-2023-0526,Sweet Potato Chips,Line D,2024-04-25 00:00:00,Apr-2024,Suresh B.,6.24,4.5,6.5,PASS,2.37,3.5,PASS,96.7,92,PASS,PASS
PHY-0527,BCH-2023-0527,Masala Peanuts,Line E,2024-04-26 00:00:00,Apr-2024,Leena D.,5.72,4.5,6.5,PASS,1.43,3.5,PASS,95.1,92,PASS,PASS
PHY-0528,BCH-2023-0528,Tapioca Crisps,Line F,2024-04-27 00:00:00,Apr-2024,Sagar A.,6.36,4.5,6.5,PASS,2.72,3.5,PASS,95.9,92,PASS,PASS
PHY-0529,BCH-2023-0529,Jackfruit Chips,Line A,2024-04-28 00:00:00,Apr-2024,Priya S.,5.19,4.5,6.5,PASS,1.55,3.5,PASS,94.0,92,PASS,PASS
PHY-0530,BCH-2023-0530,Okra Chips,Line B,2024-04-29 00:00:00,Apr-2024,Anand M.,4.85,4.5,6.5,PASS,1.67,3.5,PASS,99.0,92,PASS,PASS
PHY-0531,BCH-2023-0531,Roasted Corn,Line C,2024-04-30 00:00:00,Apr-2024,Meena R.,5.23,4.5,6.5,PASS,2.62,3.5,PASS,96.3,92,PASS,PASS
PHY-0532,BCH-2023-0532,Chickpea Snacks,Line D,2024-05-02 00:00:00,May-2024,Karthik V.,5.22,4.5,6.5,PASS,2.32,3.5,PASS,97.9,92,PASS,PASS
PHY-0533,BCH-2023-0533,Banana Chips,Line E,2024-05-03 00:00:00,May-2024,Divya N.,4.59,4.5,6.5,PASS,1.44,3.5,PASS,92.9,92,PASS,PASS
PHY-0534,BCH-2023-0534,Sweet Potato Chips,Line F,2024-05-04 00:00:00,May-2024,Suresh B.,5.55,4.5,6.5,PASS,1.02,3.5,PASS,93.5,92,PASS,PASS
PHY-0535,BCH-2023-0535,Masala Peanuts,Line A,2024-05-05 00:00:00,May-2024,Leena D.,4.87,4.5,6.5,PASS,2.31,3.5,PASS,94.8,92,PASS,PASS
PHY-0536,BCH-2023-0536,Tapioca Crisps,Line B,2024-05-08 00:00:00,May-2024,Sagar A.,4.88,4.5,6.5,PASS,2.3,3.5,PASS,96.6,92,PASS,PASS
PHY-0537,BCH-2023-0537,Jackfruit Chips,Line C,2024-05-09 00:00:00,May-2024,Priya S.,4.94,4.5,6.5,PASS,2.55,3.5,PASS,94.0,92,PASS,PASS
PHY-0538,BCH-2023-0538,Okra Chips,Line D,2024-05-11 00:00:00,May-2024,Anand M.,5.33,4.5,6.5,PASS,2.92,3.5,PASS,93.5,92,PASS,PASS
PHY-0539,BCH-2023-0539,Roasted Corn,Line E,2024-05-13 00:00:00,May-2024,Meena R.,5.71,4.5,6.5,PASS,5.62,3.5,FAIL,98.7,92,PASS,FAIL
PHY-0540,BCH-2023-0540,Chickpea Snacks,Line F,2024-05-14 00:00:00,May-2024,Karthik V.,5.88,4.5,6.5,PASS,3.09,3.5,PASS,95.0,92,PASS,PASS
PHY-0541,BCH-2023-0541,Banana Chips,Line A,2024-05-15 00:00:00,May-2024,Divya N.,6.12,4.5,6.5,PASS,2.66,3.5,PASS,95.7,92,PASS,PASS
PHY-0542,BCH-2023-0542,Sweet Potato Chips,Line B,2024-05-16 00:00:00,May-2024,Suresh B.,4.83,4.5,6.5,PASS,1.8,3.5,PASS,95.1,92,PASS,PASS
PHY-0543,BCH-2023-0543,Masala Peanuts,Line C,2024-05-17 00:00:00,May-2024,Leena D.,5.82,4.5,6.5,PASS,2.11,3.5,PASS,96.4,92,PASS,PASS
PHY-0544,BCH-2023-0544,Tapioca Crisps,Line D,2024-05-18 00:00:00,May-2024,Sagar A.,5.77,4.5,6.5,PASS,1.4,3.5,PASS,92.3,92,PASS,PASS
PHY-0545,BCH-2023-0545,Jackfruit Chips,Line E,2024-05-21 00:00:00,May-2024,Priya S.,5.58,4.5,6.5,PASS,2.91,3.5,PASS,93.8,92,PASS,PASS
PHY-0546,BCH-2023-0546,Okra Chips,Line F,2024-05-22 00:00:00,May-2024,Anand M.,4.58,4.5,6.5,PASS,1.59,3.5,PASS,98.7,92,PASS,PASS
PHY-0547,BCH-2023-0547,Roasted Corn,Line A,2024-05-23 00:00:00,May-2024,Meena R.,6.1,4.5,6.5,PASS,1.67,3.5,PASS,97.8,92,PASS,PASS
PHY-0548,BCH-2023-0548,Chickpea Snacks,Line B,2024-05-24 00:00:00,May-2024,Karthik V.,5.54,4.5,6.5,PASS,1.74,3.5,PASS,97.3,92,PASS,PASS
PHY-0549,BCH-2023-0549,Banana Chips,Line C,2024-05-25 00:00:00,May-2024,Divya N.,5.95,4.5,6.5,PASS,1.55,3.5,PASS,93.4,92,PASS,PASS
PHY-0550,BCH-2023-0550,Sweet Potato Chips,Line D,2024-05-26 00:00:00,May-2024,Suresh B.,4.59,4.5,6.5,PASS,1.51,3.5,PASS,94.7,92,PASS,PASS
PHY-0551,BCH-2023-0551,Masala Peanuts,Line E,2024-05-27 00:00:00,May-2024,Leena D.,4.0,4.5,6.5,FAIL,3.77,3.5,FAIL,98.8,92,PASS,FAIL
PHY-0552,BCH-2023-0552,Tapioca Crisps,Line F,2024-05-29 00:00:00,May-2024,Sagar A.,5.05,4.5,6.5,PASS,1.96,3.5,PASS,98.1,92,PASS,PASS
PHY-0553,BCH-2023-0553,Jackfruit Chips,Line A,2024-05-30 00:00:00,May-2024,Priya S.,6.26,4.5,6.5,PASS,2.3,3.5,PASS,92.8,92,PASS,PASS
PHY-0554,BCH-2023-0554,Okra Chips,Line B,2024-06-01 00:00:00,May-2024,Anand M.,5.6,4.5,6.5,PASS,3.16,3.5,PASS,93.3,92,PASS,PASS
PHY-0555,BCH-2023-0555,Roasted Corn,Line C,2024-06-02 00:00:00,Jun-2024,Meena R.,3.93,4.5,6.5,FAIL,1.55,3.5,PASS,96.0,92,PASS,FAIL
PHY-0556,BCH-2023-0556,Chickpea Snacks,Line D,2024-06-03 00:00:00,Jun-2024,Karthik V.,5.93,4.5,6.5,PASS,6.82,3.5,FAIL,96.4,92,PASS,FAIL
PHY-0557,BCH-2023-0557,Banana Chips,Line E,2024-06-04 00:00:00,Jun-2024,Divya N.,6.11,4.5,6.5,PASS,3.58,3.5,FAIL,97.1,92,PASS,FAIL
PHY-0558,BCH-2023-0558,Sweet Potato Chips,Line F,2024-06-05 00:00:00,Jun-2024,Suresh B.,6.34,4.5,6.5,PASS,2.43,3.5,PASS,96.5,92,PASS,PASS
PHY-0559,BCH-2023-0559,Masala Peanuts,Line A,2024-06-08 00:00:00,Jun-2024,Leena D.,4.76,4.5,6.5,PASS,3.33,3.5,PASS,85.1,92,FAIL,FAIL
PHY-0560,BCH-2023-0560,Tapioca Crisps,Line B,2024-06-09 00:00:00,Jun-2024,Sagar A.,5.57,4.5,6.5,PASS,4.78,3.5,FAIL,92.3,92,PASS,FAIL
PHY-0561,BCH-2023-0561,Jackfruit Chips,Line C,2024-06-10 00:00:00,Jun-2024,Priya S.,5.24,4.5,6.5,PASS,2.48,3.5,PASS,87.9,92,FAIL,FAIL
PHY-0562,BCH-2023-0562,Okra Chips,Line D,2024-06-11 00:00:00,Jun-2024,Anand M.,3.49,4.5,6.5,FAIL,1.31,3.5,PASS,92.1,92,PASS,FAIL
PHY-0563,BCH-2023-0563,Roasted Corn,Line E,2024-06-12 00:00:00,Jun-2024,Meena R.,4.72,4.5,6.5,PASS,5.85,3.5,FAIL,93.7,92,PASS,FAIL
PHY-0564,BCH-2023-0564,Chickpea Snacks,Line F,2024-06-17 00:00:00,Jun-2024,Karthik V.,5.32,4.5,6.5,PASS,2.93,3.5,PASS,96.7,92,PASS,PASS
PHY-0565,BCH-2023-0565,Banana Chips,Line A,2024-06-18 00:00:00,Jun-2024,Divya N.,6.37,4.5,6.5,PASS,4.24,3.5,FAIL,93.8,92,PASS,FAIL
PHY-0566,BCH-2023-0566,Sweet Potato Chips,Line B,2024-06-19 00:00:00,Jun-2024,Suresh B.,6.3,4.5,6.5,PASS,1.44,3.5,PASS,97.1,92,PASS,PASS
PHY-0567,BCH-2023-0567,Masala Peanuts,Line C,2024-06-20 00:00:00,Jun-2024,Leena D.,4.63,4.5,6.5,PASS,2.05,3.5,PASS,97.0,92,PASS,PASS
PHY-0568,BCH-2023-0568,Tapioca Crisps,Line D,2024-06-22 00:00:00,Jun-2024,Sagar A.,3.46,4.5,6.5,FAIL,1.34,3.5,PASS,94.5,92,PASS,FAIL
PHY-0569,BCH-2023-0569,Jackfruit Chips,Line E,2024-06-29 00:00:00,Jun-2024,Priya S.,6.17,4.5,6.5,PASS,1.55,3.5,PASS,93.0,92,PASS,PASS
PHY-0570,BCH-2023-0570,Okra Chips,Line F,2024-07-04 00:00:00,Jul-2024,Anand M.,6.13,4.5,6.5,PASS,1.5,3.5,PASS,93.8,92,PASS,PASS
PHY-0571,BCH-2023-0571,Roasted Corn,Line A,2024-07-07 00:00:00,Jul-2024,Meena R.,5.63,4.5,6.5,PASS,3.08,3.5,PASS,93.2,92,PASS,PASS
PHY-0572,BCH-2023-0572,Chickpea Snacks,Line B,2024-07-08 00:00:00,Jul-2024,Karthik V.,5.08,4.5,6.5,PASS,2.88,3.5,PASS,92.7,92,PASS,PASS
PHY-0573,BCH-2023-0573,Banana Chips,Line C,2024-07-11 00:00:00,Jul-2024,Divya N.,4.82,4.5,6.5,PASS,2.13,3.5,PASS,94.7,92,PASS,PASS
PHY-0574,BCH-2023-0574,Sweet Potato Chips,Line D,2024-07-16 00:00:00,Jul-2024,Suresh B.,5.95,4.5,6.5,PASS,1.8,3.5,PASS,94.7,92,PASS,PASS
PHY-0575,BCH-2023-0575,Masala Peanuts,Line E,2024-07-17 00:00:00,Jul-2024,Leena D.,5.49,4.5,6.5,PASS,1.71,3.5,PASS,94.9,92,PASS,PASS
PHY-0576,BCH-2023-0576,Tapioca Crisps,Line F,2024-07-18 00:00:00,Jul-2024,Sagar A.,4.54,4.5,6.5,PASS,3.41,3.5,PASS,97.2,92,PASS,PASS
PHY-0577,BCH-2023-0577,Jackfruit Chips,Line A,2024-07-19 00:00:00,Jul-2024,Priya S.,5.26,4.5,6.5,PASS,3.03,3.5,PASS,95.4,92,PASS,PASS
PHY-0578,BCH-2023-0578,Okra Chips,Line B,2024-07-20 00:00:00,Jul-2024,Anand M.,4.63,4.5,6.5,PASS,2.76,3.5,PASS,96.3,92,PASS,PASS
PHY-0579,BCH-2023-0579,Roasted Corn,Line C,2024-07-23 00:00:00,Jul-2024,Meena R.,5.75,4.5,6.5,PASS,3.42,3.5,PASS,93.0,92,PASS,PASS
PHY-0580,BCH-2023-0580,Chickpea Snacks,Line D,2024-07-25 00:00:00,Jul-2024,Karthik V.,5.76,4.5,6.5,PASS,2.18,3.5,PASS,97.8,92,PASS,PASS
PHY-0581,BCH-2023-0581,Banana Chips,Line E,2024-07-26 00:00:00,Jul-2024,Divya N.,5.47,4.5,6.5,PASS,2.04,3.5,PASS,97.1,92,PASS,PASS
PHY-0582,BCH-2023-0582,Sweet Potato Chips,Line F,2024-07-28 00:00:00,Jul-2024,Suresh B.,5.55,4.5,6.5,PASS,3.06,3.5,PASS,98.7,92,PASS,PASS
PHY-0583,BCH-2023-0583,Masala Peanuts,Line A,2024-07-30 00:00:00,Jul-2024,Leena D.,5.46,4.5,6.5,PASS,1.04,3.5,PASS,92.4,92,PASS,PASS
PHY-0584,BCH-2023-0584,Tapioca Crisps,Line B,2024-08-01 00:00:00,Jul-2024,Sagar A.,5.7,4.5,6.5,PASS,2.59,3.5,PASS,94.3,92,PASS,PASS
PHY-0585,BCH-2023-0585,Jackfruit Chips,Line C,2024-08-02 00:00:00,Aug-2024,Priya S.,4.78,4.5,6.5,PASS,3.63,3.5,FAIL,94.0,92,PASS,FAIL
PHY-0586,BCH-2023-0586,Okra Chips,Line D,2024-08-03 00:00:00,Aug-2024,Anand M.,6.24,4.5,6.5,PASS,2.7,3.5,PASS,92.5,92,PASS,PASS
PHY-0587,BCH-2023-0587,Roasted Corn,Line E,2024-08-04 00:00:00,Aug-2024,Meena R.,4.31,4.5,6.5,FAIL,3.18,3.5,PASS,92.5,92,PASS,FAIL
PHY-0588,BCH-2023-0588,Chickpea Snacks,Line F,2024-08-05 00:00:00,Aug-2024,Karthik V.,6.36,4.5,6.5,PASS,3.12,3.5,PASS,92.7,92,PASS,PASS
PHY-0589,BCH-2023-0589,Banana Chips,Line A,2024-08-07 00:00:00,Aug-2024,Divya N.,4.39,4.5,6.5,FAIL,5.97,3.5,FAIL,94.6,92,PASS,FAIL
PHY-0590,BCH-2023-0590,Sweet Potato Chips,Line B,2024-08-10 00:00:00,Aug-2024,Suresh B.,5.83,4.5,6.5,PASS,1.12,3.5,PASS,95.5,92,PASS,PASS
PHY-0591,BCH-2023-0591,Masala Peanuts,Line C,2024-08-11 00:00:00,Aug-2024,Leena D.,5.88,4.5,6.5,PASS,5.6,3.5,FAIL,93.6,92,PASS,FAIL
PHY-0592,BCH-2023-0592,Tapioca Crisps,Line D,2024-08-12 00:00:00,Aug-2024,Sagar A.,5.2,4.5,6.5,PASS,6.01,3.5,FAIL,93.4,92,PASS,FAIL
PHY-0593,BCH-2023-0593,Jackfruit Chips,Line E,2024-08-14 00:00:00,Aug-2024,Priya S.,4.77,4.5,6.5,PASS,2.75,3.5,PASS,97.0,92,PASS,PASS
PHY-0594,BCH-2023-0594,Okra Chips,Line F,2024-08-17 00:00:00,Aug-2024,Anand M.,6.08,4.5,6.5,PASS,3.69,3.5,FAIL,95.2,92,PASS,FAIL
PHY-0595,BCH-2023-0595,Roasted Corn,Line A,2024-08-18 00:00:00,Aug-2024,Meena R.,4.76,4.5,6.5,PASS,3.47,3.5,PASS,97.4,92,PASS,PASS
PHY-0596,BCH-2023-0596,Chickpea Snacks,Line B,2024-08-23 00:00:00,Aug-2024,Karthik V.,4.79,4.5,6.5,PASS,2.34,3.5,PASS,96.2,92,PASS,PASS
PHY-0597,BCH-2023-0597,Banana Chips,Line C,2024-08-24 00:00:00,Aug-2024,Divya N.,4.24,4.5,6.5,FAIL,0.94,3.5,PASS,95.4,92,PASS,FAIL
PHY-0598,BCH-2023-0598,Sweet Potato Chips,Line D,2024-08-25 00:00:00,Aug-2024,Suresh B.,5.91,4.5,6.5,PASS,3.1,3.5,PASS,94.1,92,PASS,PASS
PHY-0599,BCH-2023-0599,Masala Peanuts,Line E,2024-08-28 00:00:00,Aug-2024,Leena D.,5.96,4.5,6.5,PASS,2.37,3.5,PASS,93.0,92,PASS,PASS
PHY-0600,BCH-2023-0600,Tapioca Crisps,Line F,2024-09-02 00:00:00,Sep-2024,Sagar A.,5.25,4.5,6.5,PASS,1.84,3.5,PASS,85.9,92,FAIL,FAIL
PHY-0601,BCH-2023-0601,Jackfruit Chips,Line A,2024-09-03 00:00:00,Sep-2024,Priya S.,3.02,4.5,6.5,FAIL,0.9,3.5,PASS,92.8,92,PASS,FAIL
PHY-0602,BCH-2023-0602,Okra Chips,Line B,2024-09-05 00:00:00,Sep-2024,Anand M.,6.19,4.5,6.5,PASS,1.77,3.5,PASS,92.5,92,PASS,PASS
PHY-0603,BCH-2023-0603,Roasted Corn,Line C,2024-09-10 00:00:00,Sep-2024,Meena R.,5.2,4.5,6.5,PASS,3.49,3.5,PASS,98.8,92,PASS,PASS
PHY-0604,BCH-2023-0604,Chickpea Snacks,Line D,2024-09-11 00:00:00,Sep-2024,Karthik V.,6.05,4.5,6.5,PASS,1.28,3.5,PASS,95.5,92,PASS,PASS
PHY-0605,BCH-2023-0605,Banana Chips,Line E,2024-09-12 00:00:00,Sep-2024,Divya N.,4.63,4.5,6.5,PASS,3.19,3.5,PASS,94.2,92,PASS,PASS
PHY-0606,BCH-2023-0606,Sweet Potato Chips,Line F,2024-09-13 00:00:00,Sep-2024,Suresh B.,4.81,4.5,6.5,PASS,2.07,3.5,PASS,96.8,92,PASS,PASS
PHY-0607,BCH-2023-0607,Masala Peanuts,Line A,2024-09-14 00:00:00,Sep-2024,Leena D.,6.39,4.5,6.5,PASS,2.77,3.5,PASS,97.7,92,PASS,PASS
PHY-0608,BCH-2023-0608,Tapioca Crisps,Line B,2024-09-15 00:00:00,Sep-2024,Sagar A.,5.66,4.5,6.5,PASS,1.77,3.5,PASS,94.0,92,PASS,PASS
PHY-0609,BCH-2023-0609,Jackfruit Chips,Line C,2024-09-16 00:00:00,Sep-2024,Priya S.,6.3,4.5,6.5,PASS,1.09,3.5,PASS,97.1,92,PASS,PASS
PHY-0610,BCH-2023-0610,Okra Chips,Line D,2024-09-17 00:00:00,Sep-2024,Anand M.,5.77,4.5,6.5,PASS,3.35,3.5,PASS,95.3,92,PASS,PASS
PHY-0611,BCH-2023-0611,Roasted Corn,Line E,2024-09-18 00:00:00,Sep-2024,Meena R.,5.01,4.5,6.5,PASS,1.57,3.5,PASS,92.8,92,PASS,PASS
PHY-0612,BCH-2023-0612,Chickpea Snacks,Line F,2024-09-20 00:00:00,Sep-2024,Karthik V.,5.78,4.5,6.5,PASS,1.59,3.5,PASS,95.1,92,PASS,PASS
PHY-0613,BCH-2023-0613,Banana Chips,Line A,2024-09-21 00:00:00,Sep-2024,Divya N.,4.57,4.5,6.5,PASS,1.66,3.5,PASS,95.1,92,PASS,PASS
PHY-0614,BCH-2023-0614,Sweet Potato Chips,Line B,2024-09-26 00:00:00,Sep-2024,Suresh B.,5.8,4.5,6.5,PASS,3.56,3.5,FAIL,97.4,92,PASS,FAIL
PHY-0615,BCH-2023-0615,Masala Peanuts,Line C,2024-10-03 00:00:00,Oct-2024,Leena D.,5.37,4.5,6.5,PASS,1.01,3.5,PASS,92.9,92,PASS,PASS
PHY-0616,BCH-2023-0616,Tapioca Crisps,Line D,2024-10-04 00:00:00,Oct-2024,Sagar A.,4.53,4.5,6.5,PASS,1.05,3.5,PASS,99.0,92,PASS,PASS
PHY-0617,BCH-2023-0617,Jackfruit Chips,Line E,2024-10-05 00:00:00,Oct-2024,Priya S.,5.85,4.5,6.5,PASS,2.38,3.5,PASS,97.4,92,PASS,PASS
PHY-0618,BCH-2023-0618,Okra Chips,Line F,2024-10-06 00:00:00,Oct-2024,Anand M.,4.63,4.5,6.5,PASS,1.14,3.5,PASS,95.3,92,PASS,PASS
PHY-0619,BCH-2023-0619,Roasted Corn,Line A,2024-10-07 00:00:00,Oct-2024,Meena R.,5.98,4.5,6.5,PASS,6.8,3.5,FAIL,94.8,92,PASS,FAIL
PHY-0620,BCH-2023-0620,Chickpea Snacks,Line B,2024-10-08 00:00:00,Oct-2024,Karthik V.,6.27,4.5,6.5,PASS,2.0,3.5,PASS,97.3,92,PASS,PASS
PHY-0621,BCH-2023-0621,Banana Chips,Line C,2024-10-09 00:00:00,Oct-2024,Divya N.,5.89,4.5,6.5,PASS,1.44,3.5,PASS,95.5,92,PASS,PASS
PHY-0622,BCH-2023-0622,Sweet Potato Chips,Line D,2024-10-11 00:00:00,Oct-2024,Suresh B.,4.51,4.5,6.5,PASS,0.93,3.5,PASS,96.2,92,PASS,PASS
PHY-0623,BCH-2023-0623,Masala Peanuts,Line E,2024-10-12 00:00:00,Oct-2024,Leena D.,4.98,4.5,6.5,PASS,2.83,3.5,PASS,96.1,92,PASS,PASS
PHY-0624,BCH-2023-0624,Tapioca Crisps,Line F,2024-10-15 00:00:00,Oct-2024,Sagar A.,6.23,4.5,6.5,PASS,1.97,3.5,PASS,95.6,92,PASS,PASS
PHY-0625,BCH-2023-0625,Jackfruit Chips,Line A,2024-10-16 00:00:00,Oct-2024,Priya S.,6.39,4.5,6.5,PASS,3.13,3.5,PASS,98.4,92,PASS,PASS
PHY-0626,BCH-2023-0626,Okra Chips,Line B,2024-10-17 00:00:00,Oct-2024,Anand M.,6.27,4.5,6.5,PASS,1.81,3.5,PASS,92.5,92,PASS,PASS
PHY-0627,BCH-2023-0627,Roasted Corn,Line C,2024-10-20 00:00:00,Oct-2024,Meena R.,5.66,4.5,6.5,PASS,2.67,3.5,PASS,92.6,92,PASS,PASS
PHY-0628,BCH-2023-0628,Chickpea Snacks,Line D,2024-10-21 00:00:00,Oct-2024,Karthik V.,5.3,4.5,6.5,PASS,1.71,3.5,PASS,97.6,92,PASS,PASS
PHY-0629,BCH-2023-0629,Banana Chips,Line E,2024-10-22 00:00:00,Oct-2024,Divya N.,4.94,4.5,6.5,PASS,1.11,3.5,PASS,92.9,92,PASS,PASS
PHY-0630,BCH-2023-0630,Sweet Potato Chips,Line F,2024-10-23 00:00:00,Oct-2024,Suresh B.,5.55,4.5,6.5,PASS,4.77,3.5,FAIL,95.2,92,PASS,FAIL
PHY-0631,BCH-2023-0631,Masala Peanuts,Line A,2024-10-24 00:00:00,Oct-2024,Leena D.,5.73,4.5,6.5,PASS,2.11,3.5,PASS,98.8,92,PASS,PASS
PHY-0632,BCH-2023-0632,Tapioca Crisps,Line B,2024-10-25 00:00:00,Oct-2024,Sagar A.,5.05,4.5,6.5,PASS,1.07,3.5,PASS,87.2,92,FAIL,FAIL
PHY-0633,BCH-2023-0633,Jackfruit Chips,Line C,2024-10-27 00:00:00,Oct-2024,Priya S.,5.17,4.5,6.5,PASS,1.75,3.5,PASS,93.7,92,PASS,PASS
PHY-0634,BCH-2023-0634,Okra Chips,Line D,2024-10-29 00:00:00,Oct-2024,Anand M.,4.51,4.5,6.5,PASS,2.73,3.5,PASS,97.9,92,PASS,PASS
PHY-0635,BCH-2023-0635,Roasted Corn,Line E,2024-10-30 00:00:00,Oct-2024,Meena R.,5.3,4.5,6.5,PASS,2.74,3.5,PASS,98.5,92,PASS,PASS
PHY-0636,BCH-2023-0636,Chickpea Snacks,Line F,2024-10-31 00:00:00,Oct-2024,Karthik V.,3.37,4.5,6.5,FAIL,1.11,3.5,PASS,94.6,92,PASS,FAIL
PHY-0637,BCH-2023-0637,Banana Chips,Line A,2024-11-01 00:00:00,Oct-2024,Divya N.,5.31,4.5,6.5,PASS,1.45,3.5,PASS,93.9,92,PASS,PASS
PHY-0638,BCH-2023-0638,Sweet Potato Chips,Line B,2024-11-03 00:00:00,Nov-2024,Suresh B.,5.97,4.5,6.5,PASS,1.15,3.5,PASS,92.2,92,PASS,PASS
PHY-0639,BCH-2023-0639,Masala Peanuts,Line C,2024-11-05 00:00:00,Nov-2024,Leena D.,5.58,4.5,6.5,PASS,3.17,3.5,PASS,96.4,92,PASS,PASS
PHY-0640,BCH-2023-0640,Tapioca Crisps,Line D,2024-11-06 00:00:00,Nov-2024,Sagar A.,5.18,4.5,6.5,PASS,2.08,3.5,PASS,95.5,92,PASS,PASS
PHY-0641,BCH-2023-0641,Jackfruit Chips,Line E,2024-11-07 00:00:00,Nov-2024,Priya S.,5.87,4.5,6.5,PASS,1.31,3.5,PASS,93.6,92,PASS,PASS
PHY-0642,BCH-2023-0642,Okra Chips,Line F,2024-11-09 00:00:00,Nov-2024,Anand M.,6.2,4.5,6.5,PASS,2.55,3.5,PASS,98.7,92,PASS,PASS
PHY-0643,BCH-2023-0643,Roasted Corn,Line A,2024-11-10 00:00:00,Nov-2024,Meena R.,5.08,4.5,6.5,PASS,1.8,3.5,PASS,93.2,92,PASS,PASS
PHY-0644,BCH-2023-0644,Chickpea Snacks,Line B,2024-11-11 00:00:00,Nov-2024,Karthik V.,5.01,4.5,6.5,PASS,1.81,3.5,PASS,97.8,92,PASS,PASS
PHY-0645,BCH-2023-0645,Banana Chips,Line C,2024-11-12 00:00:00,Nov-2024,Divya N.,5.69,4.5,6.5,PASS,2.57,3.5,PASS,92.9,92,PASS,PASS
PHY-0646,BCH-2023-0646,Sweet Potato Chips,Line D,2024-11-17 00:00:00,Nov-2024,Suresh B.,4.51,4.5,6.5,PASS,2.53,3.5,PASS,98.8,92,PASS,PASS
PHY-0647,BCH-2023-0647,Masala Peanuts,Line E,2024-11-18 00:00:00,Nov-2024,Leena D.,5.3,4.5,6.5,PASS,2.42,3.5,PASS,93.7,92,PASS,PASS
PHY-0648,BCH-2023-0648,Tapioca Crisps,Line F,2024-11-20 00:00:00,Nov-2024,Sagar A.,5.19,4.5,6.5,PASS,1.9,3.5,PASS,94.1,92,PASS,PASS
PHY-0649,BCH-2023-0649,Jackfruit Chips,Line A,2024-11-21 00:00:00,Nov-2024,Priya S.,3.88,4.5,6.5,FAIL,4.76,3.5,FAIL,97.2,92,PASS,FAIL
PHY-0650,BCH-2023-0650,Okra Chips,Line B,2024-11-22 00:00:00,Nov-2024,Anand M.,5.17,4.5,6.5,PASS,1.03,3.5,PASS,97.2,92,PASS,PASS
PHY-0651,BCH-2023-0651,Roasted Corn,Line C,2024-11-24 00:00:00,Nov-2024,Meena R.,5.01,4.5,6.5,PASS,1.76,3.5,PASS,96.6,92,PASS,PASS
PHY-0652,BCH-2023-0652,Chickpea Snacks,Line D,2024-11-27 00:00:00,Nov-2024,Karthik V.,6.02,4.5,6.5,PASS,3.09,3.5,PASS,99.0,92,PASS,PASS
PHY-0653,BCH-2023-0653,Banana Chips,Line E,2024-11-28 00:00:00,Nov-2024,Divya N.,6.1,4.5,6.5,PASS,0.91,3.5,PASS,98.6,92,PASS,PASS
PHY-0654,BCH-2023-0654,Sweet Potato Chips,Line F,2024-11-29 00:00:00,Nov-2024,Suresh B.,6.25,4.5,6.5,PASS,3.16,3.5,PASS,95.2,92,PASS,PASS
PHY-0655,BCH-2023-0655,Masala Peanuts,Line A,2024-12-02 00:00:00,Dec-2024,Leena D.,4.86,4.5,6.5,PASS,1.85,3.5,PASS,83.2,92,FAIL,FAIL
PHY-0656,BCH-2023-0656,Tapioca Crisps,Line B,2024-12-05 00:00:00,Dec-2024,Sagar A.,6.07,4.5,6.5,PASS,5.91,3.5,FAIL,93.6,92,PASS,FAIL
PHY-0657,BCH-2023-0657,Jackfruit Chips,Line C,2024-12-12 00:00:00,Dec-2024,Priya S.,4.61,4.5,6.5,PASS,2.71,3.5,PASS,97.9,92,PASS,PASS
PHY-0658,BCH-2023-0658,Okra Chips,Line D,2024-12-17 00:00:00,Dec-2024,Anand M.,5.68,4.5,6.5,PASS,7.47,3.5,FAIL,98.7,92,PASS,FAIL
PHY-0659,BCH-2023-0659,Roasted Corn,Line E,2024-12-22 00:00:00,Dec-2024,Meena R.,5.57,4.5,6.5,PASS,2.87,3.5,PASS,98.6,92,PASS,PASS
PHY-0660,BCH-2023-0660,Chickpea Snacks,Line F,2024-12-24 00:00:00,Dec-2024,Karthik V.,4.25,4.5,6.5,FAIL,2.79,3.5,PASS,97.2,92,PASS,FAIL
PHY-0661,BCH-2023-0661,Banana Chips,Line A,2024-12-25 00:00:00,Dec-2024,Divya N.,5.79,4.5,6.5,PASS,2.19,3.5,PASS,96.7,92,PASS,PASS
PHY-0662,BCH-2023-0662,Sweet Potato Chips,Line B,2024-12-26 00:00:00,Dec-2024,Suresh B.,5.35,4.5,6.5,PASS,2.51,3.5,PASS,97.6,92,PASS,PASS
PHY-0663,BCH-2023-0663,Masala Peanuts,Line C,2024-12-28 00:00:00,Dec-2024,Leena D.,6.28,4.5,6.5,PASS,9.15,3.5,FAIL,92.4,92,PASS,FAIL
PHY-0664,BCH-2023-0664,Tapioca Crisps,Line D,2024-12-29 00:00:00,Dec-2024,Sagar A.,6.31,4.5,6.5,PASS,2.12,3.5,PASS,98.0,92,PASS,PASS
PHY-0665,BCH-2023-0665,Jackfruit Chips,Line E,2024-12-30 00:00:00,Dec-2024,Priya S.,4.67,4.5,6.5,PASS,3.08,3.5,PASS,92.6,92,PASS,PASS
PHY-0666,BCH-2023-0666,Okra Chips,Line F,2024-12-31 00:00:00,Dec-2024,Anand M.,5.18,4.5,6.5,PASS,1.4,3.5,PASS,94.5,92,PASS,PASS
PHY-0667,BCH-2023-0667,Roasted Corn,Line A,2025-01-07 00:00:00,Jan-2025,Meena R.,6.25,4.5,6.5,PASS,2.31,3.5,PASS,93.7,92,PASS,PASS
PHY-0668,BCH-2023-0668,Chickpea Snacks,Line B,2025-01-08 00:00:00,Jan-2025,Karthik V.,5.06,4.5,6.5,PASS,2.9,3.5,PASS,93.4,92,PASS,PASS
PHY-0669,BCH-2023-0669,Banana Chips,Line C,2025-01-10 00:00:00,Jan-2025,Divya N.,5.09,4.5,6.5,PASS,2.15,3.5,PASS,89.2,92,FAIL,FAIL
PHY-0670,BCH-2023-0670,Sweet Potato Chips,Line D,2025-01-11 00:00:00,Jan-2025,Suresh B.,4.76,4.5,6.5,PASS,1.63,3.5,PASS,97.8,92,PASS,PASS
PHY-0671,BCH-2023-0671,Masala Peanuts,Line E,2025-01-12 00:00:00,Jan-2025,Leena D.,4.61,4.5,6.5,PASS,3.69,3.5,FAIL,93.6,92,PASS,FAIL
PHY-0672,BCH-2023-0672,Tapioca Crisps,Line F,2025-01-13 00:00:00,Jan-2025,Sagar A.,4.87,4.5,6.5,PASS,3.07,3.5,PASS,92.6,92,PASS,PASS
PHY-0673,BCH-2023-0673,Jackfruit Chips,Line A,2025-01-14 00:00:00,Jan-2025,Priya S.,5.7,4.5,6.5,PASS,5.83,3.5,FAIL,95.2,92,PASS,FAIL
PHY-0674,BCH-2023-0674,Okra Chips,Line B,2025-01-19 00:00:00,Jan-2025,Anand M.,5.46,4.5,6.5,PASS,2.51,3.5,PASS,97.3,92,PASS,PASS
PHY-0675,BCH-2023-0675,Roasted Corn,Line C,2025-01-20 00:00:00,Jan-2025,Meena R.,6.27,4.5,6.5,PASS,1.3,3.5,PASS,87.1,92,FAIL,FAIL
PHY-0676,BCH-2023-0676,Chickpea Snacks,Line D,2025-01-21 00:00:00,Jan-2025,Karthik V.,5.63,4.5,6.5,PASS,1.81,3.5,PASS,93.7,92,PASS,PASS
PHY-0677,BCH-2023-0677,Banana Chips,Line E,2025-01-23 00:00:00,Jan-2025,Divya N.,5.29,4.5,6.5,PASS,0.94,3.5,PASS,93.5,92,PASS,PASS
PHY-0678,BCH-2023-0678,Sweet Potato Chips,Line F,2025-01-24 00:00:00,Jan-2025,Suresh B.,3.25,4.5,6.5,FAIL,2.77,3.5,PASS,95.4,92,PASS,FAIL
PHY-0679,BCH-2023-0679,Masala Peanuts,Line A,2025-01-25 00:00:00,Jan-2025,Leena D.,5.12,4.5,6.5,PASS,2.34,3.5,PASS,97.2,92,PASS,PASS
PHY-0680,BCH-2023-0680,Tapioca Crisps,Line B,2025-01-27 00:00:00,Jan-2025,Sagar A.,5.01,4.5,6.5,PASS,1.28,3.5,PASS,92.5,92,PASS,PASS
PHY-0681,BCH-2023-0681,Jackfruit Chips,Line C,2025-01-28 00:00:00,Jan-2025,Priya S.,5.98,4.5,6.5,PASS,0.96,3.5,PASS,96.9,92,PASS,PASS
PHY-0682,BCH-2023-0682,Okra Chips,Line D,2025-01-29 00:00:00,Jan-2025,Anand M.,5.98,4.5,6.5,PASS,2.43,3.5,PASS,98.2,92,PASS,PASS
PHY-0683,BCH-2023-0683,Roasted Corn,Line E,2025-01-31 00:00:00,Jan-2025,Meena R.,5.08,4.5,6.5,PASS,3.54,3.5,FAIL,94.8,92,PASS,FAIL
PHY-0684,BCH-2023-0684,Chickpea Snacks,Line F,2025-02-02 00:00:00,Feb-2025,Karthik V.,5.9,4.5,6.5,PASS,3.22,3.5,PASS,94.6,92,PASS,PASS
PHY-0685,BCH-2023-0685,Banana Chips,Line A,2025-02-03 00:00:00,Feb-2025,Divya N.,4.75,4.5,6.5,PASS,1.01,3.5,PASS,98.6,92,PASS,PASS
PHY-0686,BCH-2023-0686,Sweet Potato Chips,Line B,2025-02-04 00:00:00,Feb-2025,Suresh B.,5.52,4.5,6.5,PASS,2.2,3.5,PASS,94.5,92,PASS,PASS
PHY-0687,BCH-2023-0687,Masala Peanuts,Line C,2025-02-05 00:00:00,Feb-2025,Leena D.,5.92,4.5,6.5,PASS,1.67,3.5,PASS,93.9,92,PASS,PASS
PHY-0688,BCH-2023-0688,Tapioca Crisps,Line D,2025-02-06 00:00:00,Feb-2025,Sagar A.,4.84,4.5,6.5,PASS,2.3,3.5,PASS,95.4,92,PASS,PASS
PHY-0689,BCH-2023-0689,Jackfruit Chips,Line E,2025-02-07 00:00:00,Feb-2025,Priya S.,6.13,4.5,6.5,PASS,2.35,3.5,PASS,93.2,92,PASS,PASS
PHY-0690,BCH-2023-0690,Okra Chips,Line F,2025-02-08 00:00:00,Feb-2025,Anand M.,5.99,4.5,6.5,PASS,3.24,3.5,PASS,98.7,92,PASS,PASS
PHY-0691,BCH-2023-0691,Roasted Corn,Line A,2025-02-11 00:00:00,Feb-2025,Meena R.,5.37,4.5,6.5,PASS,1.9,3.5,PASS,95.9,92,PASS,PASS
PHY-0692,BCH-2023-0692,Chickpea Snacks,Line B,2025-02-12 00:00:00,Feb-2025,Karthik V.,4.74,4.5,6.5,PASS,2.88,3.5,PASS,94.7,92,PASS,PASS
PHY-0693,BCH-2023-0693,Banana Chips,Line C,2025-02-13 00:00:00,Feb-2025,Divya N.,4.52,4.5,6.5,PASS,2.0,3.5,PASS,92.9,92,PASS,PASS
PHY-0694,BCH-2023-0694,Sweet Potato Chips,Line D,2025-02-14 00:00:00,Feb-2025,Suresh B.,5.34,4.5,6.5,PASS,0.94,3.5,PASS,92.6,92,PASS,PASS
PHY-0695,BCH-2023-0695,Masala Peanuts,Line E,2025-02-15 00:00:00,Feb-2025,Leena D.,4.85,4.5,6.5,PASS,1.53,3.5,PASS,93.4,92,PASS,PASS
PHY-0696,BCH-2023-0696,Tapioca Crisps,Line F,2025-02-16 00:00:00,Feb-2025,Sagar A.,5.05,4.5,6.5,PASS,1.36,3.5,PASS,93.6,92,PASS,PASS
PHY-0697,BCH-2023-0697,Jackfruit Chips,Line A,2025-02-17 00:00:00,Feb-2025,Priya S.,4.95,4.5,6.5,PASS,3.77,3.5,FAIL,94.6,92,PASS,FAIL
PHY-0698,BCH-2023-0698,Okra Chips,Line B,2025-02-18 00:00:00,Feb-2025,Anand M.,5.46,4.5,6.5,PASS,2.94,3.5,PASS,93.5,92,PASS,PASS
PHY-0699,BCH-2023-0699,Roasted Corn,Line C,2025-02-19 00:00:00,Feb-2025,Meena R.,5.6,4.5,6.5,PASS,1.01,3.5,PASS,98.0,92,PASS,PASS
PHY-0700,BCH-2023-0700,Chickpea Snacks,Line D,2025-02-20 00:00:00,Feb-2025,Karthik V.,5.87,4.5,6.5,PASS,2.75,3.5,PASS,94.4,92,PASS,PASS
PHY-0701,BCH-2023-0701,Banana Chips,Line E,2025-02-21 00:00:00,Feb-2025,Divya N.,5.95,4.5,6.5,PASS,1.87,3.5,PASS,98.1,92,PASS,PASS
PHY-0702,BCH-2023-0702,Sweet Potato Chips,Line F,2025-02-22 00:00:00,Feb-2025,Suresh B.,5.68,4.5,6.5,PASS,1.79,3.5,PASS,92.4,92,PASS,PASS
PHY-0703,BCH-2023-0703,Masala Peanuts,Line A,2025-02-24 00:00:00,Feb-2025,Leena D.,5.04,4.5,6.5,PASS,2.68,3.5,PASS,94.8,92,PASS,PASS
PHY-0704,BCH-2023-0704,Tapioca Crisps,Line B,2025-03-01 00:00:00,Feb-2025,Sagar A.,4.69,4.5,6.5,PASS,3.21,3.5,PASS,92.5,92,PASS,PASS
PHY-0705,BCH-2023-0705,Jackfruit Chips,Line C,2025-03-02 00:00:00,Mar-2025,Priya S.,4.96,4.5,6.5,PASS,2.11,3.5,PASS,96.2,92,PASS,PASS
PHY-0706,BCH-2023-0706,Okra Chips,Line D,2025-03-03 00:00:00,Mar-2025,Anand M.,4.89,4.5,6.5,PASS,3.29,3.5,PASS,94.8,92,PASS,PASS
PHY-0707,BCH-2023-0707,Roasted Corn,Line E,2025-03-04 00:00:00,Mar-2025,Meena R.,6.18,4.5,6.5,PASS,2.92,3.5,PASS,98.1,92,PASS,PASS
PHY-0708,BCH-2023-0708,Chickpea Snacks,Line F,2025-03-05 00:00:00,Mar-2025,Karthik V.,5.37,4.5,6.5,PASS,3.21,3.5,PASS,97.9,92,PASS,PASS
PHY-0709,BCH-2023-0709,Banana Chips,Line A,2025-03-08 00:00:00,Mar-2025,Divya N.,5.7,4.5,6.5,PASS,1.21,3.5,PASS,97.8,92,PASS,PASS
PHY-0710,BCH-2023-0710,Sweet Potato Chips,Line B,2025-03-09 00:00:00,Mar-2025,Suresh B.,4.57,4.5,6.5,PASS,2.93,3.5,PASS,93.0,92,PASS,PASS
PHY-0711,BCH-2023-0711,Masala Peanuts,Line C,2025-03-10 00:00:00,Mar-2025,Leena D.,5.01,4.5,6.5,PASS,0.96,3.5,PASS,94.7,92,PASS,PASS
PHY-0712,BCH-2023-0712,Tapioca Crisps,Line D,2025-03-17 00:00:00,Mar-2025,Sagar A.,5.33,4.5,6.5,PASS,6.32,3.5,FAIL,95.0,92,PASS,FAIL
PHY-0713,BCH-2023-0713,Jackfruit Chips,Line E,2025-03-19 00:00:00,Mar-2025,Priya S.,4.82,4.5,6.5,PASS,2.27,3.5,PASS,97.5,92,PASS,PASS
PHY-0714,BCH-2023-0714,Okra Chips,Line F,2025-03-24 00:00:00,Mar-2025,Anand M.,6.25,4.5,6.5,PASS,4.13,3.5,FAIL,96.8,92,PASS,FAIL
PHY-0715,BCH-2023-0715,Roasted Corn,Line A,2025-03-25 00:00:00,Mar-2025,Meena R.,5.95,4.5,6.5,PASS,3.02,3.5,PASS,95.4,92,PASS,PASS
PHY-0716,BCH-2023-0716,Chickpea Snacks,Line B,2025-03-26 00:00:00,Mar-2025,Karthik V.,4.67,4.5,6.5,PASS,2.7,3.5,PASS,95.9,92,PASS,PASS
PHY-0717,BCH-2023-0717,Banana Chips,Line C,2025-03-27 00:00:00,Mar-2025,Divya N.,6.36,4.5,6.5,PASS,1.96,3.5,PASS,92.5,92,PASS,PASS
PHY-0718,BCH-2023-0718,Sweet Potato Chips,Line D,2025-03-28 00:00:00,Mar-2025,Suresh B.,5.33,4.5,6.5,PASS,1.38,3.5,PASS,97.6,92,PASS,PASS
PHY-0719,BCH-2023-0719,Masala Peanuts,Line E,2025-03-29 00:00:00,Mar-2025,Leena D.,4.82,4.5,6.5,PASS,2.44,3.5,PASS,97.0,92,PASS,PASS
PHY-0720,BCH-2023-0720,Tapioca Crisps,Line F,2025-03-30 00:00:00,Mar-2025,Sagar A.,5.56,4.5,6.5,PASS,1.08,3.5,PASS,93.6,92,PASS,PASS
PHY-0721,BCH-2023-0721,Jackfruit Chips,Line A,2025-03-31 00:00:00,Mar-2025,Priya S.,4.75,4.5,6.5,PASS,2.71,3.5,PASS,96.5,92,PASS,PASS
PHY-0722,BCH-2023-0722,Okra Chips,Line B,2025-04-01 00:00:00,Mar-2025,Anand M.,5.5,4.5,6.5,PASS,2.55,3.5,PASS,98.1,92,PASS,PASS
PHY-0723,BCH-2023-0723,Roasted Corn,Line C,2025-04-06 00:00:00,Apr-2025,Meena R.,5.05,4.5,6.5,PASS,2.95,3.5,PASS,93.5,92,PASS,PASS
PHY-0724,BCH-2023-0724,Chickpea Snacks,Line D,2025-04-07 00:00:00,Apr-2025,Karthik V.,5.52,4.5,6.5,PASS,2.17,3.5,PASS,97.4,92,PASS,PASS
PHY-0725,BCH-2023-0725,Banana Chips,Line E,2025-04-08 00:00:00,Apr-2025,Divya N.,6.2,4.5,6.5,PASS,1.49,3.5,PASS,94.6,92,PASS,PASS
PHY-0726,BCH-2023-0726,Sweet Potato Chips,Line F,2025-04-09 00:00:00,Apr-2025,Suresh B.,6.38,4.5,6.5,PASS,2.4,3.5,PASS,97.1,92,PASS,PASS
PHY-0727,BCH-2023-0727,Masala Peanuts,Line A,2025-04-10 00:00:00,Apr-2025,Leena D.,4.98,4.5,6.5,PASS,3.06,3.5,PASS,98.1,92,PASS,PASS
PHY-0728,BCH-2023-0728,Tapioca Crisps,Line B,2025-04-13 00:00:00,Apr-2025,Sagar A.,5.2,4.5,6.5,PASS,1.4,3.5,PASS,94.4,92,PASS,PASS
PHY-0729,BCH-2023-0729,Jackfruit Chips,Line C,2025-04-14 00:00:00,Apr-2025,Priya S.,5.35,4.5,6.5,PASS,1.61,3.5,PASS,98.8,92,PASS,PASS
PHY-0730,BCH-2023-0730,Okra Chips,Line D,2025-04-15 00:00:00,Apr-2025,Anand M.,4.96,4.5,6.5,PASS,1.75,3.5,PASS,92.9,92,PASS,PASS
PHY-0731,BCH-2023-0731,Roasted Corn,Line E,2025-04-16 00:00:00,Apr-2025,Meena R.,5.47,4.5,6.5,PASS,2.53,3.5,PASS,97.5,92,PASS,PASS
PHY-0732,BCH-2023-0732,Chickpea Snacks,Line F,2025-04-17 00:00:00,Apr-2025,Karthik V.,5.57,4.5,6.5,PASS,1.88,3.5,PASS,99.0,92,PASS,PASS
PHY-0733,BCH-2023-0733,Banana Chips,Line A,2025-04-18 00:00:00,Apr-2025,Divya N.,5.4,4.5,6.5,PASS,2.33,3.5,PASS,94.7,92,PASS,PASS
PHY-0734,BCH-2023-0734,Sweet Potato Chips,Line B,2025-04-20 00:00:00,Apr-2025,Suresh B.,5.21,4.5,6.5,PASS,1.25,3.5,PASS,97.7,92,PASS,PASS
PHY-0735,BCH-2023-0735,Masala Peanuts,Line C,2025-04-21 00:00:00,Apr-2025,Leena D.,5.23,4.5,6.5,PASS,2.04,3.5,PASS,96.9,92,PASS,PASS
PHY-0736,BCH-2023-0736,Tapioca Crisps,Line D,2025-04-22 00:00:00,Apr-2025,Sagar A.,4.69,4.5,6.5,PASS,4.88,3.5,FAIL,92.2,92,PASS,FAIL
PHY-0737,BCH-2023-0737,Jackfruit Chips,Line E,2025-04-24 00:00:00,Apr-2025,Priya S.,5.3,4.5,6.5,PASS,5.08,3.5,FAIL,95.4,92,PASS,FAIL
PHY-0738,BCH-2023-0738,Okra Chips,Line F,2025-04-27 00:00:00,Apr-2025,Anand M.,6.01,4.5,6.5,PASS,1.56,3.5,PASS,92.2,92,PASS,PASS
PHY-0739,BCH-2023-0739,Roasted Corn,Line A,2025-04-28 00:00:00,Apr-2025,Meena R.,4.63,4.5,6.5,PASS,1.62,3.5,PASS,92.2,92,PASS,PASS
PHY-0740,BCH-2023-0740,Chickpea Snacks,Line B,2025-04-30 00:00:00,Apr-2025,Karthik V.,6.33,4.5,6.5,PASS,1.71,3.5,PASS,96.3,92,PASS,PASS
PHY-0741,BCH-2023-0741,Banana Chips,Line C,2025-05-01 00:00:00,Apr-2025,Divya N.,5.78,4.5,6.5,PASS,1.37,3.5,PASS,96.5,92,PASS,PASS
PHY-0742,BCH-2023-0742,Sweet Potato Chips,Line D,2025-05-02 00:00:00,May-2025,Suresh B.,6.14,4.5,6.5,PASS,2.08,3.5,PASS,92.3,92,PASS,PASS
PHY-0743,BCH-2023-0743,Masala Peanuts,Line E,2025-05-03 00:00:00,May-2025,Leena D.,4.53,4.5,6.5,PASS,2.75,3.5,PASS,95.4,92,PASS,PASS
PHY-0744,BCH-2023-0744,Tapioca Crisps,Line F,2025-05-04 00:00:00,May-2025,Sagar A.,4.64,4.5,6.5,PASS,3.29,3.5,PASS,96.6,92,PASS,PASS
PHY-0745,BCH-2023-0745,Jackfruit Chips,Line A,2025-05-06 00:00:00,May-2025,Priya S.,5.04,4.5,6.5,PASS,1.58,3.5,PASS,97.4,92,PASS,PASS
PHY-0746,BCH-2023-0746,Okra Chips,Line B,2025-05-08 00:00:00,May-2025,Anand M.,4.57,4.5,6.5,PASS,1.18,3.5,PASS,94.5,92,PASS,PASS
PHY-0747,BCH-2023-0747,Roasted Corn,Line C,2025-05-13 00:00:00,May-2025,Meena R.,5.02,4.5,6.5,PASS,2.44,3.5,PASS,92.9,92,PASS,PASS
PHY-0748,BCH-2023-0748,Chickpea Snacks,Line D,2025-05-15 00:00:00,May-2025,Karthik V.,6.06,4.5,6.5,PASS,1.72,3.5,PASS,98.4,92,PASS,PASS
PHY-0749,BCH-2023-0749,Banana Chips,Line E,2025-05-16 00:00:00,May-2025,Divya N.,5.13,4.5,6.5,PASS,1.77,3.5,PASS,96.9,92,PASS,PASS
PHY-0750,BCH-2023-0750,Sweet Potato Chips,Line F,2025-05-17 00:00:00,May-2025,Suresh B.,4.73,4.5,6.5,PASS,3.11,3.5,PASS,95.0,92,PASS,PASS
PHY-0751,BCH-2023-0751,Masala Peanuts,Line A,2025-05-18 00:00:00,May-2025,Leena D.,4.95,4.5,6.5,PASS,1.24,3.5,PASS,93.0,92,PASS,PASS
PHY-0752,BCH-2023-0752,Tapioca Crisps,Line B,2025-05-23 00:00:00,May-2025,Sagar A.,5.13,4.5,6.5,PASS,1.74,3.5,PASS,98.1,92,PASS,PASS
PHY-0753,BCH-2023-0753,Jackfruit Chips,Line C,2025-05-24 00:00:00,May-2025,Priya S.,5.95,4.5,6.5,PASS,1.36,3.5,PASS,97.5,92,PASS,PASS
PHY-0754,BCH-2023-0754,Okra Chips,Line D,2025-05-25 00:00:00,May-2025,Anand M.,6.39,4.5,6.5,PASS,3.26,3.5,PASS,96.4,92,PASS,PASS
PHY-0755,BCH-2023-0755,Roasted Corn,Line E,2025-05-26 00:00:00,May-2025,Meena R.,5.34,4.5,6.5,PASS,1.31,3.5,PASS,96.1,92,PASS,PASS
PHY-0756,BCH-2023-0756,Chickpea Snacks,Line F,2025-05-27 00:00:00,May-2025,Karthik V.,5.99,4.5,6.5,PASS,1.21,3.5,PASS,94.9,92,PASS,PASS
PHY-0757,BCH-2023-0757,Banana Chips,Line A,2025-05-30 00:00:00,May-2025,Divya N.,5.14,4.5,6.5,PASS,2.61,3.5,PASS,94.4,92,PASS,PASS
PHY-0758,BCH-2023-0758,Sweet Potato Chips,Line B,2025-05-31 00:00:00,May-2025,Suresh B.,6.04,4.5,6.5,PASS,2.84,3.5,PASS,92.5,92,PASS,PASS
PHY-0759,BCH-2023-0759,Masala Peanuts,Line C,2025-06-01 00:00:00,May-2025,Leena D.,5.18,4.5,6.5,PASS,1.08,3.5,PASS,93.1,92,PASS,PASS
PHY-0760,BCH-2023-0760,Tapioca Crisps,Line D,2025-06-02 00:00:00,Jun-2025,Sagar A.,3.13,4.5,6.5,FAIL,2.64,3.5,PASS,95.7,92,PASS,FAIL
PHY-0761,BCH-2023-0761,Jackfruit Chips,Line E,2025-06-03 00:00:00,Jun-2025,Priya S.,5.98,4.5,6.5,PASS,1.86,3.5,PASS,86.7,92,FAIL,FAIL
PHY-0762,BCH-2023-0762,Okra Chips,Line F,2025-06-04 00:00:00,Jun-2025,Anand M.,5.26,4.5,6.5,PASS,3.18,3.5,PASS,96.1,92,PASS,PASS
PHY-0763,BCH-2023-0763,Roasted Corn,Line A,2025-06-05 00:00:00,Jun-2025,Meena R.,5.06,4.5,6.5,PASS,2.44,3.5,PASS,93.3,92,PASS,PASS
PHY-0764,BCH-2023-0764,Chickpea Snacks,Line B,2025-06-08 00:00:00,Jun-2025,Karthik V.,5.75,4.5,6.5,PASS,3.15,3.5,PASS,95.0,92,PASS,PASS
PHY-0765,BCH-2023-0765,Banana Chips,Line C,2025-06-10 00:00:00,Jun-2025,Divya N.,6.07,4.5,6.5,PASS,2.73,3.5,PASS,93.6,92,PASS,PASS
PHY-0766,BCH-2023-0766,Sweet Potato Chips,Line D,2025-06-12 00:00:00,Jun-2025,Suresh B.,4.87,4.5,6.5,PASS,1.62,3.5,PASS,97.4,92,PASS,PASS
PHY-0767,BCH-2023-0767,Masala Peanuts,Line E,2025-06-14 00:00:00,Jun-2025,Leena D.,5.39,4.5,6.5,PASS,1.97,3.5,PASS,94.6,92,PASS,PASS
PHY-0768,BCH-2023-0768,Tapioca Crisps,Line F,2025-06-15 00:00:00,Jun-2025,Sagar A.,6.02,4.5,6.5,PASS,1.81,3.5,PASS,97.1,92,PASS,PASS
PHY-0769,BCH-2023-0769,Jackfruit Chips,Line A,2025-06-17 00:00:00,Jun-2025,Priya S.,4.95,4.5,6.5,PASS,2.71,3.5,PASS,93.4,92,PASS,PASS
PHY-0770,BCH-2023-0770,Okra Chips,Line B,2025-06-18 00:00:00,Jun-2025,Anand M.,5.86,4.5,6.5,PASS,1.05,3.5,PASS,96.7,92,PASS,PASS
PHY-0771,BCH-2023-0771,Roasted Corn,Line C,2025-06-19 00:00:00,Jun-2025,Meena R.,5.41,4.5,6.5,PASS,1.27,3.5,PASS,95.1,92,PASS,PASS
PHY-0772,BCH-2023-0772,Chickpea Snacks,Line D,2025-06-20 00:00:00,Jun-2025,Karthik V.,3.0,4.5,6.5,FAIL,6.52,3.5,FAIL,97.6,92,PASS,FAIL
PHY-0773,BCH-2023-0773,Banana Chips,Line E,2025-06-23 00:00:00,Jun-2025,Divya N.,5.95,4.5,6.5,PASS,2.07,3.5,PASS,96.7,92,PASS,PASS
PHY-0774,BCH-2023-0774,Sweet Potato Chips,Line F,2025-06-26 00:00:00,Jun-2025,Suresh B.,6.08,4.5,6.5,PASS,1.48,3.5,PASS,93.8,92,PASS,PASS
PHY-0775,BCH-2023-0775,Masala Peanuts,Line A,2025-06-27 00:00:00,Jun-2025,Leena D.,4.75,4.5,6.5,PASS,1.55,3.5,PASS,92.4,92,PASS,PASS
PHY-0776,BCH-2023-0776,Tapioca Crisps,Line B,2025-07-04 00:00:00,Jul-2025,Sagar A.,5.9,4.5,6.5,PASS,1.82,3.5,PASS,95.7,92,PASS,PASS
PHY-0777,BCH-2023-0777,Jackfruit Chips,Line C,2025-07-05 00:00:00,Jul-2025,Priya S.,6.01,4.5,6.5,PASS,3.12,3.5,PASS,97.3,92,PASS,PASS
PHY-0778,BCH-2023-0778,Okra Chips,Line D,2025-07-07 00:00:00,Jul-2025,Anand M.,4.78,4.5,6.5,PASS,2.61,3.5,PASS,86.2,92,FAIL,FAIL
PHY-0779,BCH-2023-0779,Roasted Corn,Line E,2025-07-10 00:00:00,Jul-2025,Meena R.,5.7,4.5,6.5,PASS,1.83,3.5,PASS,97.4,92,PASS,PASS
PHY-0780,BCH-2023-0780,Chickpea Snacks,Line F,2025-07-11 00:00:00,Jul-2025,Karthik V.,6.03,4.5,6.5,PASS,2.77,3.5,PASS,96.3,92,PASS,PASS
PHY-0781,BCH-2023-0781,Banana Chips,Line A,2025-07-12 00:00:00,Jul-2025,Divya N.,4.51,4.5,6.5,PASS,2.65,3.5,PASS,97.3,92,PASS,PASS
PHY-0782,BCH-2023-0782,Sweet Potato Chips,Line B,2025-07-14 00:00:00,Jul-2025,Suresh B.,5.57,4.5,6.5,PASS,3.3,3.5,PASS,95.5,92,PASS,PASS
PHY-0783,BCH-2023-0783,Masala Peanuts,Line C,2025-07-16 00:00:00,Jul-2025,Leena D.,6.07,4.5,6.5,PASS,2.1,3.5,PASS,92.3,92,PASS,PASS
PHY-0784,BCH-2023-0784,Tapioca Crisps,Line D,2025-07-17 00:00:00,Jul-2025,Sagar A.,5.79,4.5,6.5,PASS,1.44,3.5,PASS,96.7,92,PASS,PASS
PHY-0785,BCH-2023-0785,Jackfruit Chips,Line E,2025-07-19 00:00:00,Jul-2025,Priya S.,6.14,4.5,6.5,PASS,3.37,3.5,PASS,95.5,92,PASS,PASS
PHY-0786,BCH-2023-0786,Okra Chips,Line F,2025-07-20 00:00:00,Jul-2025,Anand M.,6.26,4.5,6.5,PASS,1.56,3.5,PASS,94.9,92,PASS,PASS
PHY-0787,BCH-2023-0787,Roasted Corn,Line A,2025-07-23 00:00:00,Jul-2025,Meena R.,4.89,4.5,6.5,PASS,2.05,3.5,PASS,93.2,92,PASS,PASS
PHY-0788,BCH-2023-0788,Chickpea Snacks,Line B,2025-07-24 00:00:00,Jul-2025,Karthik V.,4.56,4.5,6.5,PASS,2.83,3.5,PASS,93.3,92,PASS,PASS
PHY-0789,BCH-2023-0789,Banana Chips,Line C,2025-07-25 00:00:00,Jul-2025,Divya N.,5.33,4.5,6.5,PASS,1.33,3.5,PASS,95.7,92,PASS,PASS
PHY-0790,BCH-2023-0790,Sweet Potato Chips,Line D,2025-07-26 00:00:00,Jul-2025,Suresh B.,3.2,4.5,6.5,FAIL,0.82,3.5,PASS,95.2,92,PASS,FAIL
PHY-0791,BCH-2023-0791,Masala Peanuts,Line E,2025-07-28 00:00:00,Jul-2025,Leena D.,3.68,4.5,6.5,FAIL,1.34,3.5,PASS,95.4,92,PASS,FAIL
PHY-0792,BCH-2023-0792,Tapioca Crisps,Line F,2025-07-29 00:00:00,Jul-2025,Sagar A.,5.26,4.5,6.5,PASS,1.03,3.5,PASS,97.4,92,PASS,PASS
PHY-0793,BCH-2023-0793,Jackfruit Chips,Line A,2025-08-01 00:00:00,Jul-2025,Priya S.,5.33,4.5,6.5,PASS,3.49,3.5,PASS,93.0,92,PASS,PASS
PHY-0794,BCH-2023-0794,Okra Chips,Line B,2025-08-02 00:00:00,Aug-2025,Anand M.,5.56,4.5,6.5,PASS,1.85,3.5,PASS,93.2,92,PASS,PASS
PHY-0795,BCH-2023-0795,Roasted Corn,Line C,2025-08-03 00:00:00,Aug-2025,Meena R.,5.07,4.5,6.5,PASS,3.28,3.5,PASS,97.3,92,PASS,PASS
PHY-0796,BCH-2023-0796,Chickpea Snacks,Line D,2025-08-04 00:00:00,Aug-2025,Karthik V.,6.36,4.5,6.5,PASS,1.61,3.5,PASS,95.8,92,PASS,PASS
PHY-0797,BCH-2023-0797,Banana Chips,Line E,2025-08-05 00:00:00,Aug-2025,Divya N.,5.53,4.5,6.5,PASS,1.85,3.5,PASS,96.0,92,PASS,PASS
PHY-0798,BCH-2023-0798,Sweet Potato Chips,Line F,2025-08-06 00:00:00,Aug-2025,Suresh B.,6.33,4.5,6.5,PASS,3.52,3.5,FAIL,96.4,92,PASS,FAIL
PHY-0799,BCH-2023-0799,Masala Peanuts,Line A,2025-08-11 00:00:00,Aug-2025,Leena D.,5.82,4.5,6.5,PASS,1.49,3.5,PASS,95.8,92,PASS,PASS
PHY-0800,BCH-2023-0800,Tapioca Crisps,Line B,2025-08-12 00:00:00,Aug-2025,Sagar A.,4.64,4.5,6.5,PASS,2.93,3.5,PASS,98.1,92,PASS,PASS
PHY-0801,BCH-2023-0801,Jackfruit Chips,Line C,2025-08-15 00:00:00,Aug-2025,Priya S.,5.4,4.5,6.5,PASS,1.81,3.5,PASS,95.2,92,PASS,PASS
PHY-0802,BCH-2023-0802,Okra Chips,Line D,2025-08-17 00:00:00,Aug-2025,Anand M.,4.81,4.5,6.5,PASS,3.34,3.5,PASS,98.2,92,PASS,PASS
PHY-0803,BCH-2023-0803,Roasted Corn,Line E,2025-08-19 00:00:00,Aug-2025,Meena R.,6.37,4.5,6.5,PASS,2.31,3.5,PASS,92.9,92,PASS,PASS
PHY-0804,BCH-2023-0804,Chickpea Snacks,Line F,2025-08-20 00:00:00,Aug-2025,Karthik V.,5.83,4.5,6.5,PASS,2.29,3.5,PASS,96.2,92,PASS,PASS
PHY-0805,BCH-2023-0805,Banana Chips,Line A,2025-08-22 00:00:00,Aug-2025,Divya N.,4.52,4.5,6.5,PASS,2.66,3.5,PASS,97.1,92,PASS,PASS
PHY-0806,BCH-2023-0806,Sweet Potato Chips,Line B,2025-08-23 00:00:00,Aug-2025,Suresh B.,5.31,4.5,6.5,PASS,2.45,3.5,PASS,93.6,92,PASS,PASS
PHY-0807,BCH-2023-0807,Masala Peanuts,Line C,2025-08-30 00:00:00,Aug-2025,Leena D.,5.01,4.5,6.5,PASS,2.37,3.5,PASS,94.9,92,PASS,PASS
PHY-0808,BCH-2023-0808,Tapioca Crisps,Line D,2025-08-31 00:00:00,Aug-2025,Sagar A.,5.07,4.5,6.5,PASS,2.06,3.5,PASS,95.1,92,PASS,PASS
PHY-0809,BCH-2023-0809,Jackfruit Chips,Line E,2025-09-01 00:00:00,Aug-2025,Priya S.,4.09,4.5,6.5,FAIL,5.66,3.5,FAIL,93.5,92,PASS,FAIL
PHY-0810,BCH-2023-0810,Okra Chips,Line F,2025-09-02 00:00:00,Sep-2025,Anand M.,5.2,4.5,6.5,PASS,1.24,3.5,PASS,93.5,92,PASS,PASS
PHY-0811,BCH-2023-0811,Roasted Corn,Line A,2025-09-03 00:00:00,Sep-2025,Meena R.,4.84,4.5,6.5,PASS,3.97,3.5,FAIL,97.4,92,PASS,FAIL
PHY-0812,BCH-2023-0812,Chickpea Snacks,Line B,2025-09-04 00:00:00,Sep-2025,Karthik V.,4.85,4.5,6.5,PASS,1.27,3.5,PASS,98.4,92,PASS,PASS
PHY-0813,BCH-2023-0813,Banana Chips,Line C,2025-09-06 00:00:00,Sep-2025,Divya N.,4.73,4.5,6.5,PASS,1.82,3.5,PASS,92.5,92,PASS,PASS
PHY-0814,BCH-2023-0814,Sweet Potato Chips,Line D,2025-09-08 00:00:00,Sep-2025,Suresh B.,5.51,4.5,6.5,PASS,1.2,3.5,PASS,97.2,92,PASS,PASS
PHY-0815,BCH-2023-0815,Masala Peanuts,Line E,2025-09-09 00:00:00,Sep-2025,Leena D.,5.06,4.5,6.5,PASS,3.35,3.5,PASS,93.5,92,PASS,PASS
PHY-0816,BCH-2023-0816,Tapioca Crisps,Line F,2025-09-11 00:00:00,Sep-2025,Sagar A.,4.81,4.5,6.5,PASS,2.68,3.5,PASS,93.2,92,PASS,PASS
PHY-0817,BCH-2023-0817,Jackfruit Chips,Line A,2025-09-13 00:00:00,Sep-2025,Priya S.,4.34,4.5,6.5,FAIL,1.5,3.5,PASS,94.3,92,PASS,FAIL
PHY-0818,BCH-2023-0818,Okra Chips,Line B,2025-09-15 00:00:00,Sep-2025,Anand M.,4.04,4.5,6.5,FAIL,6.59,3.5,FAIL,98.2,92,PASS,FAIL
PHY-0819,BCH-2023-0819,Roasted Corn,Line C,2025-09-16 00:00:00,Sep-2025,Meena R.,5.03,4.5,6.5,PASS,1.45,3.5,PASS,93.8,92,PASS,PASS
PHY-0820,BCH-2023-0820,Chickpea Snacks,Line D,2025-09-17 00:00:00,Sep-2025,Karthik V.,5.5,4.5,6.5,PASS,4.69,3.5,FAIL,93.1,92,PASS,FAIL
PHY-0821,BCH-2023-0821,Banana Chips,Line E,2025-09-18 00:00:00,Sep-2025,Divya N.,5.37,4.5,6.5,PASS,1.44,3.5,PASS,93.9,92,PASS,PASS
PHY-0822,BCH-2023-0822,Sweet Potato Chips,Line F,2025-09-20 00:00:00,Sep-2025,Suresh B.,5.02,4.5,6.5,PASS,3.36,3.5,PASS,95.6,92,PASS,PASS
PHY-0823,BCH-2023-0823,Masala Peanuts,Line A,2025-09-21 00:00:00,Sep-2025,Leena D.,4.75,4.5,6.5,PASS,2.89,3.5,PASS,99.1,92,PASS,PASS
PHY-0824,BCH-2023-0824,Tapioca Crisps,Line B,2025-09-22 00:00:00,Sep-2025,Sagar A.,5.78,4.5,6.5,PASS,2.02,3.5,PASS,95.8,92,PASS,PASS
PHY-0825,BCH-2023-0825,Jackfruit Chips,Line C,2025-09-23 00:00:00,Sep-2025,Priya S.,6.02,4.5,6.5,PASS,2.22,3.5,PASS,97.1,92,PASS,PASS
PHY-0826,BCH-2023-0826,Okra Chips,Line D,2025-09-24 00:00:00,Sep-2025,Anand M.,5.02,4.5,6.5,PASS,1.97,3.5,PASS,94.2,92,PASS,PASS
PHY-0827,BCH-2023-0827,Roasted Corn,Line E,2025-09-25 00:00:00,Sep-2025,Meena R.,3.23,4.5,6.5,FAIL,2.78,3.5,PASS,98.1,92,PASS,FAIL
PHY-0828,BCH-2023-0828,Chickpea Snacks,Line F,2025-09-26 00:00:00,Sep-2025,Karthik V.,4.6,4.5,6.5,PASS,1.2,3.5,PASS,92.8,92,PASS,PASS
PHY-0829,BCH-2023-0829,Banana Chips,Line A,2025-09-27 00:00:00,Sep-2025,Divya N.,5.38,4.5,6.5,PASS,2.96,3.5,PASS,98.9,92,PASS,PASS
PHY-0830,BCH-2023-0830,Sweet Potato Chips,Line B,2025-09-29 00:00:00,Sep-2025,Suresh B.,4.51,4.5,6.5,PASS,2.98,3.5,PASS,97.2,92,PASS,PASS
PHY-0831,BCH-2023-0831,Masala Peanuts,Line C,2025-10-01 00:00:00,Sep-2025,Leena D.,4.51,4.5,6.5,PASS,3.02,3.5,PASS,99.1,92,PASS,PASS
PHY-0832,BCH-2023-0832,Tapioca Crisps,Line D,2025-10-02 00:00:00,Oct-2025,Sagar A.,5.2,4.5,6.5,PASS,1.75,3.5,PASS,98.6,92,PASS,PASS
PHY-0833,BCH-2023-0833,Jackfruit Chips,Line E,2025-10-04 00:00:00,Oct-2025,Priya S.,4.74,4.5,6.5,PASS,2.04,3.5,PASS,94.3,92,PASS,PASS
PHY-0834,BCH-2023-0834,Okra Chips,Line F,2025-10-11 00:00:00,Oct-2025,Anand M.,6.17,4.5,6.5,PASS,1.57,3.5,PASS,95.3,92,PASS,PASS
PHY-0835,BCH-2023-0835,Roasted Corn,Line A,2025-10-13 00:00:00,Oct-2025,Meena R.,4.68,4.5,6.5,PASS,3.03,3.5,PASS,93.1,92,PASS,PASS
PHY-0836,BCH-2023-0836,Chickpea Snacks,Line B,2025-10-14 00:00:00,Oct-2025,Karthik V.,5.85,4.5,6.5,PASS,2.26,3.5,PASS,98.9,92,PASS,PASS
PHY-0837,BCH-2023-0837,Banana Chips,Line C,2025-10-16 00:00:00,Oct-2025,Divya N.,5.67,4.5,6.5,PASS,1.52,3.5,PASS,89.1,92,FAIL,FAIL
PHY-0838,BCH-2023-0838,Sweet Potato Chips,Line D,2025-10-18 00:00:00,Oct-2025,Suresh B.,5.53,4.5,6.5,PASS,1.46,3.5,PASS,92.6,92,PASS,PASS
PHY-0839,BCH-2023-0839,Masala Peanuts,Line E,2025-10-19 00:00:00,Oct-2025,Leena D.,3.29,4.5,6.5,FAIL,2.32,3.5,PASS,97.2,92,PASS,FAIL
PHY-0840,BCH-2023-0840,Tapioca Crisps,Line F,2025-10-26 00:00:00,Oct-2025,Sagar A.,5.3,4.5,6.5,PASS,1.15,3.5,PASS,98.7,92,PASS,PASS
PHY-0841,BCH-2024-0841,Jackfruit Chips,Line A,2025-10-27 00:00:00,Oct-2025,Priya S.,4.68,4.5,6.5,PASS,2.13,3.5,PASS,92.6,92,PASS,PASS
PHY-0842,BCH-2024-0842,Okra Chips,Line B,2025-10-28 00:00:00,Oct-2025,Anand M.,5.28,4.5,6.5,PASS,2.36,3.5,PASS,94.8,92,PASS,PASS
PHY-0843,BCH-2024-0843,Roasted Corn,Line C,2025-10-29 00:00:00,Oct-2025,Meena R.,6.29,4.5,6.5,PASS,3.2,3.5,PASS,96.5,92,PASS,PASS
PHY-0844,BCH-2024-0844,Chickpea Snacks,Line D,2025-10-31 00:00:00,Oct-2025,Karthik V.,5.14,4.5,6.5,PASS,1.06,3.5,PASS,97.0,92,PASS,PASS
PHY-0845,BCH-2024-0845,Banana Chips,Line E,2025-11-01 00:00:00,Oct-2025,Divya N.,4.84,4.5,6.5,PASS,2.38,3.5,PASS,95.5,92,PASS,PASS
PHY-0846,BCH-2024-0846,Sweet Potato Chips,Line F,2025-11-02 00:00:00,Nov-2025,Suresh B.,5.09,4.5,6.5,PASS,1.61,3.5,PASS,93.0,92,PASS,PASS
PHY-0847,BCH-2024-0847,Masala Peanuts,Line A,2025-11-03 00:00:00,Nov-2025,Leena D.,5.65,4.5,6.5,PASS,4.22,3.5,FAIL,93.0,92,PASS,FAIL
PHY-0848,BCH-2024-0848,Tapioca Crisps,Line B,2025-11-04 00:00:00,Nov-2025,Sagar A.,4.98,4.5,6.5,PASS,2.8,3.5,PASS,96.3,92,PASS,PASS
PHY-0849,BCH-2024-0849,Jackfruit Chips,Line C,2025-11-05 00:00:00,Nov-2025,Priya S.,4.85,4.5,6.5,PASS,1.24,3.5,PASS,98.4,92,PASS,PASS
PHY-0850,BCH-2024-0850,Okra Chips,Line D,2025-11-08 00:00:00,Nov-2025,Anand M.,4.89,4.5,6.5,PASS,2.65,3.5,PASS,93.2,92,PASS,PASS
PHY-0851,BCH-2024-0851,Roasted Corn,Line E,2025-11-09 00:00:00,Nov-2025,Meena R.,6.04,4.5,6.5,PASS,0.91,3.5,PASS,93.0,92,PASS,PASS
PHY-0852,BCH-2024-0852,Chickpea Snacks,Line F,2025-11-12 00:00:00,Nov-2025,Karthik V.,6.05,4.5,6.5,PASS,2.67,3.5,PASS,94.8,92,PASS,PASS
PHY-0853,BCH-2024-0853,Banana Chips,Line A,2025-11-14 00:00:00,Nov-2025,Divya N.,5.01,4.5,6.5,PASS,1.32,3.5,PASS,92.5,92,PASS,PASS
PHY-0854,BCH-2024-0854,Sweet Potato Chips,Line B,2025-11-15 00:00:00,Nov-2025,Suresh B.,5.35,4.5,6.5,PASS,3.1,3.5,PASS,95.6,92,PASS,PASS
PHY-0855,BCH-2024-0855,Masala Peanuts,Line C,2025-11-16 00:00:00,Nov-2025,Leena D.,4.68,4.5,6.5,PASS,1.03,3.5,PASS,95.1,92,PASS,PASS
PHY-0856,BCH-2024-0856,Tapioca Crisps,Line D,2025-11-18 00:00:00,Nov-2025,Sagar A.,3.84,4.5,6.5,FAIL,5.42,3.5,FAIL,96.3,92,PASS,FAIL
PHY-0857,BCH-2024-0857,Jackfruit Chips,Line E,2025-11-20 00:00:00,Nov-2025,Priya S.,4.94,4.5,6.5,PASS,2.95,3.5,PASS,93.3,92,PASS,PASS
PHY-0858,BCH-2024-0858,Okra Chips,Line F,2025-11-21 00:00:00,Nov-2025,Anand M.,5.27,4.5,6.5,PASS,1.01,3.5,PASS,94.6,92,PASS,PASS
PHY-0859,BCH-2024-0859,Roasted Corn,Line A,2025-11-22 00:00:00,Nov-2025,Meena R.,5.26,4.5,6.5,PASS,1.11,3.5,PASS,98.0,92,PASS,PASS
PHY-0860,BCH-2024-0860,Chickpea Snacks,Line B,2025-11-24 00:00:00,Nov-2025,Karthik V.,5.39,4.5,6.5,PASS,1.27,3.5,PASS,95.9,92,PASS,PASS
PHY-0861,BCH-2024-0861,Banana Chips,Line C,2025-11-25 00:00:00,Nov-2025,Divya N.,3.97,4.5,6.5,FAIL,1.42,3.5,PASS,95.6,92,PASS,FAIL
PHY-0862,BCH-2024-0862,Sweet Potato Chips,Line D,2025-11-26 00:00:00,Nov-2025,Suresh B.,4.89,4.5,6.5,PASS,1.08,3.5,PASS,97.3,92,PASS,PASS
PHY-0863,BCH-2024-0863,Masala Peanuts,Line E,2025-11-27 00:00:00,Nov-2025,Leena D.,5.73,4.5,6.5,PASS,1.88,3.5,PASS,97.7,92,PASS,PASS
PHY-0864,BCH-2024-0864,Tapioca Crisps,Line F,2025-11-28 00:00:00,Nov-2025,Sagar A.,3.91,4.5,6.5,FAIL,1.57,3.5,PASS,95.5,92,PASS,FAIL
PHY-0865,BCH-2024-0865,Jackfruit Chips,Line A,2025-11-30 00:00:00,Nov-2025,Priya S.,5.18,4.5,6.5,PASS,1.87,3.5,PASS,99.1,92,PASS,PASS
PHY-0866,BCH-2024-0866,Okra Chips,Line B,2025-12-01 00:00:00,Nov-2025,Anand M.,5.16,4.5,6.5,PASS,2.73,3.5,PASS,94.2,92,PASS,PASS
PHY-0867,BCH-2024-0867,Roasted Corn,Line C,2025-12-02 00:00:00,Dec-2025,Meena R.,5.56,4.5,6.5,PASS,1.67,3.5,PASS,96.0,92,PASS,PASS
PHY-0868,BCH-2024-0868,Chickpea Snacks,Line D,2025-12-07 00:00:00,Dec-2025,Karthik V.,5.3,4.5,6.5,PASS,2.7,3.5,PASS,93.2,92,PASS,PASS
PHY-0869,BCH-2024-0869,Banana Chips,Line E,2025-12-08 00:00:00,Dec-2025,Divya N.,4.73,4.5,6.5,PASS,2.23,3.5,PASS,97.4,92,PASS,PASS
PHY-0870,BCH-2024-0870,Sweet Potato Chips,Line F,2025-12-09 00:00:00,Dec-2025,Suresh B.,5.11,4.5,6.5,PASS,1.2,3.5,PASS,92.9,92,PASS,PASS
PHY-0871,BCH-2024-0871,Masala Peanuts,Line A,2025-12-11 00:00:00,Dec-2025,Leena D.,4.7,4.5,6.5,PASS,1.6,3.5,PASS,95.6,92,PASS,PASS
PHY-0872,BCH-2024-0872,Tapioca Crisps,Line B,2025-12-12 00:00:00,Dec-2025,Sagar A.,4.93,4.5,6.5,PASS,1.55,3.5,PASS,92.6,92,PASS,PASS
PHY-0873,BCH-2024-0873,Jackfruit Chips,Line C,2025-12-13 00:00:00,Dec-2025,Priya S.,6.16,4.5,6.5,PASS,2.52,3.5,PASS,96.8,92,PASS,PASS
PHY-0874,BCH-2024-0874,Okra Chips,Line D,2025-12-14 00:00:00,Dec-2025,Anand M.,4.03,4.5,6.5,FAIL,5.03,3.5,FAIL,95.3,92,PASS,FAIL
PHY-0875,BCH-2024-0875,Roasted Corn,Line E,2025-12-16 00:00:00,Dec-2025,Meena R.,6.1,4.5,6.5,PASS,1.01,3.5,PASS,93.3,92,PASS,PASS
PHY-0876,BCH-2024-0876,Chickpea Snacks,Line F,2025-12-17 00:00:00,Dec-2025,Karthik V.,6.24,4.5,6.5,PASS,2.91,3.5,PASS,97.1,92,PASS,PASS
PHY-0877,BCH-2024-0877,Banana Chips,Line A,2025-12-18 00:00:00,Dec-2025,Divya N.,4.97,4.5,6.5,PASS,2.16,3.5,PASS,98.5,92,PASS,PASS
PHY-0878,BCH-2024-0878,Sweet Potato Chips,Line B,2025-12-19 00:00:00,Dec-2025,Suresh B.,5.26,4.5,6.5,PASS,2.88,3.5,PASS,98.5,92,PASS,PASS
PHY-0879,BCH-2024-0879,Masala Peanuts,Line C,2025-12-20 00:00:00,Dec-2025,Leena D.,5.09,4.5,6.5,PASS,3.25,3.5,PASS,96.5,92,PASS,PASS
PHY-0880,BCH-2024-0880,Tapioca Crisps,Line D,2025-12-25 00:00:00,Dec-2025,Sagar A.,5.56,4.5,6.5,PASS,3.02,3.5,PASS,93.5,92,PASS,PASS
PHY-0881,BCH-2024-0881,Jackfruit Chips,Line E,2025-12-26 00:00:00,Dec-2025,Priya S.,5.83,4.5,6.5,PASS,2.68,3.5,PASS,97.6,92,PASS,PASS
PHY-0882,BCH-2024-0882,Okra Chips,Line F,2025-12-27 00:00:00,Dec-2025,Anand M.,6.33,4.5,6.5,PASS,1.08,3.5,PASS,93.4,92,PASS,PASS
PHY-0883,BCH-2024-0883,Roasted Corn,Line A,2025-12-28 00:00:00,Dec-2025,Meena R.,5.09,4.5,6.5,PASS,1.1,3.5,PASS,88.7,92,FAIL,FAIL
PHY-0884,BCH-2024-0884,Chickpea Snacks,Line B,2025-12-30 00:00:00,Dec-2025,Karthik V.,5.75,4.5,6.5,PASS,2.44,3.5,PASS,96.2,92,PASS,PASS
PHY-0885,BCH-2024-0885,Banana Chips,Line C,2025-12-31 00:00:00,Dec-2025,Divya N.,6.12,4.5,6.5,PASS,2.1,3.5,PASS,95.7,92,PASS,PASS
PHY-0886,BCH-2024-0886,Sweet Potato Chips,Line D,2026-01-01 00:00:00,Dec-2025,Suresh B.,5.73,4.5,6.5,PASS,0.93,3.5,PASS,94.1,92,PASS,PASS
PHY-0887,BCH-2024-0887,Masala Peanuts,Line E,2026-01-02 00:00:00,Jan-2026,Leena D.,4.73,4.5,6.5,PASS,1.19,3.5,PASS,94.0,92,PASS,PASS
PHY-0888,BCH-2024-0888,Tapioca Crisps,Line F,2026-01-03 00:00:00,Jan-2026,Sagar A.,4.71,4.5,6.5,PASS,1.54,3.5,PASS,94.6,92,PASS,PASS
PHY-0889,BCH-2024-0889,Jackfruit Chips,Line A,2026-01-04 00:00:00,Jan-2026,Priya S.,4.68,4.5,6.5,PASS,0.92,3.5,PASS,95.7,92,PASS,PASS
PHY-0890,BCH-2024-0890,Okra Chips,Line B,2026-01-05 00:00:00,Jan-2026,Anand M.,5.78,4.5,6.5,PASS,1.78,3.5,PASS,92.3,92,PASS,PASS
PHY-0891,BCH-2024-0891,Roasted Corn,Line C,2026-01-07 00:00:00,Jan-2026,Meena R.,5.58,4.5,6.5,PASS,1.12,3.5,PASS,95.8,92,PASS,PASS
PHY-0892,BCH-2024-0892,Chickpea Snacks,Line D,2026-01-08 00:00:00,Jan-2026,Karthik V.,6.22,4.5,6.5,PASS,2.85,3.5,PASS,98.8,92,PASS,PASS
PHY-0893,BCH-2024-0893,Banana Chips,Line E,2026-01-09 00:00:00,Jan-2026,Divya N.,4.96,4.5,6.5,PASS,5.96,3.5,FAIL,93.8,92,PASS,FAIL
PHY-0894,BCH-2024-0894,Sweet Potato Chips,Line F,2026-01-12 00:00:00,Jan-2026,Suresh B.,6.1,4.5,6.5,PASS,1.06,3.5,PASS,93.8,92,PASS,PASS
PHY-0895,BCH-2024-0895,Masala Peanuts,Line A,2026-01-13 00:00:00,Jan-2026,Leena D.,4.73,4.5,6.5,PASS,2.41,3.5,PASS,95.3,92,PASS,PASS
PHY-0896,BCH-2024-0896,Tapioca Crisps,Line B,2026-01-14 00:00:00,Jan-2026,Sagar A.,4.8,4.5,6.5,PASS,2.52,3.5,PASS,94.7,92,PASS,PASS
PHY-0897,BCH-2024-0897,Jackfruit Chips,Line C,2026-01-15 00:00:00,Jan-2026,Priya S.,5.76,4.5,6.5,PASS,3.26,3.5,PASS,94.4,92,PASS,PASS
PHY-0898,BCH-2024-0898,Okra Chips,Line D,2026-01-18 00:00:00,Jan-2026,Anand M.,5.4,4.5,6.5,PASS,1.6,3.5,PASS,91.7,92,FAIL,FAIL
PHY-0899,BCH-2024-0899,Roasted Corn,Line E,2026-01-20 00:00:00,Jan-2026,Meena R.,5.83,4.5,6.5,PASS,3.1,3.5,PASS,97.2,92,PASS,PASS
PHY-0900,BCH-2024-0900,Chickpea Snacks,Line F,2026-01-21 00:00:00,Jan-2026,Karthik V.,5.33,4.5,6.5,PASS,2.64,3.5,PASS,92.4,92,PASS,PASS
PHY-0901,BCH-2024-0901,Banana Chips,Line A,2026-01-23 00:00:00,Jan-2026,Divya N.,5.5,4.5,6.5,PASS,2.82,3.5,PASS,97.8,92,PASS,PASS
PHY-0902,BCH-2024-0902,Sweet Potato Chips,Line B,2026-01-24 00:00:00,Jan-2026,Suresh B.,4.02,4.5,6.5,FAIL,5.8,3.5,FAIL,98.2,92,PASS,FAIL
PHY-0903,BCH-2024-0903,Masala Peanuts,Line C,2026-01-26 00:00:00,Jan-2026,Leena D.,6.06,4.5,6.5,PASS,2.77,3.5,PASS,97.9,92,PASS,PASS
PHY-0904,BCH-2024-0904,Tapioca Crisps,Line D,2026-01-27 00:00:00,Jan-2026,Sagar A.,5.16,4.5,6.5,PASS,2.88,3.5,PASS,83.2,92,FAIL,FAIL
PHY-0905,BCH-2024-0905,Jackfruit Chips,Line E,2026-01-30 00:00:00,Jan-2026,Priya S.,4.6,4.5,6.5,PASS,1.72,3.5,PASS,94.1,92,PASS,PASS
PHY-0906,BCH-2024-0906,Okra Chips,Line F,2026-02-04 00:00:00,Feb-2026,Anand M.,6.03,4.5,6.5,PASS,3.89,3.5,FAIL,94.9,92,PASS,FAIL
PHY-0907,BCH-2024-0907,Roasted Corn,Line A,2026-02-07 00:00:00,Feb-2026,Meena R.,5.37,4.5,6.5,PASS,1.28,3.5,PASS,97.3,92,PASS,PASS
PHY-0908,BCH-2024-0908,Chickpea Snacks,Line B,2026-02-09 00:00:00,Feb-2026,Karthik V.,5.79,4.5,6.5,PASS,2.61,3.5,PASS,93.9,92,PASS,PASS
PHY-0909,BCH-2024-0909,Banana Chips,Line C,2026-02-11 00:00:00,Feb-2026,Divya N.,6.24,4.5,6.5,PASS,1.63,3.5,PASS,93.2,92,PASS,PASS
PHY-0910,BCH-2024-0910,Sweet Potato Chips,Line D,2026-02-12 00:00:00,Feb-2026,Suresh B.,5.19,4.5,6.5,PASS,1.44,3.5,PASS,98.9,92,PASS,PASS
PHY-0911,BCH-2024-0911,Masala Peanuts,Line E,2026-02-13 00:00:00,Feb-2026,Leena D.,5.35,4.5,6.5,PASS,1.45,3.5,PASS,92.5,92,PASS,PASS
PHY-0912,BCH-2024-0912,Tapioca Crisps,Line F,2026-02-14 00:00:00,Feb-2026,Sagar A.,4.73,4.5,6.5,PASS,2.08,3.5,PASS,92.7,92,PASS,PASS
PHY-0913,BCH-2024-0913,Jackfruit Chips,Line A,2026-02-15 00:00:00,Feb-2026,Priya S.,4.85,4.5,6.5,PASS,2.68,3.5,PASS,93.4,92,PASS,PASS
PHY-0914,BCH-2024-0914,Okra Chips,Line B,2026-02-16 00:00:00,Feb-2026,Anand M.,4.7,4.5,6.5,PASS,1.69,3.5,PASS,94.1,92,PASS,PASS
PHY-0915,BCH-2024-0915,Roasted Corn,Line C,2026-02-18 00:00:00,Feb-2026,Meena R.,6.13,4.5,6.5,PASS,1.73,3.5,PASS,99.1,92,PASS,PASS
PHY-0916,BCH-2024-0916,Chickpea Snacks,Line D,2026-02-19 00:00:00,Feb-2026,Karthik V.,6.17,4.5,6.5,PASS,1.01,3.5,PASS,94.2,92,PASS,PASS
PHY-0917,BCH-2024-0917,Banana Chips,Line E,2026-02-20 00:00:00,Feb-2026,Divya N.,5.97,4.5,6.5,PASS,1.91,3.5,PASS,95.4,92,PASS,PASS
PHY-0918,BCH-2024-0918,Sweet Potato Chips,Line F,2026-02-21 00:00:00,Feb-2026,Suresh B.,5.48,4.5,6.5,PASS,1.33,3.5,PASS,94.8,92,PASS,PASS
PHY-0919,BCH-2024-0919,Masala Peanuts,Line A,2026-02-22 00:00:00,Feb-2026,Leena D.,3.48,4.5,6.5,FAIL,7.03,3.5,FAIL,93.3,92,PASS,FAIL
PHY-0920,BCH-2024-0920,Tapioca Crisps,Line B,2026-02-23 00:00:00,Feb-2026,Sagar A.,5.53,4.5,6.5,PASS,3.86,3.5,FAIL,92.2,92,PASS,FAIL
PHY-0921,BCH-2024-0921,Jackfruit Chips,Line C,2026-02-24 00:00:00,Feb-2026,Priya S.,3.53,4.5,6.5,FAIL,2.85,3.5,PASS,93.8,92,PASS,FAIL
PHY-0922,BCH-2024-0922,Okra Chips,Line D,2026-02-25 00:00:00,Feb-2026,Anand M.,4.71,4.5,6.5,PASS,1.55,3.5,PASS,88.1,92,FAIL,FAIL
PHY-0923,BCH-2024-0923,Roasted Corn,Line E,2026-02-26 00:00:00,Feb-2026,Meena R.,3.52,4.5,6.5,FAIL,3.86,3.5,FAIL,96.1,92,PASS,FAIL
PHY-0924,BCH-2024-0924,Chickpea Snacks,Line F,2026-02-27 00:00:00,Feb-2026,Karthik V.,6.09,4.5,6.5,PASS,1.68,3.5,PASS,97.6,92,PASS,PASS
PHY-0925,BCH-2024-0925,Banana Chips,Line A,2026-03-01 00:00:00,Feb-2026,Divya N.,6.01,4.5,6.5,PASS,0.91,3.5,PASS,96.5,92,PASS,PASS
PHY-0926,BCH-2024-0926,Sweet Potato Chips,Line B,2026-03-03 00:00:00,Mar-2026,Suresh B.,4.88,4.5,6.5,PASS,2.25,3.5,PASS,92.8,92,PASS,PASS
PHY-0927,BCH-2024-0927,Masala Peanuts,Line C,2026-03-04 00:00:00,Mar-2026,Leena D.,5.14,4.5,6.5,PASS,2.72,3.5,PASS,98.1,92,PASS,PASS
PHY-0928,BCH-2024-0928,Tapioca Crisps,Line D,2026-03-05 00:00:00,Mar-2026,Sagar A.,5.86,4.5,6.5,PASS,2.33,3.5,PASS,94.1,92,PASS,PASS
PHY-0929,BCH-2024-0929,Jackfruit Chips,Line E,2026-03-06 00:00:00,Mar-2026,Priya S.,5.8,4.5,6.5,PASS,2.33,3.5,PASS,97.3,92,PASS,PASS
PHY-0930,BCH-2024-0930,Okra Chips,Line F,2026-03-07 00:00:00,Mar-2026,Anand M.,5.53,4.5,6.5,PASS,2.14,3.5,PASS,98.6,92,PASS,PASS
PHY-0931,BCH-2024-0931,Roasted Corn,Line A,2026-03-08 00:00:00,Mar-2026,Meena R.,5.99,4.5,6.5,PASS,3.0,3.5,PASS,95.2,92,PASS,PASS
PHY-0932,BCH-2024-0932,Chickpea Snacks,Line B,2026-03-09 00:00:00,Mar-2026,Karthik V.,3.99,4.5,6.5,FAIL,3.28,3.5,PASS,98.1,92,PASS,FAIL
PHY-0933,BCH-2024-0933,Banana Chips,Line C,2026-03-11 00:00:00,Mar-2026,Divya N.,5.31,4.5,6.5,PASS,3.26,3.5,PASS,96.2,92,PASS,PASS
PHY-0934,BCH-2024-0934,Sweet Potato Chips,Line D,2026-03-12 00:00:00,Mar-2026,Suresh B.,6.35,4.5,6.5,PASS,1.03,3.5,PASS,94.6,92,PASS,PASS
PHY-0935,BCH-2024-0935,Masala Peanuts,Line E,2026-03-19 00:00:00,Mar-2026,Leena D.,3.85,4.5,6.5,FAIL,1.77,3.5,PASS,94.0,92,PASS,FAIL
PHY-0936,BCH-2024-0936,Tapioca Crisps,Line F,2026-03-20 00:00:00,Mar-2026,Sagar A.,5.09,4.5,6.5,PASS,3.15,3.5,PASS,98.6,92,PASS,PASS
PHY-0937,BCH-2024-0937,Jackfruit Chips,Line A,2026-03-22 00:00:00,Mar-2026,Priya S.,5.33,4.5,6.5,PASS,2.16,3.5,PASS,95.0,92,PASS,PASS
PHY-0938,BCH-2024-0938,Okra Chips,Line B,2026-03-23 00:00:00,Mar-2026,Anand M.,5.05,4.5,6.5,PASS,1.47,3.5,PASS,93.7,92,PASS,PASS
PHY-0939,BCH-2024-0939,Roasted Corn,Line C,2026-03-24 00:00:00,Mar-2026,Meena R.,5.52,4.5,6.5,PASS,6.36,3.5,FAIL,92.4,92,PASS,FAIL
PHY-0940,BCH-2024-0940,Chickpea Snacks,Line D,2026-03-25 00:00:00,Mar-2026,Karthik V.,5.59,4.5,6.5,PASS,2.13,3.5,PASS,92.3,92,PASS,PASS
PHY-0941,BCH-2024-0941,Banana Chips,Line E,2026-03-26 00:00:00,Mar-2026,Divya N.,4.55,4.5,6.5,PASS,2.16,3.5,PASS,98.9,92,PASS,PASS
PHY-0942,BCH-2024-0942,Sweet Potato Chips,Line F,2026-03-27 00:00:00,Mar-2026,Suresh B.,6.02,4.5,6.5,PASS,2.61,3.5,PASS,97.7,92,PASS,PASS
PHY-0943,BCH-2024-0943,Masala Peanuts,Line A,2026-03-28 00:00:00,Mar-2026,Leena D.,4.7,4.5,6.5,PASS,2.85,3.5,PASS,97.5,92,PASS,PASS
PHY-0944,BCH-2024-0944,Tapioca Crisps,Line B,2026-04-04 00:00:00,Apr-2026,Sagar A.,4.98,4.5,6.5,PASS,2.03,3.5,PASS,94.2,92,PASS,PASS
PHY-0945,BCH-2024-0945,Jackfruit Chips,Line C,2026-04-05 00:00:00,Apr-2026,Priya S.,6.02,4.5,6.5,PASS,1.8,3.5,PASS,97.9,92,PASS,PASS
PHY-0946,BCH-2024-0946,Okra Chips,Line D,2026-04-06 00:00:00,Apr-2026,Anand M.,5.36,4.5,6.5,PASS,2.78,3.5,PASS,93.5,92,PASS,PASS
PHY-0947,BCH-2024-0947,Roasted Corn,Line E,2026-04-07 00:00:00,Apr-2026,Meena R.,5.29,4.5,6.5,PASS,2.82,3.5,PASS,97.6,92,PASS,PASS
PHY-0948,BCH-2024-0948,Chickpea Snacks,Line F,2026-04-08 00:00:00,Apr-2026,Karthik V.,6.28,4.5,6.5,PASS,1.06,3.5,PASS,97.9,92,PASS,PASS
PHY-0949,BCH-2024-0949,Banana Chips,Line A,2026-04-09 00:00:00,Apr-2026,Divya N.,6.16,4.5,6.5,PASS,2.7,3.5,PASS,92.8,92,PASS,PASS
PHY-0950,BCH-2024-0950,Sweet Potato Chips,Line B,2026-04-11 00:00:00,Apr-2026,Suresh B.,4.6,4.5,6.5,PASS,2.47,3.5,PASS,96.5,92,PASS,PASS
PHY-0951,BCH-2024-0951,Masala Peanuts,Line C,2026-04-14 00:00:00,Apr-2026,Leena D.,6.17,4.5,6.5,PASS,2.69,3.5,PASS,97.2,92,PASS,PASS
PHY-0952,BCH-2024-0952,Tapioca Crisps,Line D,2026-04-15 00:00:00,Apr-2026,Sagar A.,5.42,4.5,6.5,PASS,1.79,3.5,PASS,93.5,92,PASS,PASS
PHY-0953,BCH-2024-0953,Jackfruit Chips,Line E,2026-04-16 00:00:00,Apr-2026,Priya S.,5.47,4.5,6.5,PASS,2.22,3.5,PASS,95.1,92,PASS,PASS
PHY-0954,BCH-2024-0954,Okra Chips,Line F,2026-04-17 00:00:00,Apr-2026,Anand M.,4.57,4.5,6.5,PASS,1.18,3.5,PASS,97.0,92,PASS,PASS
PHY-0955,BCH-2024-0955,Roasted Corn,Line A,2026-04-20 00:00:00,Apr-2026,Meena R.,5.31,4.5,6.5,PASS,3.11,3.5,PASS,96.9,92,PASS,PASS
PHY-0956,BCH-2024-0956,Chickpea Snacks,Line B,2026-04-21 00:00:00,Apr-2026,Karthik V.,5.16,4.5,6.5,PASS,2.19,3.5,PASS,95.0,92,PASS,PASS
PHY-0957,BCH-2024-0957,Banana Chips,Line C,2026-04-22 00:00:00,Apr-2026,Divya N.,4.82,4.5,6.5,PASS,1.79,3.5,PASS,93.2,92,PASS,PASS
PHY-0958,BCH-2024-0958,Sweet Potato Chips,Line D,2026-04-27 00:00:00,Apr-2026,Suresh B.,5.3,4.5,6.5,PASS,1.77,3.5,PASS,96.1,92,PASS,PASS
PHY-0959,BCH-2024-0959,Masala Peanuts,Line E,2026-04-28 00:00:00,Apr-2026,Leena D.,5.54,4.5,6.5,PASS,1.33,3.5,PASS,93.5,92,PASS,PASS
PHY-0960,BCH-2024-0960,Tapioca Crisps,Line F,2026-04-29 00:00:00,Apr-2026,Sagar A.,5.26,4.5,6.5,PASS,3.16,3.5,PASS,98.0,92,PASS,PASS
PHY-0961,BCH-2024-0961,Jackfruit Chips,Line A,2026-04-30 00:00:00,Apr-2026,Priya S.,6.37,4.5,6.5,PASS,4.39,3.5,FAIL,93.2,92,PASS,FAIL
PHY-0962,BCH-2024-0962,Okra Chips,Line B,2026-05-01 00:00:00,Apr-2026,Anand M.,4.63,4.5,6.5,PASS,1.08,3.5,PASS,93.9,92,PASS,PASS
PHY-0963,BCH-2024-0963,Roasted Corn,Line C,2026-05-06 00:00:00,May-2026,Meena R.,5.8,4.5,6.5,PASS,2.44,3.5,PASS,93.5,92,PASS,PASS
PHY-0964,BCH-2024-0964,Chickpea Snacks,Line D,2026-05-07 00:00:00,May-2026,Karthik V.,6.27,4.5,6.5,PASS,1.01,3.5,PASS,96.9,92,PASS,PASS
PHY-0965,BCH-2024-0965,Banana Chips,Line E,2026-05-08 00:00:00,May-2026,Divya N.,5.42,4.5,6.5,PASS,2.09,3.5,PASS,97.9,92,PASS,PASS
PHY-0966,BCH-2024-0966,Sweet Potato Chips,Line F,2026-05-09 00:00:00,May-2026,Suresh B.,4.94,4.5,6.5,PASS,2.14,3.5,PASS,95.1,92,PASS,PASS
PHY-0967,BCH-2024-0967,Masala Peanuts,Line A,2026-05-11 00:00:00,May-2026,Leena D.,6.37,4.5,6.5,PASS,1.78,3.5,PASS,93.4,92,PASS,PASS
PHY-0968,BCH-2024-0968,Tapioca Crisps,Line B,2026-05-13 00:00:00,May-2026,Sagar A.,4.26,4.5,6.5,FAIL,1.47,3.5,PASS,92.1,92,PASS,FAIL
PHY-0969,BCH-2024-0969,Jackfruit Chips,Line C,2026-05-15 00:00:00,May-2026,Priya S.,6.4,4.5,6.5,PASS,1.99,3.5,PASS,97.5,92,PASS,PASS
PHY-0970,BCH-2024-0970,Okra Chips,Line D,2026-05-16 00:00:00,May-2026,Anand M.,5.52,4.5,6.5,PASS,2.8,3.5,PASS,96.8,92,PASS,PASS
PHY-0971,BCH-2024-0971,Roasted Corn,Line E,2026-05-18 00:00:00,May-2026,Meena R.,6.03,4.5,6.5,PASS,3.12,3.5,PASS,95.4,92,PASS,PASS
PHY-0972,BCH-2024-0972,Chickpea Snacks,Line F,2026-05-19 00:00:00,May-2026,Karthik V.,4.74,4.5,6.5,PASS,2.0,3.5,PASS,98.2,92,PASS,PASS
PHY-0973,BCH-2024-0973,Banana Chips,Line A,2026-05-20 00:00:00,May-2026,Divya N.,3.99,4.5,6.5,FAIL,2.52,3.5,PASS,96.3,92,PASS,FAIL
PHY-0974,BCH-2024-0974,Sweet Potato Chips,Line B,2026-05-21 00:00:00,May-2026,Suresh B.,3.08,4.5,6.5,FAIL,4.51,3.5,FAIL,94.7,92,PASS,FAIL
PHY-0975,BCH-2024-0975,Masala Peanuts,Line C,2026-05-22 00:00:00,May-2026,Leena D.,4.52,4.5,6.5,PASS,1.93,3.5,PASS,98.4,92,PASS,PASS
PHY-0976,BCH-2024-0976,Tapioca Crisps,Line D,2026-05-23 00:00:00,May-2026,Sagar A.,5.98,4.5,6.5,PASS,2.99,3.5,PASS,93.0,92,PASS,PASS
PHY-0977,BCH-2024-0977,Jackfruit Chips,Line E,2026-05-24 00:00:00,May-2026,Priya S.,6.29,4.5,6.5,PASS,1.29,3.5,PASS,92.3,92,PASS,PASS
PHY-0978,BCH-2024-0978,Okra Chips,Line F,2026-05-25 00:00:00,May-2026,Anand M.,6.37,4.5,6.5,PASS,1.19,3.5,PASS,96.9,92,PASS,PASS
PHY-0979,BCH-2024-0979,Roasted Corn,Line A,2026-05-27 00:00:00,May-2026,Meena R.,4.59,4.5,6.5,PASS,3.15,3.5,PASS,98.2,92,PASS,PASS
PHY-0980,BCH-2024-0980,Chickpea Snacks,Line B,2026-05-28 00:00:00,May-2026,Karthik V.,5.73,4.5,6.5,PASS,2.15,3.5,PASS,97.2,92,PASS,PASS
PHY-0981,BCH-2024-0981,Banana Chips,Line C,2026-05-29 00:00:00,May-2026,Divya N.,5.06,4.5,6.5,PASS,3.09,3.5,PASS,93.6,92,PASS,PASS
PHY-0982,BCH-2024-0982,Sweet Potato Chips,Line D,2026-05-30 00:00:00,May-2026,Suresh B.,6.01,4.5,6.5,PASS,1.92,3.5,PASS,93.5,92,PASS,PASS
PHY-0983,BCH-2024-0983,Masala Peanuts,Line E,2026-05-31 00:00:00,May-2026,Leena D.,5.1,4.5,6.5,PASS,2.48,3.5,PASS,96.9,92,PASS,PASS
PHY-0984,BCH-2024-0984,Tapioca Crisps,Line F,2026-06-01 00:00:00,May-2026,Sagar A.,6.16,4.5,6.5,PASS,2.32,3.5,PASS,92.5,92,PASS,PASS
PHY-0985,BCH-2024-0985,Jackfruit Chips,Line A,2026-06-03 00:00:00,Jun-2026,Priya S.,4.73,4.5,6.5,PASS,4.36,3.5,FAIL,97.8,92,PASS,FAIL
PHY-0986,BCH-2024-0986,Okra Chips,Line B,2026-06-04 00:00:00,Jun-2026,Anand M.,5.77,4.5,6.5,PASS,1.09,3.5,PASS,95.8,92,PASS,PASS
PHY-0987,BCH-2024-0987,Roasted Corn,Line C,2026-06-05 00:00:00,Jun-2026,Meena R.,5.21,4.5,6.5,PASS,1.49,3.5,PASS,92.3,92,PASS,PASS
PHY-0988,BCH-2024-0988,Chickpea Snacks,Line D,2026-06-07 00:00:00,Jun-2026,Karthik V.,3.05,4.5,6.5,FAIL,3.27,3.5,PASS,95.4,92,PASS,FAIL
PHY-0989,BCH-2024-0989,Banana Chips,Line E,2026-06-10 00:00:00,Jun-2026,Divya N.,6.05,4.5,6.5,PASS,0.82,3.5,PASS,85.9,92,FAIL,FAIL
PHY-0990,BCH-2024-0990,Sweet Potato Chips,Line F,2026-06-11 00:00:00,Jun-2026,Suresh B.,5.65,4.5,6.5,PASS,1.08,3.5,PASS,98.4,92,PASS,PASS
PHY-0991,BCH-2024-0991,Masala Peanuts,Line A,2026-06-12 00:00:00,Jun-2026,Leena D.,4.84,4.5,6.5,PASS,2.35,3.5,PASS,96.5,92,PASS,PASS
PHY-0992,BCH-2024-0992,Tapioca Crisps,Line B,2026-06-13 00:00:00,Jun-2026,Sagar A.,6.16,4.5,6.5,PASS,1.25,3.5,PASS,93.8,92,PASS,PASS
PHY-0993,BCH-2024-0993,Jackfruit Chips,Line C,2026-06-14 00:00:00,Jun-2026,Priya S.,5.44,4.5,6.5,PASS,2.31,3.5,PASS,97.4,92,PASS,PASS
PHY-0994,BCH-2024-0994,Okra Chips,Line D,2026-06-15 00:00:00,Jun-2026,Anand M.,6.08,4.5,6.5,PASS,1.12,3.5,PASS,91.4,92,FAIL,FAIL
PHY-0995,BCH-2024-0995,Roasted Corn,Line E,2026-06-16 00:00:00,Jun-2026,Meena R.,4.8,4.5,6.5,PASS,1.73,3.5,PASS,98.9,92,PASS,PASS
PHY-0996,BCH-2024-0996,Chickpea Snacks,Line F,2026-06-19 00:00:00,Jun-2026,Karthik V.,5.83,4.5,6.5,PASS,3.12,3.5,PASS,97.1,92,PASS,PASS
PHY-0997,BCH-2024-0997,Banana Chips,Line A,2026-06-26 00:00:00,Jun-2026,Divya N.,5.75,4.5,6.5,PASS,1.05,3.5,PASS,98.2,92,PASS,PASS
PHY-0998,BCH-2024-0998,Sweet Potato Chips,Line B,2026-06-27 00:00:00,Jun-2026,Suresh B.,6.02,4.5,6.5,PASS,2.51,3.5,PASS,93.6,92,PASS,PASS
PHY-0999,BCH-2024-0999,Masala Peanuts,Line C,2026-06-29 00:00:00,Jun-2026,Leena D.,5.77,4.5,6.5,PASS,2.23,3.5,PASS,99.0,92,PASS,PASS
PHY-1000,BCH-2024-1000,Tapioca Crisps,Line D,2026-06-30 00:00:00,Jun-2026,Sagar A.,5.1,4.5,6.5,PASS,1.14,3.5,PASS,91.8,92,FAIL,FAIL
PHY-1001,BCH-2024-1001,Jackfruit Chips,Line E,2026-07-01 00:00:00,Jun-2026,Priya S.,5.64,4.5,6.5,PASS,2.99,3.5,PASS,95.0,92,PASS,PASS
PHY-1002,BCH-2024-1002,Okra Chips,Line F,2026-07-04 00:00:00,Jul-2026,Anand M.,5.38,4.5,6.5,PASS,2.21,3.5,PASS,94.2,92,PASS,PASS
PHY-1003,BCH-2024-1003,Roasted Corn,Line A,2026-07-05 00:00:00,Jul-2026,Meena R.,4.0,4.5,6.5,FAIL,1.38,3.5,PASS,98.6,92,PASS,FAIL
PHY-1004,BCH-2024-1004,Chickpea Snacks,Line B,2026-07-06 00:00:00,Jul-2026,Karthik V.,6.33,4.5,6.5,PASS,2.15,3.5,PASS,93.6,92,PASS,PASS
PHY-1005,BCH-2024-1005,Banana Chips,Line C,2026-07-07 00:00:00,Jul-2026,Divya N.,4.89,4.5,6.5,PASS,2.53,3.5,PASS,98.4,92,PASS,PASS
PHY-1006,BCH-2024-1006,Sweet Potato Chips,Line D,2026-07-08 00:00:00,Jul-2026,Suresh B.,6.04,4.5,6.5,PASS,1.07,3.5,PASS,82.8,92,FAIL,FAIL
PHY-1007,BCH-2024-1007,Masala Peanuts,Line E,2026-07-13 00:00:00,Jul-2026,Leena D.,5.15,4.5,6.5,PASS,2.75,3.5,PASS,95.1,92,PASS,PASS
PHY-1008,BCH-2024-1008,Tapioca Crisps,Line F,2026-07-14 00:00:00,Jul-2026,Sagar A.,5.95,4.5,6.5,PASS,2.0,3.5,PASS,95.0,92,PASS,PASS
PHY-1009,BCH-2024-1009,Jackfruit Chips,Line A,2026-07-15 00:00:00,Jul-2026,Priya S.,6.11,4.5,6.5,PASS,3.31,3.5,PASS,94.6,92,PASS,PASS
PHY-1010,BCH-2024-1010,Okra Chips,Line B,2026-07-16 00:00:00,Jul-2026,Anand M.,5.16,4.5,6.5,PASS,3.39,3.5,PASS,93.7,92,PASS,PASS
PHY-1011,BCH-2024-1011,Roasted Corn,Line C,2026-07-17 00:00:00,Jul-2026,Meena R.,4.63,4.5,6.5,PASS,1.71,3.5,PASS,92.3,92,PASS,PASS
PHY-1012,BCH-2024-1012,Chickpea Snacks,Line D,2026-07-18 00:00:00,Jul-2026,Karthik V.,5.12,4.5,6.5,PASS,1.76,3.5,PASS,97.4,92,PASS,PASS
PHY-1013,BCH-2024-1013,Banana Chips,Line E,2026-07-19 00:00:00,Jul-2026,Divya N.,6.08,4.5,6.5,PASS,1.54,3.5,PASS,96.0,92,PASS,PASS
PHY-1014,BCH-2024-1014,Sweet Potato Chips,Line F,2026-07-20 00:00:00,Jul-2026,Suresh B.,3.77,4.5,6.5,FAIL,1.95,3.5,PASS,96.6,92,PASS,FAIL
PHY-1015,BCH-2024-1015,Masala Peanuts,Line A,2026-07-23 00:00:00,Jul-2026,Leena D.,5.84,4.5,6.5,PASS,3.57,3.5,FAIL,98.9,92,PASS,FAIL
PHY-1016,BCH-2024-1016,Tapioca Crisps,Line B,2026-07-24 00:00:00,Jul-2026,Sagar A.,5.23,4.5,6.5,PASS,3.68,3.5,FAIL,96.1,92,PASS,FAIL
PHY-1017,BCH-2024-1017,Jackfruit Chips,Line C,2026-07-25 00:00:00,Jul-2026,Priya S.,3.28,4.5,6.5,FAIL,7.39,3.5,FAIL,99.0,92,PASS,FAIL
PHY-1018,BCH-2024-1018,Okra Chips,Line D,2026-07-28 00:00:00,Jul-2026,Anand M.,5.39,4.5,6.5,PASS,1.91,3.5,PASS,95.3,92,PASS,PASS
PHY-1019,BCH-2024-1019,Roasted Corn,Line E,2026-08-02 00:00:00,Aug-2026,Meena R.,3.92,4.5,6.5,FAIL,2.51,3.5,PASS,99.1,92,PASS,FAIL
PHY-1020,BCH-2024-1020,Chickpea Snacks,Line F,2026-08-04 00:00:00,Aug-2026,Karthik V.,4.97,4.5,6.5,PASS,1.21,3.5,PASS,97.5,92,PASS,PASS
PHY-1021,BCH-2024-1021,Banana Chips,Line A,2026-08-11 00:00:00,Aug-2026,Divya N.,6.14,4.5,6.5,PASS,2.01,3.5,PASS,93.0,92,PASS,PASS
PHY-1022,BCH-2024-1022,Sweet Potato Chips,Line B,2026-08-12 00:00:00,Aug-2026,Suresh B.,4.65,4.5,6.5,PASS,2.88,3.5,PASS,94.9,92,PASS,PASS
PHY-1023,BCH-2024-1023,Masala Peanuts,Line C,2026-08-14 00:00:00,Aug-2026,Leena D.,5.49,4.5,6.5,PASS,6.73,3.5,FAIL,98.7,92,PASS,FAIL
PHY-1024,BCH-2024-1024,Tapioca Crisps,Line D,2026-08-15 00:00:00,Aug-2026,Sagar A.,5.87,4.5,6.5,PASS,5.86,3.5,FAIL,94.4,92,PASS,FAIL
PHY-1025,BCH-2024-1025,Jackfruit Chips,Line E,2026-08-16 00:00:00,Aug-2026,Priya S.,6.34,4.5,6.5,PASS,3.53,3.5,FAIL,98.6,92,PASS,FAIL
PHY-1026,BCH-2024-1026,Okra Chips,Line F,2026-08-17 00:00:00,Aug-2026,Anand M.,5.67,4.5,6.5,PASS,1.59,3.5,PASS,93.9,92,PASS,PASS
PHY-1027,BCH-2024-1027,Roasted Corn,Line A,2026-08-19 00:00:00,Aug-2026,Meena R.,5.18,4.5,6.5,PASS,2.75,3.5,PASS,98.2,92,PASS,PASS
PHY-1028,BCH-2024-1028,Chickpea Snacks,Line B,2026-08-20 00:00:00,Aug-2026,Karthik V.,4.74,4.5,6.5,PASS,1.25,3.5,PASS,95.3,92,PASS,PASS
PHY-1029,BCH-2024-1029,Banana Chips,Line C,2026-08-21 00:00:00,Aug-2026,Divya N.,4.77,4.5,6.5,PASS,1.59,3.5,PASS,98.0,92,PASS,PASS
PHY-1030,BCH-2024-1030,Sweet Potato Chips,Line D,2026-08-23 00:00:00,Aug-2026,Suresh B.,4.91,4.5,6.5,PASS,3.38,3.5,PASS,96.1,92,PASS,PASS
PHY-1031,BCH-2024-1031,Masala Peanuts,Line E,2026-08-24 00:00:00,Aug-2026,Leena D.,5.52,4.5,6.5,PASS,2.99,3.5,PASS,97.7,92,PASS,PASS
PHY-1032,BCH-2024-1032,Tapioca Crisps,Line F,2026-08-27 00:00:00,Aug-2026,Sagar A.,4.58,4.5,6.5,PASS,2.1,3.5,PASS,98.3,92,PASS,PASS
PHY-1033,BCH-2024-1033,Jackfruit Chips,Line A,2026-09-03 00:00:00,Sep-2026,Priya S.,3.5,4.5,6.5,FAIL,1.74,3.5,PASS,94.7,92,PASS,FAIL
PHY-1034,BCH-2024-1034,Okra Chips,Line B,2026-09-04 00:00:00,Sep-2026,Anand M.,5.23,4.5,6.5,PASS,2.77,3.5,PASS,97.5,92,PASS,PASS
PHY-1035,BCH-2024-1035,Roasted Corn,Line C,2026-09-06 00:00:00,Sep-2026,Meena R.,4.54,4.5,6.5,PASS,2.63,3.5,PASS,97.1,92,PASS,PASS
PHY-1036,BCH-2024-1036,Chickpea Snacks,Line D,2026-09-07 00:00:00,Sep-2026,Karthik V.,6.05,4.5,6.5,PASS,2.82,3.5,PASS,93.1,92,PASS,PASS
PHY-1037,BCH-2024-1037,Banana Chips,Line E,2026-09-09 00:00:00,Sep-2026,Divya N.,5.62,4.5,6.5,PASS,2.36,3.5,PASS,95.9,92,PASS,PASS
PHY-1038,BCH-2024-1038,Sweet Potato Chips,Line F,2026-09-10 00:00:00,Sep-2026,Suresh B.,4.31,4.5,6.5,FAIL,3.22,3.5,PASS,96.8,92,PASS,FAIL
PHY-1039,BCH-2024-1039,Masala Peanuts,Line A,2026-09-12 00:00:00,Sep-2026,Leena D.,5.78,4.5,6.5,PASS,2.61,3.5,PASS,94.0,92,PASS,PASS
PHY-1040,BCH-2024-1040,Tapioca Crisps,Line B,2026-09-13 00:00:00,Sep-2026,Sagar A.,5.31,4.5,6.5,PASS,1.93,3.5,PASS,92.7,92,PASS,PASS
PHY-1041,BCH-2024-1041,Jackfruit Chips,Line C,2026-09-14 00:00:00,Sep-2026,Priya S.,3.73,4.5,6.5,FAIL,3.39,3.5,PASS,95.8,92,PASS,FAIL
PHY-1042,BCH-2024-1042,Okra Chips,Line D,2026-09-16 00:00:00,Sep-2026,Anand M.,5.8,4.5,6.5,PASS,2.48,3.5,PASS,96.8,92,PASS,PASS
PHY-1043,BCH-2024-1043,Roasted Corn,Line E,2026-09-17 00:00:00,Sep-2026,Meena R.,5.01,4.5,6.5,PASS,1.45,3.5,PASS,95.8,92,PASS,PASS
PHY-1044,BCH-2024-1044,Chickpea Snacks,Line F,2026-09-18 00:00:00,Sep-2026,Karthik V.,4.54,4.5,6.5,PASS,1.9,3.5,PASS,98.4,92,PASS,PASS
PHY-1045,BCH-2024-1045,Banana Chips,Line A,2026-09-19 00:00:00,Sep-2026,Divya N.,6.34,4.5,6.5,PASS,3.46,3.5,PASS,93.1,92,PASS,PASS
PHY-1046,BCH-2024-1046,Sweet Potato Chips,Line B,2026-09-20 00:00:00,Sep-2026,Suresh B.,5.14,4.5,6.5,PASS,4.87,3.5,FAIL,97.1,92,PASS,FAIL
PHY-1047,BCH-2024-1047,Masala Peanuts,Line C,2026-09-21 00:00:00,Sep-2026,Leena D.,4.5,4.5,6.5,PASS,9.75,3.5,FAIL,93.1,92,PASS,FAIL
PHY-1048,BCH-2024-1048,Tapioca Crisps,Line D,2026-09-22 00:00:00,Sep-2026,Sagar A.,5.83,4.5,6.5,PASS,1.27,3.5,PASS,92.2,92,PASS,PASS
PHY-1049,BCH-2024-1049,Jackfruit Chips,Line E,2026-09-23 00:00:00,Sep-2026,Priya S.,5.25,4.5,6.5,PASS,1.6,3.5,PASS,97.4,92,PASS,PASS
PHY-1050,BCH-2024-1050,Okra Chips,Line F,2026-09-24 00:00:00,Sep-2026,Anand M.,4.87,4.5,6.5,PASS,2.15,3.5,PASS,97.7,92,PASS,PASS
PHY-1051,BCH-2024-1051,Roasted Corn,Line A,2026-10-01 00:00:00,Sep-2026,Meena R.,5.39,4.5,6.5,PASS,1.02,3.5,PASS,98.8,92,PASS,PASS
PHY-1052,BCH-2024-1052,Chickpea Snacks,Line B,2026-10-02 00:00:00,Oct-2026,Karthik V.,4.97,4.5,6.5,PASS,2.09,3.5,PASS,93.1,92,PASS,PASS
PHY-1053,BCH-2024-1053,Banana Chips,Line C,2026-10-03 00:00:00,Oct-2026,Divya N.,5.14,4.5,6.5,PASS,2.97,3.5,PASS,92.4,92,PASS,PASS
PHY-1054,BCH-2024-1054,Sweet Potato Chips,Line D,2026-10-08 00:00:00,Oct-2026,Suresh B.,6.18,4.5,6.5,PASS,1.86,3.5,PASS,92.6,92,PASS,PASS
PHY-1055,BCH-2024-1055,Masala Peanuts,Line E,2026-10-09 00:00:00,Oct-2026,Leena D.,5.44,4.5,6.5,PASS,1.99,3.5,PASS,97.9,92,PASS,PASS
PHY-1056,BCH-2024-1056,Tapioca Crisps,Line F,2026-10-10 00:00:00,Oct-2026,Sagar A.,5.06,4.5,6.5,PASS,1.97,3.5,PASS,96.9,92,PASS,PASS
PHY-1057,BCH-2024-1057,Jackfruit Chips,Line A,2026-10-11 00:00:00,Oct-2026,Priya S.,4.54,4.5,6.5,PASS,2.97,3.5,PASS,94.0,92,PASS,PASS
PHY-1058,BCH-2024-1058,Okra Chips,Line B,2026-10-12 00:00:00,Oct-2026,Anand M.,6.05,4.5,6.5,PASS,1.45,3.5,PASS,98.4,92,PASS,PASS
PHY-1059,BCH-2024-1059,Roasted Corn,Line C,2026-10-15 00:00:00,Oct-2026,Meena R.,4.17,4.5,6.5,FAIL,2.58,3.5,PASS,97.6,92,PASS,FAIL
PHY-1060,BCH-2024-1060,Chickpea Snacks,Line D,2026-10-16 00:00:00,Oct-2026,Karthik V.,4.82,4.5,6.5,PASS,1.03,3.5,PASS,93.2,92,PASS,PASS
PHY-1061,BCH-2024-1061,Banana Chips,Line E,2026-10-17 00:00:00,Oct-2026,Divya N.,3.24,4.5,6.5,FAIL,3.18,3.5,PASS,95.6,92,PASS,FAIL
PHY-1062,BCH-2024-1062,Sweet Potato Chips,Line F,2026-10-20 00:00:00,Oct-2026,Suresh B.,4.64,4.5,6.5,PASS,2.18,3.5,PASS,99.0,92,PASS,PASS
PHY-1063,BCH-2024-1063,Masala Peanuts,Line A,2026-10-23 00:00:00,Oct-2026,Leena D.,5.74,4.5,6.5,PASS,1.15,3.5,PASS,93.1,92,PASS,PASS
PHY-1064,BCH-2024-1064,Tapioca Crisps,Line B,2026-10-24 00:00:00,Oct-2026,Sagar A.,4.68,4.5,6.5,PASS,1.2,3.5,PASS,94.8,92,PASS,PASS
PHY-1065,BCH-2024-1065,Jackfruit Chips,Line C,2026-10-25 00:00:00,Oct-2026,Priya S.,5.54,4.5,6.5,PASS,1.26,3.5,PASS,92.3,92,PASS,PASS
PHY-1066,BCH-2024-1066,Okra Chips,Line D,2026-10-30 00:00:00,Oct-2026,Anand M.,4.69,4.5,6.5,PASS,1.25,3.5,PASS,95.6,92,PASS,PASS
PHY-1067,BCH-2024-1067,Roasted Corn,Line E,2026-11-02 00:00:00,Nov-2026,Meena R.,5.59,4.5,6.5,PASS,1.33,3.5,PASS,97.5,92,PASS,PASS
PHY-1068,BCH-2024-1068,Chickpea Snacks,Line F,2026-11-03 00:00:00,Nov-2026,Karthik V.,5.84,4.5,6.5,PASS,2.09,3.5,PASS,91.7,92,FAIL,FAIL
PHY-1069,BCH-2024-1069,Banana Chips,Line A,2026-11-08 00:00:00,Nov-2026,Divya N.,5.28,4.5,6.5,PASS,2.2,3.5,PASS,94.7,92,PASS,PASS
PHY-1070,BCH-2024-1070,Sweet Potato Chips,Line B,2026-11-09 00:00:00,Nov-2026,Suresh B.,6.33,4.5,6.5,PASS,0.96,3.5,PASS,94.5,92,PASS,PASS
PHY-1071,BCH-2024-1071,Masala Peanuts,Line C,2026-11-10 00:00:00,Nov-2026,Leena D.,5.25,4.5,6.5,PASS,2.01,3.5,PASS,93.8,92,PASS,PASS
PHY-1072,BCH-2024-1072,Tapioca Crisps,Line D,2026-11-12 00:00:00,Nov-2026,Sagar A.,4.62,4.5,6.5,PASS,2.95,3.5,PASS,92.9,92,PASS,PASS
PHY-1073,BCH-2024-1073,Jackfruit Chips,Line E,2026-11-14 00:00:00,Nov-2026,Priya S.,5.11,4.5,6.5,PASS,1.38,3.5,PASS,95.3,92,PASS,PASS
PHY-1074,BCH-2024-1074,Okra Chips,Line F,2026-11-16 00:00:00,Nov-2026,Anand M.,5.72,4.5,6.5,PASS,2.73,3.5,PASS,95.7,92,PASS,PASS
PHY-1075,BCH-2024-1075,Roasted Corn,Line A,2026-11-21 00:00:00,Nov-2026,Meena R.,5.32,4.5,6.5,PASS,0.97,3.5,PASS,95.8,92,PASS,PASS
PHY-1076,BCH-2024-1076,Chickpea Snacks,Line B,2026-11-22 00:00:00,Nov-2026,Karthik V.,6.05,4.5,6.5,PASS,1.78,3.5,PASS,98.4,92,PASS,PASS
PHY-1077,BCH-2024-1077,Banana Chips,Line C,2026-11-23 00:00:00,Nov-2026,Divya N.,6.01,4.5,6.5,PASS,1.87,3.5,PASS,97.9,92,PASS,PASS
PHY-1078,BCH-2024-1078,Sweet Potato Chips,Line D,2026-11-24 00:00:00,Nov-2026,Suresh B.,6.18,4.5,6.5,PASS,2.53,3.5,PASS,92.7,92,PASS,PASS
PHY-1079,BCH-2024-1079,Masala Peanuts,Line E,2026-11-25 00:00:00,Nov-2026,Leena D.,3.81,4.5,6.5,FAIL,2.88,3.5,PASS,93.9,92,PASS,FAIL
PHY-1080,BCH-2024-1080,Tapioca Crisps,Line F,2026-11-28 00:00:00,Nov-2026,Sagar A.,5.38,4.5,6.5,PASS,2.42,3.5,PASS,93.8,92,PASS,PASS
PHY-1081,BCH-2024-1081,Jackfruit Chips,Line A,2026-11-29 00:00:00,Nov-2026,Priya S.,4.69,4.5,6.5,PASS,7.05,3.5,FAIL,92.7,92,PASS,FAIL
PHY-1082,BCH-2024-1082,Okra Chips,Line B,2026-11-30 00:00:00,Nov-2026,Anand M.,6.33,4.5,6.5,PASS,3.29,3.5,PASS,95.2,92,PASS,PASS
PHY-1083,BCH-2024-1083,Roasted Corn,Line C,2026-12-01 00:00:00,Nov-2026,Meena R.,5.89,4.5,6.5,PASS,2.66,3.5,PASS,96.2,92,PASS,PASS
PHY-1084,BCH-2024-1084,Chickpea Snacks,Line D,2026-12-02 00:00:00,Dec-2026,Karthik V.,5.35,4.5,6.5,PASS,2.78,3.5,PASS,97.2,92,PASS,PASS
PHY-1085,BCH-2024-1085,Banana Chips,Line E,2026-12-03 00:00:00,Dec-2026,Divya N.,3.79,4.5,6.5,FAIL,4.5,3.5,FAIL,98.7,92,PASS,FAIL
PHY-1086,BCH-2024-1086,Sweet Potato Chips,Line F,2026-12-04 00:00:00,Dec-2026,Suresh B.,4.15,4.5,6.5,FAIL,0.91,3.5,PASS,94.2,92,PASS,FAIL
PHY-1087,BCH-2024-1087,Masala Peanuts,Line A,2026-12-05 00:00:00,Dec-2026,Leena D.,5.21,4.5,6.5,PASS,3.22,3.5,PASS,93.8,92,PASS,PASS
PHY-1088,BCH-2024-1088,Tapioca Crisps,Line B,2026-12-10 00:00:00,Dec-2026,Sagar A.,6.24,4.5,6.5,PASS,0.92,3.5,PASS,98.0,92,PASS,PASS
PHY-1089,BCH-2024-1089,Jackfruit Chips,Line C,2026-12-11 00:00:00,Dec-2026,Priya S.,4.55,4.5,6.5,PASS,6.44,3.5,FAIL,94.3,92,PASS,FAIL
PHY-1090,BCH-2024-1090,Okra Chips,Line D,2026-12-12 00:00:00,Dec-2026,Anand M.,5.36,4.5,6.5,PASS,4.36,3.5,FAIL,94.8,92,PASS,FAIL
PHY-1091,BCH-2024-1091,Roasted Corn,Line E,2026-12-13 00:00:00,Dec-2026,Meena R.,5.58,4.5,6.5,PASS,1.33,3.5,PASS,98.2,92,PASS,PASS
PHY-1092,BCH-2024-1092,Chickpea Snacks,Line F,2026-12-14 00:00:00,Dec-2026,Karthik V.,5.87,4.5,6.5,PASS,1.57,3.5,PASS,92.9,92,PASS,PASS
PHY-1093,BCH-2024-1093,Banana Chips,Line A,2026-12-15 00:00:00,Dec-2026,Divya N.,5.41,4.5,6.5,PASS,1.09,3.5,PASS,96.9,92,PASS,PASS
PHY-1094,BCH-2024-1094,Sweet Potato Chips,Line B,2026-12-22 00:00:00,Dec-2026,Suresh B.,5.04,4.5,6.5,PASS,1.34,3.5,PASS,95.0,92,PASS,PASS
PHY-1095,BCH-2024-1095,Masala Peanuts,Line C,2026-12-24 00:00:00,Dec-2026,Leena D.,5.61,4.5,6.5,PASS,3.01,3.5,PASS,93.9,92,PASS,PASS
PHY-1096,BCH-2024-1096,Tapioca Crisps,Line D,2026-12-25 00:00:00,Dec-2026,Sagar A.,5.51,4.5,6.5,PASS,1.14,3.5,PASS,98.4,92,PASS,PASS
PHY-1097,BCH-2024-1097,Jackfruit Chips,Line E,2026-12-26 00:00:00,Dec-2026,Priya S.,4.81,4.5,6.5,PASS,1.9,3.5,PASS,92.6,92,PASS,PASS
PHY-1098,BCH-2024-1098,Okra Chips,Line F,2026-12-28 00:00:00,Dec-2026,Anand M.,5.41,4.5,6.5,PASS,1.44,3.5,PASS,92.6,92,PASS,PASS
PHY-1099,BCH-2024-1099,Roasted Corn,Line A,2026-12-29 00:00:00,Dec-2026,Meena R.,5.87,4.5,6.5,PASS,3.25,3.5,PASS,97.3,92,PASS,PASS
PHY-1100,BCH-2024-1100,Chickpea Snacks,Line B,2027-01-05 00:00:00,Jan-2027,Karthik V.,5.46,4.5,6.5,PASS,1.55,3.5,PASS,98.2,92,PASS,PASS
PHY-1101,BCH-2024-1101,Banana Chips,Line C,2027-01-06 00:00:00,Jan-2027,Divya N.,6.26,4.5,6.5,PASS,2.79,3.5,PASS,92.3,92,PASS,PASS
PHY-1102,BCH-2024-1102,Sweet Potato Chips,Line D,2027-01-07 00:00:00,Jan-2027,Suresh B.,5.55,4.5,6.5,PASS,4.47,3.5,FAIL,96.9,92,PASS,FAIL
PHY-1103,BCH-2024-1103,Masala Peanuts,Line E,2027-01-08 00:00:00,Jan-2027,Leena D.,4.63,4.5,6.5,PASS,2.71,3.5,PASS,92.4,92,PASS,PASS
PHY-1104,BCH-2024-1104,Tapioca Crisps,Line F,2027-01-13 00:00:00,Jan-2027,Sagar A.,6.18,4.5,6.5,PASS,2.41,3.5,PASS,95.9,92,PASS,PASS
PHY-1105,BCH-2024-1105,Jackfruit Chips,Line A,2027-01-14 00:00:00,Jan-2027,Priya S.,4.1,4.5,6.5,FAIL,5.68,3.5,FAIL,99.0,92,PASS,FAIL
PHY-1106,BCH-2024-1106,Okra Chips,Line B,2027-01-15 00:00:00,Jan-2027,Anand M.,5.93,4.5,6.5,PASS,1.3,3.5,PASS,99.1,92,PASS,PASS
PHY-1107,BCH-2024-1107,Roasted Corn,Line C,2027-01-16 00:00:00,Jan-2027,Meena R.,5.59,4.5,6.5,PASS,1.07,3.5,PASS,93.5,92,PASS,PASS
PHY-1108,BCH-2024-1108,Chickpea Snacks,Line D,2027-01-19 00:00:00,Jan-2027,Karthik V.,6.2,4.5,6.5,PASS,2.61,3.5,PASS,97.8,92,PASS,PASS
PHY-1109,BCH-2024-1109,Banana Chips,Line E,2027-01-22 00:00:00,Jan-2027,Divya N.,5.68,4.5,6.5,PASS,1.02,3.5,PASS,92.6,92,PASS,PASS
PHY-1110,BCH-2024-1110,Sweet Potato Chips,Line F,2027-01-23 00:00:00,Jan-2027,Suresh B.,4.82,4.5,6.5,PASS,2.65,3.5,PASS,95.6,92,PASS,PASS
PHY-1111,BCH-2024-1111,Masala Peanuts,Line A,2027-01-24 00:00:00,Jan-2027,Leena D.,4.73,4.5,6.5,PASS,1.27,3.5,PASS,95.3,92,PASS,PASS
PHY-1112,BCH-2024-1112,Tapioca Crisps,Line B,2027-01-25 00:00:00,Jan-2027,Sagar A.,5.92,4.5,6.5,PASS,1.95,3.5,PASS,95.0,92,PASS,PASS
PHY-1113,BCH-2024-1113,Jackfruit Chips,Line C,2027-01-26 00:00:00,Jan-2027,Priya S.,5.59,4.5,6.5,PASS,8.91,3.5,FAIL,95.5,92,PASS,FAIL
PHY-1114,BCH-2024-1114,Okra Chips,Line D,2027-01-27 00:00:00,Jan-2027,Anand M.,6.1,4.5,6.5,PASS,1.22,3.5,PASS,97.3,92,PASS,PASS
PHY-1115,BCH-2024-1115,Roasted Corn,Line E,2027-01-30 00:00:00,Jan-2027,Meena R.,5.22,4.5,6.5,PASS,2.45,3.5,PASS,98.5,92,PASS,PASS
PHY-1116,BCH-2024-1116,Chickpea Snacks,Line F,2027-02-01 00:00:00,Jan-2027,Karthik V.,4.6,4.5,6.5,PASS,1.03,3.5,PASS,98.3,92,PASS,PASS
PHY-1117,BCH-2024-1117,Banana Chips,Line A,2027-02-02 00:00:00,Feb-2027,Divya N.,6.17,4.5,6.5,PASS,1.03,3.5,PASS,96.8,92,PASS,PASS
PHY-1118,BCH-2024-1118,Sweet Potato Chips,Line B,2027-02-03 00:00:00,Feb-2027,Suresh B.,5.83,4.5,6.5,PASS,2.57,3.5,PASS,94.6,92,PASS,PASS
PHY-1119,BCH-2024-1119,Masala Peanuts,Line C,2027-02-05 00:00:00,Feb-2027,Leena D.,4.93,4.5,6.5,PASS,7.08,3.5,FAIL,95.5,92,PASS,FAIL
PHY-1120,BCH-2024-1120,Tapioca Crisps,Line D,2027-02-06 00:00:00,Feb-2027,Sagar A.,5.28,4.5,6.5,PASS,2.03,3.5,PASS,96.7,92,PASS,PASS
PHY-1121,BCH-2024-1121,Jackfruit Chips,Line E,2027-02-07 00:00:00,Feb-2027,Priya S.,4.64,4.5,6.5,PASS,3.1,3.5,PASS,95.3,92,PASS,PASS
PHY-1122,BCH-2024-1122,Okra Chips,Line F,2027-02-08 00:00:00,Feb-2027,Anand M.,5.35,4.5,6.5,PASS,1.22,3.5,PASS,98.8,92,PASS,PASS
PHY-1123,BCH-2024-1123,Roasted Corn,Line A,2027-02-11 00:00:00,Feb-2027,Meena R.,5.16,4.5,6.5,PASS,2.29,3.5,PASS,94.2,92,PASS,PASS
PHY-1124,BCH-2024-1124,Chickpea Snacks,Line B,2027-02-12 00:00:00,Feb-2027,Karthik V.,5.2,4.5,6.5,PASS,3.15,3.5,PASS,95.0,92,PASS,PASS
PHY-1125,BCH-2024-1125,Banana Chips,Line C,2027-02-13 00:00:00,Feb-2027,Divya N.,4.58,4.5,6.5,PASS,1.99,3.5,PASS,94.3,92,PASS,PASS
PHY-1126,BCH-2024-1126,Sweet Potato Chips,Line D,2027-02-14 00:00:00,Feb-2027,Suresh B.,5.66,4.5,6.5,PASS,2.32,3.5,PASS,95.3,92,PASS,PASS
PHY-1127,BCH-2024-1127,Masala Peanuts,Line E,2027-02-15 00:00:00,Feb-2027,Leena D.,6.18,4.5,6.5,PASS,2.22,3.5,PASS,97.0,92,PASS,PASS
PHY-1128,BCH-2024-1128,Tapioca Crisps,Line F,2027-02-17 00:00:00,Feb-2027,Sagar A.,5.49,4.5,6.5,PASS,0.92,3.5,PASS,97.2,92,PASS,PASS
PHY-1129,BCH-2024-1129,Jackfruit Chips,Line A,2027-02-18 00:00:00,Feb-2027,Priya S.,5.79,4.5,6.5,PASS,1.57,3.5,PASS,98.4,92,PASS,PASS
PHY-1130,BCH-2024-1130,Okra Chips,Line B,2027-02-19 00:00:00,Feb-2027,Anand M.,5.81,4.5,6.5,PASS,0.91,3.5,PASS,92.7,92,PASS,PASS
PHY-1131,BCH-2024-1131,Roasted Corn,Line C,2027-02-24 00:00:00,Feb-2027,Meena R.,6.01,4.5,6.5,PASS,2.68,3.5,PASS,95.5,92,PASS,PASS
PHY-1132,BCH-2024-1132,Chickpea Snacks,Line D,2027-02-25 00:00:00,Feb-2027,Karthik V.,4.6,4.5,6.5,PASS,2.71,3.5,PASS,93.8,92,PASS,PASS
PHY-1133,BCH-2024-1133,Banana Chips,Line E,2027-02-26 00:00:00,Feb-2027,Divya N.,4.64,4.5,6.5,PASS,2.66,3.5,PASS,92.7,92,PASS,PASS
PHY-1134,BCH-2024-1134,Sweet Potato Chips,Line F,2027-02-27 00:00:00,Feb-2027,Suresh B.,4.56,4.5,6.5,PASS,1.29,3.5,PASS,97.2,92,PASS,PASS
PHY-1135,BCH-2024-1135,Masala Peanuts,Line A,2027-03-01 00:00:00,Feb-2027,Leena D.,5.24,4.5,6.5,PASS,1.36,3.5,PASS,98.1,92,PASS,PASS
PHY-1136,BCH-2024-1136,Tapioca Crisps,Line B,2027-03-04 00:00:00,Mar-2027,Sagar A.,4.73,4.5,6.5,PASS,3.1,3.5,PASS,94.9,92,PASS,PASS
PHY-1137,BCH-2024-1137,Jackfruit Chips,Line C,2027-03-05 00:00:00,Mar-2027,Priya S.,6.3,4.5,6.5,PASS,7.29,3.5,FAIL,95.2,92,PASS,FAIL
PHY-1138,BCH-2024-1138,Okra Chips,Line D,2027-03-06 00:00:00,Mar-2027,Anand M.,5.8,4.5,6.5,PASS,2.12,3.5,PASS,94.1,92,PASS,PASS
PHY-1139,BCH-2024-1139,Roasted Corn,Line E,2027-03-08 00:00:00,Mar-2027,Meena R.,4.61,4.5,6.5,PASS,2.42,3.5,PASS,94.8,92,PASS,PASS
PHY-1140,BCH-2024-1140,Chickpea Snacks,Line F,2027-03-13 00:00:00,Mar-2027,Karthik V.,4.69,4.5,6.5,PASS,2.47,3.5,PASS,96.6,92,PASS,PASS
PHY-1141,BCH-2024-1141,Banana Chips,Line A,2027-03-14 00:00:00,Mar-2027,Divya N.,5.82,4.5,6.5,PASS,2.04,3.5,PASS,94.3,92,PASS,PASS
PHY-1142,BCH-2024-1142,Sweet Potato Chips,Line B,2027-03-15 00:00:00,Mar-2027,Suresh B.,4.84,4.5,6.5,PASS,2.21,3.5,PASS,92.3,92,PASS,PASS
PHY-1143,BCH-2024-1143,Masala Peanuts,Line C,2027-03-16 00:00:00,Mar-2027,Leena D.,5.49,4.5,6.5,PASS,2.05,3.5,PASS,97.1,92,PASS,PASS
PHY-1144,BCH-2024-1144,Tapioca Crisps,Line D,2027-03-17 00:00:00,Mar-2027,Sagar A.,5.16,4.5,6.5,PASS,2.48,3.5,PASS,96.2,92,PASS,PASS
PHY-1145,BCH-2024-1145,Jackfruit Chips,Line E,2027-03-20 00:00:00,Mar-2027,Priya S.,6.12,4.5,6.5,PASS,2.0,3.5,PASS,96.2,92,PASS,PASS
PHY-1146,BCH-2024-1146,Okra Chips,Line F,2027-03-21 00:00:00,Mar-2027,Anand M.,6.02,4.5,6.5,PASS,1.78,3.5,PASS,94.4,92,PASS,PASS
PHY-1147,BCH-2024-1147,Roasted Corn,Line A,2027-03-22 00:00:00,Mar-2027,Meena R.,5.92,4.5,6.5,PASS,1.41,3.5,PASS,93.0,92,PASS,PASS
PHY-1148,BCH-2024-1148,Chickpea Snacks,Line B,2027-03-24 00:00:00,Mar-2027,Karthik V.,6.36,4.5,6.5,PASS,1.33,3.5,PASS,95.4,92,PASS,PASS
PHY-1149,BCH-2024-1149,Banana Chips,Line C,2027-03-25 00:00:00,Mar-2027,Divya N.,5.47,4.5,6.5,PASS,1.19,3.5,PASS,96.3,92,PASS,PASS
PHY-1150,BCH-2024-1150,Sweet Potato Chips,Line D,2027-03-26 00:00:00,Mar-2027,Suresh B.,5.25,4.5,6.5,PASS,1.38,3.5,PASS,90.3,92,FAIL,FAIL
PHY-1151,BCH-2024-1151,Masala Peanuts,Line E,2027-03-28 00:00:00,Mar-2027,Leena D.,5.09,4.5,6.5,PASS,1.84,3.5,PASS,96.5,92,PASS,PASS
PHY-1152,BCH-2024-1152,Tapioca Crisps,Line F,2027-03-29 00:00:00,Mar-2027,Sagar A.,5.88,4.5,6.5,PASS,4.17,3.5,FAIL,93.6,92,PASS,FAIL
PHY-1153,BCH-2024-1153,Jackfruit Chips,Line A,2027-03-30 00:00:00,Mar-2027,Priya S.,5.93,4.5,6.5,PASS,2.31,3.5,PASS,92.3,92,PASS,PASS
PHY-1154,BCH-2024-1154,Okra Chips,Line B,2027-04-04 00:00:00,Apr-2027,Anand M.,4.04,4.5,6.5,FAIL,5.73,3.5,FAIL,99.0,92,PASS,FAIL
PHY-1155,BCH-2024-1155,Roasted Corn,Line C,2027-04-05 00:00:00,Apr-2027,Meena R.,5.67,4.5,6.5,PASS,2.84,3.5,PASS,96.8,92,PASS,PASS
PHY-1156,BCH-2024-1156,Chickpea Snacks,Line D,2027-04-06 00:00:00,Apr-2027,Karthik V.,5.89,4.5,6.5,PASS,1.3,3.5,PASS,94.8,92,PASS,PASS
PHY-1157,BCH-2024-1157,Banana Chips,Line E,2027-04-07 00:00:00,Apr-2027,Divya N.,5.72,4.5,6.5,PASS,3.06,3.5,PASS,97.4,92,PASS,PASS
PHY-1158,BCH-2024-1158,Sweet Potato Chips,Line F,2027-04-09 00:00:00,Apr-2027,Suresh B.,4.84,4.5,6.5,PASS,3.08,3.5,PASS,94.4,92,PASS,PASS
PHY-1159,BCH-2024-1159,Masala Peanuts,Line A,2027-04-11 00:00:00,Apr-2027,Leena D.,5.01,4.5,6.5,PASS,2.35,3.5,PASS,92.5,92,PASS,PASS
PHY-1160,BCH-2024-1160,Tapioca Crisps,Line B,2027-04-14 00:00:00,Apr-2027,Sagar A.,4.86,4.5,6.5,PASS,1.73,3.5,PASS,92.7,92,PASS,PASS
PHY-1161,BCH-2024-1161,Jackfruit Chips,Line C,2027-04-15 00:00:00,Apr-2027,Priya S.,5.42,4.5,6.5,PASS,2.15,3.5,PASS,94.7,92,PASS,PASS
PHY-1162,BCH-2024-1162,Okra Chips,Line D,2027-04-16 00:00:00,Apr-2027,Anand M.,5.4,4.5,6.5,PASS,1.81,3.5,PASS,93.0,92,PASS,PASS
PHY-1163,BCH-2024-1163,Roasted Corn,Line E,2027-04-17 00:00:00,Apr-2027,Meena R.,5.74,4.5,6.5,PASS,2.65,3.5,PASS,93.7,92,PASS,PASS
PHY-1164,BCH-2024-1164,Chickpea Snacks,Line F,2027-04-20 00:00:00,Apr-2027,Karthik V.,6.2,4.5,6.5,PASS,1.87,3.5,PASS,95.6,92,PASS,PASS
PHY-1165,BCH-2024-1165,Banana Chips,Line A,2027-04-27 00:00:00,Apr-2027,Divya N.,4.06,4.5,6.5,FAIL,2.01,3.5,PASS,95.7,92,PASS,FAIL
PHY-1166,BCH-2024-1166,Sweet Potato Chips,Line B,2027-04-29 00:00:00,Apr-2027,Suresh B.,5.26,4.5,6.5,PASS,5.99,3.5,FAIL,94.2,92,PASS,FAIL
PHY-1167,BCH-2024-1167,Masala Peanuts,Line C,2027-04-30 00:00:00,Apr-2027,Leena D.,4.91,4.5,6.5,PASS,2.42,3.5,PASS,93.8,92,PASS,PASS
PHY-1168,BCH-2024-1168,Tapioca Crisps,Line D,2027-05-03 00:00:00,May-2027,Sagar A.,6.09,4.5,6.5,PASS,1.85,3.5,PASS,94.4,92,PASS,PASS
PHY-1169,BCH-2024-1169,Jackfruit Chips,Line E,2027-05-04 00:00:00,May-2027,Priya S.,4.84,4.5,6.5,PASS,4.86,3.5,FAIL,97.8,92,PASS,FAIL
PHY-1170,BCH-2024-1170,Okra Chips,Line F,2027-05-05 00:00:00,May-2027,Anand M.,5.65,4.5,6.5,PASS,2.67,3.5,PASS,94.2,92,PASS,PASS
PHY-1171,BCH-2024-1171,Roasted Corn,Line A,2027-05-06 00:00:00,May-2027,Meena R.,4.73,4.5,6.5,PASS,1.42,3.5,PASS,98.0,92,PASS,PASS
PHY-1172,BCH-2024-1172,Chickpea Snacks,Line B,2027-05-07 00:00:00,May-2027,Karthik V.,6.09,4.5,6.5,PASS,1.14,3.5,PASS,93.4,92,PASS,PASS
PHY-1173,BCH-2024-1173,Banana Chips,Line C,2027-05-08 00:00:00,May-2027,Divya N.,4.25,4.5,6.5,FAIL,2.68,3.5,PASS,92.5,92,PASS,FAIL
PHY-1174,BCH-2024-1174,Sweet Potato Chips,Line D,2027-05-09 00:00:00,May-2027,Suresh B.,5.34,4.5,6.5,PASS,2.01,3.5,PASS,94.4,92,PASS,PASS
PHY-1175,BCH-2024-1175,Masala Peanuts,Line E,2027-05-10 00:00:00,May-2027,Leena D.,5.45,4.5,6.5,PASS,2.36,3.5,PASS,97.5,92,PASS,PASS
PHY-1176,BCH-2024-1176,Tapioca Crisps,Line F,2027-05-12 00:00:00,May-2027,Sagar A.,6.3,4.5,6.5,PASS,1.78,3.5,PASS,95.7,92,PASS,PASS
PHY-1177,BCH-2024-1177,Jackfruit Chips,Line A,2027-05-13 00:00:00,May-2027,Priya S.,4.52,4.5,6.5,PASS,3.05,3.5,PASS,92.9,92,PASS,PASS
PHY-1178,BCH-2024-1178,Okra Chips,Line B,2027-05-15 00:00:00,May-2027,Anand M.,5.4,4.5,6.5,PASS,2.79,3.5,PASS,94.4,92,PASS,PASS
PHY-1179,BCH-2024-1179,Roasted Corn,Line C,2027-05-17 00:00:00,May-2027,Meena R.,3.76,4.5,6.5,FAIL,2.32,3.5,PASS,96.7,92,PASS,FAIL
PHY-1180,BCH-2024-1180,Chickpea Snacks,Line D,2027-05-18 00:00:00,May-2027,Karthik V.,5.81,4.5,6.5,PASS,1.68,3.5,PASS,93.2,92,PASS,PASS
PHY-1181,BCH-2024-1181,Banana Chips,Line E,2027-05-19 00:00:00,May-2027,Divya N.,6.0,4.5,6.5,PASS,2.69,3.5,PASS,97.1,92,PASS,PASS
PHY-1182,BCH-2024-1182,Sweet Potato Chips,Line F,2027-05-20 00:00:00,May-2027,Suresh B.,3.96,4.5,6.5,FAIL,1.07,3.5,PASS,93.1,92,PASS,FAIL
PHY-1183,BCH-2024-1183,Masala Peanuts,Line A,2027-05-21 00:00:00,May-2027,Leena D.,5.11,4.5,6.5,PASS,1.86,3.5,PASS,95.4,92,PASS,PASS
PHY-1184,BCH-2024-1184,Tapioca Crisps,Line B,2027-05-24 00:00:00,May-2027,Sagar A.,3.82,4.5,6.5,FAIL,1.76,3.5,PASS,95.5,92,PASS,FAIL
PHY-1185,BCH-2024-1185,Jackfruit Chips,Line C,2027-05-25 00:00:00,May-2027,Priya S.,5.69,4.5,6.5,PASS,1.26,3.5,PASS,95.7,92,PASS,PASS
PHY-1186,BCH-2024-1186,Okra Chips,Line D,2027-05-26 00:00:00,May-2027,Anand M.,5.83,4.5,6.5,PASS,1.59,3.5,PASS,94.0,92,PASS,PASS
PHY-1187,BCH-2024-1187,Roasted Corn,Line E,2027-05-27 00:00:00,May-2027,Meena R.,5.29,4.5,6.5,PASS,2.35,3.5,PASS,96.2,92,PASS,PASS
PHY-1188,BCH-2024-1188,Chickpea Snacks,Line F,2027-05-28 00:00:00,May-2027,Karthik V.,6.19,4.5,6.5,PASS,1.24,3.5,PASS,96.5,92,PASS,PASS
PHY-1189,BCH-2024-1189,Banana Chips,Line A,2027-06-02 00:00:00,Jun-2027,Divya N.,5.71,4.5,6.5,PASS,1.16,3.5,PASS,96.6,92,PASS,PASS
PHY-1190,BCH-2024-1190,Sweet Potato Chips,Line B,2027-06-04 00:00:00,Jun-2027,Suresh B.,5.55,4.5,6.5,PASS,1.13,3.5,PASS,94.6,92,PASS,PASS
PHY-1191,BCH-2024-1191,Masala Peanuts,Line C,2027-06-09 00:00:00,Jun-2027,Leena D.,6.21,4.5,6.5,PASS,2.18,3.5,PASS,98.7,92,PASS,PASS
PHY-1192,BCH-2024-1192,Tapioca Crisps,Line D,2027-06-10 00:00:00,Jun-2027,Sagar A.,5.35,4.5,6.5,PASS,1.37,3.5,PASS,98.8,92,PASS,PASS
PHY-1193,BCH-2024-1193,Jackfruit Chips,Line E,2027-06-13 00:00:00,Jun-2027,Priya S.,3.83,4.5,6.5,FAIL,3.53,3.5,FAIL,98.6,92,PASS,FAIL
PHY-1194,BCH-2024-1194,Okra Chips,Line F,2027-06-14 00:00:00,Jun-2027,Anand M.,4.62,4.5,6.5,PASS,2.45,3.5,PASS,95.2,92,PASS,PASS
PHY-1195,BCH-2024-1195,Roasted Corn,Line A,2027-06-15 00:00:00,Jun-2027,Meena R.,5.95,4.5,6.5,PASS,2.09,3.5,PASS,98.5,92,PASS,PASS
PHY-1196,BCH-2024-1196,Chickpea Snacks,Line B,2027-06-16 00:00:00,Jun-2027,Karthik V.,5.58,4.5,6.5,PASS,2.12,3.5,PASS,98.3,92,PASS,PASS
PHY-1197,BCH-2024-1197,Banana Chips,Line C,2027-06-17 00:00:00,Jun-2027,Divya N.,5.21,4.5,6.5,PASS,2.78,3.5,PASS,98.1,92,PASS,PASS
PHY-1198,BCH-2024-1198,Sweet Potato Chips,Line D,2027-06-22 00:00:00,Jun-2027,Suresh B.,6.1,4.5,6.5,PASS,2.19,3.5,PASS,92.7,92,PASS,PASS
PHY-1199,BCH-2024-1199,Masala Peanuts,Line E,2027-06-23 00:00:00,Jun-2027,Leena D.,6.23,4.5,6.5,PASS,3.32,3.5,PASS,93.9,92,PASS,PASS
PHY-1200,BCH-2024-1200,Tapioca Crisps,Line F,2027-06-24 00:00:00,Jun-2027,Sagar A.,4.6,4.5,6.5,PASS,1.57,3.5,PASS,99.0,92,PASS,PASS
PHY-1201,BCH-2024-1201,Jackfruit Chips,Line A,2027-06-25 00:00:00,Jun-2027,Priya S.,4.76,4.5,6.5,PASS,1.13,3.5,PASS,93.0,92,PASS,PASS
PHY-1202,BCH-2024-1202,Okra Chips,Line B,2027-06-27 00:00:00,Jun-2027,Anand M.,5.11,4.5,6.5,PASS,2.55,3.5,PASS,93.3,92,PASS,PASS
PHY-1203,BCH-2024-1203,Roasted Corn,Line C,2027-06-29 00:00:00,Jun-2027,Meena R.,6.12,4.5,6.5,PASS,1.45,3.5,PASS,97.5,92,PASS,PASS
PHY-1204,BCH-2024-1204,Chickpea Snacks,Line D,2027-06-30 00:00:00,Jun-2027,Karthik V.,5.14,4.5,6.5,PASS,2.37,3.5,PASS,99.1,92,PASS,PASS
PHY-1205,BCH-2024-1205,Banana Chips,Line E,2027-07-02 00:00:00,Jul-2027,Divya N.,4.09,4.5,6.5,FAIL,2.66,3.5,PASS,95.8,92,PASS,FAIL
PHY-1206,BCH-2024-1206,Sweet Potato Chips,Line F,2027-07-03 00:00:00,Jul-2027,Suresh B.,5.08,4.5,6.5,PASS,3.51,3.5,FAIL,95.4,92,PASS,FAIL
PHY-1207,BCH-2024-1207,Masala Peanuts,Line A,2027-07-04 00:00:00,Jul-2027,Leena D.,6.2,4.5,6.5,PASS,1.68,3.5,PASS,98.1,92,PASS,PASS
PHY-1208,BCH-2024-1208,Tapioca Crisps,Line B,2027-07-05 00:00:00,Jul-2027,Sagar A.,3.22,4.5,6.5,FAIL,4.85,3.5,FAIL,97.5,92,PASS,FAIL
PHY-1209,BCH-2024-1209,Jackfruit Chips,Line C,2027-07-06 00:00:00,Jul-2027,Priya S.,4.62,4.5,6.5,PASS,2.13,3.5,PASS,97.5,92,PASS,PASS
PHY-1210,BCH-2024-1210,Okra Chips,Line D,2027-07-09 00:00:00,Jul-2027,Anand M.,5.05,4.5,6.5,PASS,3.58,3.5,FAIL,92.9,92,PASS,FAIL
PHY-1211,BCH-2024-1211,Roasted Corn,Line E,2027-07-10 00:00:00,Jul-2027,Meena R.,5.8,4.5,6.5,PASS,2.57,3.5,PASS,94.9,92,PASS,PASS
PHY-1212,BCH-2024-1212,Chickpea Snacks,Line F,2027-07-11 00:00:00,Jul-2027,Karthik V.,5.21,4.5,6.5,PASS,3.53,3.5,FAIL,93.7,92,PASS,FAIL
PHY-1213,BCH-2024-1213,Banana Chips,Line A,2027-07-12 00:00:00,Jul-2027,Divya N.,6.31,4.5,6.5,PASS,2.85,3.5,PASS,93.3,92,PASS,PASS
PHY-1214,BCH-2024-1214,Sweet Potato Chips,Line B,2027-07-13 00:00:00,Jul-2027,Suresh B.,4.84,4.5,6.5,PASS,3.26,3.5,PASS,97.0,92,PASS,PASS
PHY-1215,BCH-2024-1215,Masala Peanuts,Line C,2027-07-14 00:00:00,Jul-2027,Leena D.,6.16,4.5,6.5,PASS,1.13,3.5,PASS,93.8,92,PASS,PASS
PHY-1216,BCH-2024-1216,Tapioca Crisps,Line D,2027-07-17 00:00:00,Jul-2027,Sagar A.,5.43,4.5,6.5,PASS,3.57,3.5,FAIL,96.2,92,PASS,FAIL
PHY-1217,BCH-2024-1217,Jackfruit Chips,Line E,2027-07-18 00:00:00,Jul-2027,Priya S.,4.59,4.5,6.5,PASS,3.62,3.5,FAIL,97.5,92,PASS,FAIL
PHY-1218,BCH-2024-1218,Okra Chips,Line F,2027-07-19 00:00:00,Jul-2027,Anand M.,6.06,4.5,6.5,PASS,1.8,3.5,PASS,94.8,92,PASS,PASS
PHY-1219,BCH-2024-1219,Roasted Corn,Line A,2027-07-20 00:00:00,Jul-2027,Meena R.,5.82,4.5,6.5,PASS,6.04,3.5,FAIL,98.8,92,PASS,FAIL
PHY-1220,BCH-2024-1220,Chickpea Snacks,Line B,2027-07-22 00:00:00,Jul-2027,Karthik V.,6.22,4.5,6.5,PASS,3.09,3.5,PASS,95.9,92,PASS,PASS
PHY-1221,BCH-2024-1221,Banana Chips,Line C,2027-07-23 00:00:00,Jul-2027,Divya N.,5.79,4.5,6.5,PASS,2.85,3.5,PASS,95.6,92,PASS,PASS
PHY-1222,BCH-2024-1222,Sweet Potato Chips,Line D,2027-07-25 00:00:00,Jul-2027,Suresh B.,6.03,4.5,6.5,PASS,6.33,3.5,FAIL,98.2,92,PASS,FAIL
PHY-1223,BCH-2024-1223,Masala Peanuts,Line E,2027-07-26 00:00:00,Jul-2027,Leena D.,4.91,4.5,6.5,PASS,1.09,3.5,PASS,92.7,92,PASS,PASS
PHY-1224,BCH-2024-1224,Tapioca Crisps,Line F,2027-07-27 00:00:00,Jul-2027,Sagar A.,4.59,4.5,6.5,PASS,3.24,3.5,PASS,93.6,92,PASS,PASS
PHY-1225,BCH-2024-1225,Jackfruit Chips,Line A,2027-07-29 00:00:00,Jul-2027,Priya S.,5.38,4.5,6.5,PASS,1.45,3.5,PASS,93.7,92,PASS,PASS
PHY-1226,BCH-2024-1226,Okra Chips,Line B,2027-07-31 00:00:00,Jul-2027,Anand M.,5.92,4.5,6.5,PASS,1.7,3.5,PASS,94.7,92,PASS,PASS
PHY-1227,BCH-2024-1227,Roasted Corn,Line C,2027-08-01 00:00:00,Jul-2027,Meena R.,6.34,4.5,6.5,PASS,2.38,3.5,PASS,96.0,92,PASS,PASS
PHY-1228,BCH-2024-1228,Chickpea Snacks,Line D,2027-08-02 00:00:00,Aug-2027,Karthik V.,4.87,4.5,6.5,PASS,4.98,3.5,FAIL,98.8,92,PASS,FAIL
PHY-1229,BCH-2024-1229,Banana Chips,Line E,2027-08-04 00:00:00,Aug-2027,Divya N.,6.16,4.5,6.5,PASS,3.63,3.5,FAIL,97.7,92,PASS,FAIL
PHY-1230,BCH-2024-1230,Sweet Potato Chips,Line F,2027-08-11 00:00:00,Aug-2027,Suresh B.,5.47,4.5,6.5,PASS,3.25,3.5,PASS,93.9,92,PASS,PASS
PHY-1231,BCH-2024-1231,Masala Peanuts,Line A,2027-08-18 00:00:00,Aug-2027,Leena D.,5.05,4.5,6.5,PASS,3.64,3.5,FAIL,98.1,92,PASS,FAIL
PHY-1232,BCH-2024-1232,Tapioca Crisps,Line B,2027-08-19 00:00:00,Aug-2027,Sagar A.,5.38,4.5,6.5,PASS,1.63,3.5,PASS,95.9,92,PASS,PASS
PHY-1233,BCH-2024-1233,Jackfruit Chips,Line C,2027-08-24 00:00:00,Aug-2027,Priya S.,5.01,4.5,6.5,PASS,1.03,3.5,PASS,97.9,92,PASS,PASS
PHY-1234,BCH-2024-1234,Okra Chips,Line D,2027-08-26 00:00:00,Aug-2027,Anand M.,5.13,4.5,6.5,PASS,3.14,3.5,PASS,93.4,92,PASS,PASS
PHY-1235,BCH-2024-1235,Roasted Corn,Line E,2027-08-27 00:00:00,Aug-2027,Meena R.,6.33,4.5,6.5,PASS,3.35,3.5,PASS,98.0,92,PASS,PASS
PHY-1236,BCH-2024-1236,Chickpea Snacks,Line F,2027-08-28 00:00:00,Aug-2027,Karthik V.,6.15,4.5,6.5,PASS,1.02,3.5,PASS,92.4,92,PASS,PASS
PHY-1237,BCH-2024-1237,Banana Chips,Line A,2027-08-29 00:00:00,Aug-2027,Divya N.,6.08,4.5,6.5,PASS,2.16,3.5,PASS,96.8,92,PASS,PASS
PHY-1238,BCH-2024-1238,Sweet Potato Chips,Line B,2027-08-31 00:00:00,Aug-2027,Suresh B.,5.34,4.5,6.5,PASS,2.67,3.5,PASS,92.5,92,PASS,PASS
PHY-1239,BCH-2024-1239,Masala Peanuts,Line C,2027-09-05 00:00:00,Sep-2027,Leena D.,5.59,4.5,6.5,PASS,1.15,3.5,PASS,95.0,92,PASS,PASS
PHY-1240,BCH-2024-1240,Tapioca Crisps,Line D,2027-09-06 00:00:00,Sep-2027,Sagar A.,4.69,4.5,6.5,PASS,2.43,3.5,PASS,94.4,92,PASS,PASS
PHY-1241,BCH-2024-1241,Jackfruit Chips,Line E,2027-09-07 00:00:00,Sep-2027,Priya S.,4.94,4.5,6.5,PASS,3.51,3.5,FAIL,92.7,92,PASS,FAIL
PHY-1242,BCH-2024-1242,Okra Chips,Line F,2027-09-08 00:00:00,Sep-2027,Anand M.,6.18,4.5,6.5,PASS,3.16,3.5,PASS,96.6,92,PASS,PASS
PHY-1243,BCH-2024-1243,Roasted Corn,Line A,2027-09-13 00:00:00,Sep-2027,Meena R.,4.73,4.5,6.5,PASS,2.47,3.5,PASS,97.0,92,PASS,PASS
PHY-1244,BCH-2024-1244,Chickpea Snacks,Line B,2027-09-14 00:00:00,Sep-2027,Karthik V.,5.34,4.5,6.5,PASS,1.12,3.5,PASS,98.3,92,PASS,PASS
PHY-1245,BCH-2024-1245,Banana Chips,Line C,2027-09-16 00:00:00,Sep-2027,Divya N.,5.19,4.5,6.5,PASS,1.03,3.5,PASS,97.3,92,PASS,PASS
PHY-1246,BCH-2024-1246,Sweet Potato Chips,Line D,2027-09-17 00:00:00,Sep-2027,Suresh B.,4.86,4.5,6.5,PASS,4.32,3.5,FAIL,92.1,92,PASS,FAIL
PHY-1247,BCH-2024-1247,Masala Peanuts,Line E,2027-09-18 00:00:00,Sep-2027,Leena D.,5.91,4.5,6.5,PASS,1.47,3.5,PASS,90.7,92,FAIL,FAIL
PHY-1248,BCH-2024-1248,Tapioca Crisps,Line F,2027-09-19 00:00:00,Sep-2027,Sagar A.,4.65,4.5,6.5,PASS,1.41,3.5,PASS,97.6,92,PASS,PASS
PHY-1249,BCH-2024-1249,Jackfruit Chips,Line A,2027-09-20 00:00:00,Sep-2027,Priya S.,5.15,4.5,6.5,PASS,3.36,3.5,PASS,95.6,92,PASS,PASS
PHY-1250,BCH-2024-1250,Okra Chips,Line B,2027-09-21 00:00:00,Sep-2027,Anand M.,6.14,4.5,6.5,PASS,1.92,3.5,PASS,93.2,92,PASS,PASS
